T_MAPCODE,I_Color_1,T_Name,T_BIOME,T_BIOMEID,T_BIOREGION,T_BRGNID,T_SUBTYPNM,T_SUBTYPECD,T_Plygn_Srce,T_CHNGE_VER,T_CHANGE_REF,T_Cntrbtor_Main,T_CNSRV_TRGT,T_Crssrlm,T_CstalPolygn,T_Epoch_extent,Shape_Length,Shape_Area,Historic_area_km2
AT15,AT15,Albany Arid Thicket,Albany Thicket,3.0,Albany Thicket,20.0,0,0,Adapted from previous vegetation maps,NVM2018,"NVMC 2017 (STEP integration team: Cowling, R., Grobler, A., Potts, A., Skowno, A. and Vlok, J.)","Cowling R,Grobler A,Potts A, Skowno A,Vlok J",19.0,0,,,73708.7959645162,14600386.7088999,14.600386708899963
AT16,AT16,Albany Bontveld,Albany Thicket,3.0,Albany Thicket,20.0,0,0,Adapted from previous vegetation maps,NVM2018,"NVMC 2017 (STEP integration team: Cowling, R., Grobler, A., Potts, A., Skowno, A. and Vlok, J.)","Cowling R,Grobler A,Potts A, Skowno A,Vlok J",19.0,0,,,16725.746905582124,8562532.024423968,53.77146048961103
AT17,AT17,Albany Mesic Thicket,Albany Thicket,3.0,Albany Thicket,20.0,0,0,Adapted from previous vegetation maps,NVM2018,"NVMC 2017 (STEP integration team: Cowling, R., Grobler, A., Potts, A., Skowno, A. and Vlok, J.)","Cowling R,Grobler A,Potts A, Skowno A,Vlok J",19.0,0,Coastal Polygon,,3956.6064814449082,281253.06346946186,729.2006053209144
AT18,AT18,Albany Valley Thicket,Albany Thicket,3.0,Albany Thicket,20.0,0,0,Adapted from previous vegetation maps,NVM2018,"NVMC 2017 (STEP integration team: Cowling, R., Grobler, A., Potts, A., Skowno, A. and Vlok, J.)","Cowling R,Grobler A,Potts A, Skowno A,Vlok J",19.0,0,Coastal Polygon,,34992.94340626926,16394569.768271005,1175.6957952026753
AT19,AT19,Baviaans Valley Thicket,Albany Thicket,3.0,Albany Thicket,20.0,0,0,Adapted from previous vegetation maps,NVM2018,"NVMC 2017 (STEP integration team: Cowling, R., Grobler, A., Potts, A., Skowno, A. and Vlok, J.)","Cowling R,Grobler A,Potts A, Skowno A,Vlok J",19.0,0,,,43125.12690843646,8545098.950054701,1077.9250187935008
AT20,AT20,Bethelsdorp Bontveld,Albany Thicket,3.0,Albany Thicket,20.0,0,0,Adapted from previous vegetation maps,NVM2018,"NVMC 2017 (STEP integration team: Cowling, R., Grobler, A., Potts, A., Skowno, A. and Vlok, J.)","Cowling R,Grobler A,Potts A, Skowno A,Vlok J",19.0,0,Coastal Polygon,,28373.96770432155,4264643.642983735,35.51550331836656
AT21,AT21,Buffels Mesic Thicket,Albany Thicket,3.0,Albany Thicket,20.0,0,0,Adapted from previous vegetation maps,NVM2018,"NVMC 2017 (STEP integration team: Cowling, R., Grobler, A., Potts, A., Skowno, A. and Vlok, J.)","Cowling R,Grobler A,Potts A, Skowno A,Vlok J",19.0,0,,,6605.844502869578,538199.9925171989,386.3284256188743
AT22,AT22,Buffels Valley Thicket,Albany Thicket,3.0,Albany Thicket,20.0,0,0,Adapted from previous vegetation maps,NVM2018,"NVMC 2017 (STEP integration team: Cowling, R., Grobler, A., Potts, A., Skowno, A. and Vlok, J.)","Cowling R,Grobler A,Potts A, Skowno A,Vlok J",19.0,0,,,177.6275264636049,844.2204402041503,215.45158849999814
AT23,AT23,Crossroads Grassland Thicket,Albany Thicket,3.0,Albany Thicket,20.0,0,0,Adapted from previous vegetation maps,NVM2018,"NVMC 2017 (STEP integration team: Cowling, R., Grobler, A., Potts, A., Skowno, A. and Vlok, J.)","Cowling R,Grobler A,Potts A, Skowno A,Vlok J",19.0,0,,,164226.06908906516,179460150.77006733,311.18330703673655
AT24,AT24,Doubledrift Karroid Thicket,Albany Thicket,3.0,Albany Thicket,20.0,0,0,Adapted from previous vegetation maps,NVM2018,"NVMC 2017 (STEP integration team: Cowling, R., Grobler, A., Potts, A., Skowno, A. and Vlok, J.)","Cowling R,Grobler A,Potts A, Skowno A,Vlok J",19.0,0,Coastal Polygon,,329.2429303662351,3897.3944781534865,2976.058014449776
AT25,AT25,Eastern Gwarrieveld,Albany Thicket,3.0,Albany Thicket,20.0,Groot Gwarrieveld,AT25.1,Adapted from previous vegetation maps,NVM2018,"NVMC 2017 (STEP integration team: Cowling, R., Grobler, A., Potts, A., Skowno, A. and Vlok, J.)","Cowling R,Grobler A,Potts A, Skowno A,Vlok J",19.0,0,,,18562.03133318178,13774333.54999365,2129.0073737079333
AT26,AT26,Elands Forest Thicket,Albany Thicket,3.0,Albany Thicket,20.0,0,0,Adapted from previous vegetation maps,NVM2018,"NVMC 2017 (STEP integration team: Cowling, R., Grobler, A., Potts, A., Skowno, A. and Vlok, J.)","Cowling R,Grobler A,Potts A, Skowno A,Vlok J",19.0,0,Coastal Polygon,,2279.2915939445784,165695.6978644816,40.47171868776444
AT27,AT27,Escarpment Arid Thicket,Albany Thicket,3.0,Albany Thicket,20.0,0,0,Adapted from previous vegetation maps,NVM2018,"NVMC 2017 (STEP integration team: Cowling, R., Grobler, A., Potts, A., Skowno, A. and Vlok, J.)","Cowling R,Grobler A,Potts A, Skowno A,Vlok J",19.0,0,,,132607.9166399582,106613129.3994519,1239.9315258910776
AT28,AT28,Escarpment Mesic Thicket,Albany Thicket,3.0,Albany Thicket,20.0,0,0,Adapted from previous vegetation maps,NVM2018,"NVMC 2017 (STEP integration team: Cowling, R., Grobler, A., Potts, A., Skowno, A. and Vlok, J.)","Cowling R,Grobler A,Potts A, Skowno A,Vlok J",19.0,0,,,40060.995793937975,10192364.440174168,1030.4632108123508
AT29,AT29,Escarpment Valley Thicket,Albany Thicket,3.0,Albany Thicket,20.0,0,0,Adapted from previous vegetation maps,NVM2018,"NVMC 2017 (STEP integration team: Cowling, R., Grobler, A., Potts, A., Skowno, A. and Vlok, J.)","Cowling R,Grobler A,Potts A, Skowno A,Vlok J",19.0,0,,,10880.848197495265,3798841.670965651,784.611472082156
AT30,AT30,Fish Arid Thicket,Albany Thicket,3.0,Albany Thicket,20.0,0,0,Adapted from previous vegetation maps,NVM2018,"NVMC 2017 (STEP integration team: Cowling, R., Grobler, A., Potts, A., Skowno, A. and Vlok, J.)","Cowling R,Grobler A,Potts A, Skowno A,Vlok J",19.0,0,,,199389.43898725678,674038156.8852905,674.0381568852897
AT31,AT31,Fish Mesic Thicket,Albany Thicket,3.0,Albany Thicket,20.0,0,0,Adapted from previous vegetation maps,NVM2018,"NVMC 2017 (STEP integration team: Cowling, R., Grobler, A., Potts, A., Skowno, A. and Vlok, J.)","Cowling R,Grobler A,Potts A, Skowno A,Vlok J",19.0,0,,,917.4271086550747,10566.453206093907,240.84420505932977
AT32,AT32,Fish Valley Thicket,Albany Thicket,3.0,Albany Thicket,20.0,0,0,Adapted from previous vegetation maps,NVM2018,"NVMC 2017 (STEP integration team: Cowling, R., Grobler, A., Potts, A., Skowno, A. and Vlok, J.)","Cowling R,Grobler A,Potts A, Skowno A,Vlok J",19.0,0,,,102390.99080073013,328547188.74129075,3596.227354115124
AT33,AT33,Gamka Arid Thicket,Albany Thicket,3.0,Albany Thicket,20.0,0,0,Adapted from previous vegetation maps,NVM2018,"NVMC 2017 (STEP integration team: Cowling, R., Grobler, A., Potts, A., Skowno, A. and Vlok, J.)","Cowling R,Grobler A,Potts A, Skowno A,Vlok J",19.0,0,,,100077.14860293573,147674431.50445956,491.83243806336577
AT34,AT34,Gamka Valley Thicket,Albany Thicket,3.0,Albany Thicket,20.0,0,0,Adapted from previous vegetation maps,NVM2018,"NVMC 2017 (STEP integration team: Cowling, R., Grobler, A., Potts, A., Skowno, A. and Vlok, J.)","Cowling R,Grobler A,Potts A, Skowno A,Vlok J",19.0,0,,,3336.81172724122,342734.66894989955,167.5289448337637
AT35,AT35,Geluk Grassland Thicket,Albany Thicket,3.0,Albany Thicket,20.0,0,0,Adapted from previous vegetation maps,NVM2018,"NVMC 2017 (STEP integration team: Cowling, R., Grobler, A., Potts, A., Skowno, A. and Vlok, J.)","Cowling R,Grobler A,Potts A, Skowno A,Vlok J",19.0,0,,,34359.09938380679,8197626.979550946,30.151652470483814
AT36,AT36,Goukamma Dune Thicket,Albany Thicket,3.0,Albany Thicket,20.0,0,0,Adapted from previous vegetation maps,NVM2018,"NVMC 2017 (STEP integration team: Cowling, R., Grobler, A., Potts, A., Skowno, A. and Vlok, J.)","Cowling R,Grobler A,Potts A, Skowno A,Vlok J",19.0,0,Coastal Polygon,,6104.4002692817,1074382.2294042006,51.41257858235807
AT37,AT37,Gouritz Valley Thicket,Albany Thicket,3.0,Albany Thicket,20.0,0,0,Adapted from previous vegetation maps,NVM2018,"NVMC 2017 (STEP integration team: Cowling, R., Grobler, A., Potts, A., Skowno, A. and Vlok, J.)","Cowling R,Grobler A,Potts A, Skowno A,Vlok J",19.0,0,Coastal Polygon,,1128.125400649392,24009.580526985643,176.66014487674775
AT38,AT38,Grahamstown Grassland Thicket,Albany Thicket,3.0,Albany Thicket,20.0,0,0,Adapted from previous vegetation maps,NVM2018,"NVMC 2017 (STEP integration team: Cowling, R., Grobler, A., Potts, A., Skowno, A. and Vlok, J.)","Cowling R,Grobler A,Potts A, Skowno A,Vlok J",19.0,0,,,230660.63075225102,83204544.02377705,1290.833082153763
AT39,AT39,Grassridge Bontveld,Albany Thicket,3.0,Albany Thicket,20.0,0,0,Adapted from previous vegetation maps,NVM2018,"NVMC 2017 (STEP integration team: Cowling, R., Grobler, A., Potts, A., Skowno, A. and Vlok, J.)","Cowling R,Grobler A,Potts A, Skowno A,Vlok J",19.0,0,Coastal Polygon,,30817.901805202357,31145003.986500613,245.84631507964724
AT40,AT40,Hartenbos Dune Thicket,Albany Thicket,3.0,Albany Thicket,20.0,0,0,Adapted from previous vegetation maps,NVM2018,"NVMC 2017 (STEP integration team: Cowling, R., Grobler, A., Potts, A., Skowno, A. and Vlok, J.)","Cowling R,Grobler A,Potts A, Skowno A,Vlok J",19.0,0,Coastal Polygon,,621.5565047710737,22165.554042708063,596.3186650004218
AT41,AT41,Kasouga Dune Thicket,Albany Thicket,3.0,Albany Thicket,20.0,0,0,Adapted from previous vegetation maps,NVM2018,"NVMC 2017 (STEP integration team: Cowling, R., Grobler, A., Potts, A., Skowno, A. and Vlok, J.)","Cowling R,Grobler A,Potts A, Skowno A,Vlok J",19.0,0,Coastal Polygon,,3380.6202470115195,291802.3608528267,307.5190380867969
AT42,AT42,Koedoeskloof Karroid Thicket,Albany Thicket,3.0,Albany Thicket,20.0,0,0,Adapted from previous vegetation maps,NVM2018,"NVMC 2017 (STEP integration team: Cowling, R., Grobler, A., Potts, A., Skowno, A. and Vlok, J.)","Cowling R,Grobler A,Potts A, Skowno A,Vlok J",19.0,0,,,63309.84697088548,28998376.719835028,59.86184709978006
AT43,AT43,Mons Ruber Fynbos Thicket,Albany Thicket,3.0,Albany Thicket,20.0,0,0,Adapted from previous vegetation maps,NVM2018,"NVMC 2017 (STEP integration team: Cowling, R., Grobler, A., Potts, A., Skowno, A. and Vlok, J.)","Cowling R,Grobler A,Potts A, Skowno A,Vlok J",19.0,0,,,12820.46391400363,6410271.336443704,286.1954784060971
AT44,AT44,Motherwell Karroid Thicket,Albany Thicket,3.0,Albany Thicket,20.0,0,0,Adapted from previous vegetation maps,NVM2018,"NVMC 2017 (STEP integration team: Cowling, R., Grobler, A., Potts, A., Skowno, A. and Vlok, J.)","Cowling R,Grobler A,Potts A, Skowno A,Vlok J",19.0,0,Coastal Polygon,,134236.49360458172,112764332.75240634,163.45463669774142
AT45,AT45,Nanaga Savanna Thicket,Albany Thicket,3.0,Albany Thicket,20.0,0,0,Adapted from previous vegetation maps,NVM2018,"NVMC 2017 (STEP integration team: Cowling, R., Grobler, A., Potts, A., Skowno, A. and Vlok, J.)","Cowling R,Grobler A,Potts A, Skowno A,Vlok J",19.0,0,,,200.60280024455614,1615.3825153219652,697.023174850877
AT46,AT46,Oudtshoorn Karroid Thicket,Albany Thicket,3.0,Albany Thicket,20.0,0,0,Adapted from previous vegetation maps,NVM2018,"NVMC 2017 (STEP integration team: Cowling, R., Grobler, A., Potts, A., Skowno, A. and Vlok, J.)","Cowling R,Grobler A,Potts A, Skowno A,Vlok J",19.0,0,,,304396.3572200927,292372839.8282514,571.9000219981854
AT47,AT47,Saltaire Karroid Thicket,Albany Thicket,3.0,Albany Thicket,20.0,0,0,Adapted from previous vegetation maps,NVM2018,"NVMC 2017 (STEP integration team: Cowling, R., Grobler, A., Potts, A., Skowno, A. and Vlok, J.)","Cowling R,Grobler A,Potts A, Skowno A,Vlok J",19.0,0,,,157707.6051532739,107733934.57652768,910.5478920364172
AT48,AT48,Sardinia Forest Thicket,Albany Thicket,3.0,Albany Thicket,20.0,0,0,Adapted from previous vegetation maps,NVM2018,"NVMC 2017 (STEP integration team: Cowling, R., Grobler, A., Potts, A., Skowno, A. and Vlok, J.)","Cowling R,Grobler A,Potts A, Skowno A,Vlok J",19.0,0,Coastal Polygon,,41499.82642256314,20364317.206897575,20.364317206897567
AT49,AT49,Sundays Arid Thicket,Albany Thicket,3.0,Albany Thicket,20.0,Sundays Arid Thicket,AT49.1,Adapted from previous vegetation maps,NVM2018,"NVMC 2017 (STEP integration team: Cowling, R., Grobler, A., Potts, A., Skowno, A. and Vlok, J.)","Cowling R,Grobler A,Potts A, Skowno A,Vlok J",19.0,0,,,5373.498347301095,1422226.6134143844,5647.057002484164
AT50,AT50,Sundays Mesic Thicket,Albany Thicket,3.0,Albany Thicket,20.0,0,0,Adapted from previous vegetation maps,NVM2018,"NVMC 2017 (STEP integration team: Cowling, R., Grobler, A., Potts, A., Skowno, A. and Vlok, J.)","Cowling R,Grobler A,Potts A, Skowno A,Vlok J",19.0,0,<Null>,,1481.7205415310511,61187.38493069675,577.5555104879619
AT51,AT51,Sundays Valley Thicket,Albany Thicket,3.0,Albany Thicket,20.0,0,0,Adapted from previous vegetation maps,NVM2018,"NVMC 2017 (STEP integration team: Cowling, R., Grobler, A., Potts, A., Skowno, A. and Vlok, J.)","Cowling R,Grobler A,Potts A, Skowno A,Vlok J",19.0,0,<Null>,,20517.980334291897,4494804.771869703,1963.4073049036938
AT52,AT52,Thorndale Forest Thicket,Albany Thicket,3.0,Albany Thicket,20.0,0,0,Adapted from previous vegetation maps,NVM2018,"NVMC 2017 (STEP integration team: Cowling, R., Grobler, A., Potts, A., Skowno, A. and Vlok, J.)","Cowling R,Grobler A,Potts A, Skowno A,Vlok J",19.0,0,,,61806.71032706664,43593561.15250978,43.593561152509814
AT53,AT53,Umtiza Forest Thicket,Albany Thicket,3.0,Albany Thicket,20.0,0,0,Adapted from previous vegetation maps,NVM2018,"NVMC 2017 (STEP integration team: Cowling, R., Grobler, A., Potts, A., Skowno, A. and Vlok, J.)","Cowling R,Grobler A,Potts A, Skowno A,Vlok J",19.0,0,Coastal Polygon,,420.405271287088,837.8759765418686,27.107372527809343
AT54,AT54,Vanstadens Forest Thicket,Albany Thicket,3.0,Albany Thicket,20.0,0,0,Adapted from previous vegetation maps,NVM2018,"NVMC 2017 (STEP integration team: Cowling, R., Grobler, A., Potts, A., Skowno, A. and Vlok, J.)","Cowling R,Grobler A,Potts A, Skowno A,Vlok J",19.0,0,Coastal Polygon,,153846.12675124969,59731381.95219317,187.76796016619443
AT55,AT55,Western Gwarrieveld,Albany Thicket,3.0,Albany Thicket,20.0,0,0,Adapted from previous vegetation maps,NVM2018,"NVMC 2017 (STEP integration team: Cowling, R., Grobler, A., Potts, A., Skowno, A. and Vlok, J.)","Cowling R,Grobler A,Potts A, Skowno A,Vlok J",19.0,0,,,21820.044232237276,10510036.232749077,760.3732893627083
AT56,AT56,Hamburg Dune Thicket,Albany Thicket,3.0,Albany Thicket,20.0,0,0,Adapted from previous vegetation maps,NVM2018,"NVMC 2017 (STEP integration team: Cowling, R., Grobler, A., Potts, A., Skowno, A. and Vlok, J.)","Cowling R,Grobler A,Potts A, Skowno A,Vlok J",19.0,0,Coastal Polygon,,387.6851067253946,6918.020468248653,701.6310356700734
AT57,AT57,St Francis Dune Thicket,Albany Thicket,3.0,Albany Thicket,20.0,0,0,Adapted from previous vegetation maps,NVM2018,"NVMC 2017 (STEP integration team: Cowling, R., Grobler, A., Potts, A., Skowno, A. and Vlok, J.)","Cowling R,Grobler A,Potts A, Skowno A,Vlok J",19.0,0,Coastal Polygon,,17204.23352311045,1843227.7341376743,137.04711557875387
AT58,AT58,Willowmore Gwarrieveld,Albany Thicket,3.0,Albany Thicket,20.0,0,0,Adapted from previous vegetation maps,NVM2018,"NVMC 2017 (STEP integration team: Cowling, R., Grobler, A., Potts, A., Skowno, A. and Vlok, J.)","Cowling R,Grobler A,Potts A, Skowno A,Vlok J",19.0,0,,,684.3705307588543,18558.318535880015,2252.312127671085
AZa1,AZa1,Fynbos Riparian Vegetation,Azonal Vegetation,11.0,Alluvial Vegetation,23.0,0,0,Some field verification,NVM2009,Helme (2007) WC,Nick Helme,31.0,0,,,51044.20012461724,2931760.4256769284,18.706823566147857
AZa2,AZa2,Cape Lowland Alluvial Vegetation,Azonal Vegetation,11.0,Alluvial Vegetation,23.0,0,0,Some field verification,NVM2006,VegMap 2006,Ladislav Mucina,31.0,0,Coastal Polygon,,3385.9752340616074,288081.9605702318,350.8098427316683
AZa3,AZa3,Lower Gariep Alluvial Vegetation,Azonal Vegetation,11.0,Alluvial Vegetation,23.0,0,0,Some field verification,NVM2018,Desmet_2017,Philip Desmet,31.0,0,,,1252917.5608347852,312569048.47084296,870.8014508303747
AZa4,AZa4,Upper Gariep Alluvial Vegetation,Azonal Vegetation,11.0,Alluvial Vegetation,23.0,0,0,Some field verification,NVM2006,VegMap 2006,Ladislav Mucina,31.0,0,,,56545.924252390425,10613605.194026103,1787.3266621655264
AZa5,AZa5,Highveld Alluvial Vegetation,Azonal Vegetation,11.0,Alluvial Vegetation,23.0,0,0,Land Types,NVM2006,VegMap 2006,Ladislav Mucina,31.0,0,,,526427.8916712654,650686266.2024252,3235.181301710223
AZa6,AZa6,Albany Alluvial Vegetation,Azonal Vegetation,11.0,Alluvial Vegetation,23.0,0,0,Adapted from previous maps,NVM2006,VegMap 2006,Jan Vlok,31.0,0,,,3513.0060485973127,210789.72330623784,653.4287309214868
AZa7,AZa7,Subtropical Alluvial Vegetation,Azonal Vegetation,11.0,Alluvial Vegetation,23.0,0,0,Not captured,NVM2012,Scott-Shaw & Escott (2011),Rob Scott Shaw and Boyd Escott,31.0,0,Coastal Polygon,,289.91289219758545,4385.107084384388,1286.6642311889636
AZd1,AZd1,Namib Seashore Vegetation,Azonal Vegetation,11.0,Seashore Vegetation,32.0,0,0,Digitised from satellite imagery,NVM2018,NVMC 2017 (Digitised Linda Harris),Linda Harris,26.0,National Coastal Map (Foredunes),Coastal Polygon,,3783.4828669370104,194094.0215632461,6.440864703003698
AZd2,AZd2,Namaqualand Seashore Vegetation,Azonal Vegetation,11.0,Seashore Vegetation,32.0,0,0,Digitised from satellite imagery,NVM2018,NVMC 2017 (Digitised Linda Harris),Linda Harris,26.0,National Coastal Map (Foredunes),Coastal Polygon,,62.42923405856224,40.72317444960139,13.214742019264895
AZd3,AZd3,Cape Seashore Vegetation,Azonal Vegetation,11.0,Seashore Vegetation,32.0,0,0,Digitised from satellite imagery,NVM2018,NVMC 2017 (Digitised Anisha Dayaram),Anisha Dayaram,20.0,National Coastal Map (Foredunes),Coastal Polygon,,1764.2047841942638,26669.850742539387,220.274979184742
AZd4,AZd4,Subtropical Seashore Vegetation,Azonal Vegetation,11.0,Seashore Vegetation,32.0,0,0,Digitised from satellite imagery,NVM2018,NVMC 2017 (Digitised Linda Harris),Linda Harris,20.0,National Coastal Map (Foredunes),Coastal Polygon,,33.382772799307055,29.625353198362582,28.114043965580176
AZi1,AZi1,Namaqualand Riviere,Azonal Vegetation,11.0,Inland Saline Vegetation,28.0,0,0,Some field verification,NVM2018,Desmet & Helme (2010)_WCDM,Philip Desmet,24.0,0,Coastal Polygon,,1563.694800967205,49905.20664558776,1363.8431088006648
AZi3,AZi3,Southern Kalahari Mekgacha,Azonal Vegetation,11.0,Inland Saline Vegetation,28.0,0,0,Some field verification,NVM2006,VegMap 2006,Ladislav Mucina,24.0,0,,,13663.790567262498,954821.0151583347,1937.1752472395463
AZi5,AZi5,Bushmanland Vloere,Azonal Vegetation,11.0,Inland Saline Vegetation,28.0,0,0,Some field verification,NVM2018,Desmet & Helme (2010)_WCDM,Philip Desmet,24.0,0,,,16902.859288046107,1575464.1989375406,5176.933253690584
AZi6,AZi6,Southern Karoo Riviere,Azonal Vegetation,11.0,Inland Saline Vegetation,28.0,0,0,Some field verification,NVM2006,VegMap 2006,Ladislav Mucina,24.0,0,,,83168.01945095412,26717830.113161724,5302.948953341169
AZi7,AZi7,Tanqua Wash Riviere,Azonal Vegetation,11.0,Inland Saline Vegetation,28.0,0,0,Some field verification,NVM2006,VegMap 2006,Ladislav Mucina,19.0,0,,,4419.387269920423,543566.1824456287,2130.079627665956
AZi8,AZi8,Muscadel Riviere,Azonal Vegetation,11.0,Inland Saline Vegetation,28.0,0,0,Adapted from previous maps,NVM2006,VegMap 2006,Jan Vlok,16.0,0,,,240956.31996601314,77633017.86678934,407.22907097149215
AZs3,AZs3,Subtropical Dune Thicket,Azonal Vegetation,11.0,Eastern Strandveld,5.0,0,0,Some field verification,NVM2006,VegMap 2006,Ladislav Mucina,20.0,0,Coastal Polygon,,1228.3996706969706,18941.992616522944,12.975516672825945
CB1,ST2,Maputaland Coastal Belt,Indian Ocean Coastal Belt,16.0,Indian Ocean Coastal Belt,15.0,,,NMU Habitats (2018),NVM2024,NVMC 2024 (Anisha Dayaram),NMU habitat team,25.0,National Estuary Map (Terrestrial vegetation within EFZ),Coastal Polygon,,140.29093630931584,1125.828828342037,2355.7040631346586
CB2,CB2,Maputaland Wooded Grassland,Indian Ocean Coastal Belt,16.0,Indian Ocean Coastal Belt,15.0,0,0,Not captured,NVM2012,Scott-Shaw & Escott (2011),Rob Scott Shaw and Boyd Escott,25.0,0,Coastal Polygon,,520557.2942483193,318957341.4252044,1122.1042352407692
CB3,CB3,KwaZulu-Natal Coastal Belt Grassland,Indian Ocean Coastal Belt,16.0,Indian Ocean Coastal Belt,15.0,0,0,Digitised from satellite imagery,NVM2012,Scott-Shaw & Escott (2011),Rob Scott Shaw and Boyd Escott,25.0,0,Coastal Polygon,,377.2876101768106,1672.4791886364146,4141.802489927238
CB4,CB4,Pondoland-Ugu Sandstone Coastal Sourveld,Indian Ocean Coastal Belt,16.0,Indian Ocean Coastal Belt,15.0,0,0,Not captured,NVM2012,Scott-Shaw & Escott (2011),Rob Scott Shaw and Boyd Escott,25.0,0,Coastal Polygon,,161.48673510245163,1107.7938455515557,1299.905532186387
CB5,CB5,Transkei Coastal Belt,Indian Ocean Coastal Belt,16.0,Indian Ocean Coastal Belt,15.0,0,0,Digitised from satellite imagery,NVM2018,"NVMC 2017 (Digitised, Keneilwe Hlahane, ed. Anisha Dayaram & Donovan Kirkwood)",Keneilwe Hlahane,25.0,0,Coastal Polygon,,30.783640078941914,2.572045767644139,1650.3916386728993
CB6,CB6,KwaZulu-Natal Coastal Belt Thornveld,Indian Ocean Coastal Belt,16.0,Indian Ocean Coastal Belt,15.0,0,0,Not captured,NVM2012,Scott-Shaw & Escott (2011),Rob Scott Shaw and Boyd Escott,25.0,0,,,3404.5755171395353,351491.3855488267,1121.1901362896713
Dg1,Dg1,Noms Mountain Desert,Desert,1.0,Gariep Desert Bioregion,18.0,0,0,Digitised from satellite imagery,NVM2006,VegMap 2006,Norbert Jurgens,34.0,0,,,144146.5456441276,335925454.99307907,335.92545499307914
Dg10,Dg10,Eastern Gariep Rocky Desert,Desert,1.0,Gariep Desert Bioregion,18.0,0,0,Some field verification,NVM2018,Desmet et al (2005)_BCI,Philip Desmet,34.0,0,,,1632.6449242972042,141511.24516812782,2094.716323154337
Dg2,Dg2,Richtersberg Mountain Desert,Desert,1.0,Gariep Desert Bioregion,18.0,0,0,Digitised from satellite imagery,NVM2006,VegMap 2006,Norbert Jurgens,34.0,0,,,16769.291750812677,8831306.898778854,361.42885107329386
Dg3,Dg3,Richtersveld Sheet Wash Desert,Desert,1.0,Gariep Desert Bioregion,18.0,0,0,Digitised from satellite imagery,NVM2006,VegMap 2006,Norbert Jurgens,34.0,0,,,28055.762550049767,13967382.581320425,160.0704547090846
Dg4,Dg4,Kwaggarug Mountain Desert,Desert,1.0,Gariep Desert Bioregion,18.0,0,0,Digitised from satellite imagery,NVM2006,VegMap 2006,Norbert Jurgens,34.0,0,,,77356.69128466153,107805816.83888112,107.80581683888111
Dg5,Dg5,Kahams Mountain Desert,Desert,1.0,Gariep Desert Bioregion,18.0,0,0,Digitised from satellite imagery,NVM2006,VegMap 2006,Norbert Jurgens,34.0,0,,,189482.04275227332,592282746.6530478,592.2827466530473
Dg6,Dg6,Helskloof Canyon Desert,Desert,1.0,Gariep Desert Bioregion,18.0,0,0,Digitised from satellite imagery,NVM2006,VegMap 2006,Norbert Jurgens,34.0,0,,,20119.490959195522,8224909.08870684,8.22490908870684
Dg7,Dg7,Northern Nababiepsberge Mountain Desert,Desert,1.0,Gariep Desert Bioregion,18.0,0,0,Digitised from satellite imagery,NVM2006,VegMap 2006,Norbert Jurgens,34.0,0,,,85196.12249955464,247010408.7319836,247.01040873198363
Dg8,Dg8,Southern Nababiepsberge Mountain Desert,Desert,1.0,Gariep Desert Bioregion,18.0,0,0,Digitised from satellite imagery,NVM2006,VegMap 2006,Norbert Jurgens,34.0,0,,,144912.05490199386,343199261.23943686,343.19926123943685
Dg9,Dg9,Eastern Gariep Plains Desert,Desert,1.0,Gariep Desert Bioregion,18.0,0,0,Some field verification,NVM2018,Desmet et al (2005)_BCI,Philip Desmet,34.0,0,,,2655.7456510286497,182158.50965325235,1217.952305262542
Dn1,Dn1,Alexander Bay Coastal Duneveld,Desert,1.0,Southern Namib Desert Bioregion,33.0,0,0,Digitised from satellite imagery,NVM2006,VegMap 2006,Norbert Jurgens,28.0,0,Coastal Polygon,,27880.74404670501,16653741.296681276,17.089937805742196
Dn2,Dn2,Namib Lichen Fields,Desert,1.0,Southern Namib Desert Bioregion,33.0,0,0,Some field verification,NVM2018,Desmet_2017,Philip Desmet,36.0,0,Coastal Polygon,,5868.971975736273,1539997.9628462596,1.5399979628462603
Dn3,Dn3,Western Gariep Plains Desert,Desert,1.0,Southern Namib Desert Bioregion,33.0,0,0,Some field verification,NVM2018,Desmet_2017,Philip Desmet,28.0,0,Coastal Polygon,,2553.8488326894594,511025.7846725366,139.90933449119905
Dn4,Dn4,Western Gariep Lowland Desert,Desert,1.0,Southern Namib Desert Bioregion,33.0,0,0,Some field verification,NVM2018,Desmet_2017,Philip Desmet,28.0,0,,,99034.36013494733,156056943.86440986,217.01664220589348
Dn5,Dn5,Western Gariep Hills Desert,Desert,1.0,Southern Namib Desert Bioregion,33.0,0,0,Digitised from satellite imagery,NVM2006,VegMap 2006,Norbert Jurgens,28.0,0,,,206609.23683869757,418290692.44096994,418.2906924409701
FFa1,FFa1,Kouebokkeveld Alluvium Fynbos,Fynbos,4.0,Northwest Fynbos Bioregion,69.0,0,0,Some field verification,NVM2006,VegMap 2006,Anthony Rebelo,29.0,0,,,11228.70554412799,4238222.8484571595,180.05348707755363
FFa2,FFa2,Breede Alluvium Fynbos,Fynbos,4.0,Southwest Fynbos Bioregion,70.0,Nekkies Silty Floodplain,FFa2.2,Some field verification,NVM2009,Helme (2007) Upper Breede,Nick Helme,30.0,0,,,7664.974898847581,1447007.3940549013,501.65478556561004
FFa3,FFa3,Swartland Alluvium Fynbos,Fynbos,4.0,Southwest Fynbos Bioregion,70.0,0,0,Some field verification,NVM2012,City of Cape Town (2011),Amalia Pugnalin,30.0,0,,,23312.905990952077,17340354.53931934,477.19993174426656
FFa4,FFa4,Lourensford Alluvium Fynbos,Fynbos,4.0,Southwest Fynbos Bioregion,70.0,0,0,Some field verification,NVM2012,City of Cape Town (2011),Amalia Pugnalin,30.0,0,Coastal Polygon,,37907.86059372278,17931088.44664248,35.85232215253054
FFb1,FFb1,Northern Inland Shale Band Vegetation,Fynbos,4.0,Northwest Fynbos Bioregion,69.0,0,0,Some field verification,NVM2009,Helme (2007) WC,Nick Helme,29.0,0,,,6007.8224035436215,625486.7382028959,279.02328441902966
FFb2,FFb2,Western Coastal Shale Band Vegetation,Fynbos,4.0,Southwest Fynbos Bioregion,70.0,0,0,Some field verification,NVM2012,City of Cape Town (2011),Amalia Pugnalin,30.0,0,,,1014.3591219304207,59886.86990453928,134.524564504236
FFb3,FFb3,Central Inland Shale Band Vegetation,Fynbos,4.0,Western Fynbos-Renosterveld Bioregion,71.0,0,0,Some field verification,NVM2006,VegMap 2006,Anthony Rebelo,27.0,0,,,2688.6605749264995,227309.0828036321,97.86593184526042
FFb4,FFb4,Central Coastal Shale Band Vegetation,Fynbos,4.0,Southern Fynbos Bioregion,72.0,0,0,Some field verification,NVM2006,VegMap 2006,Anthony Rebelo,27.0,0,,,14846.241897681251,966458.6138453471,61.941978330649135
FFb5,FFb5,Eastern Inland Shale Band Vegetation,Fynbos,4.0,Eastern Fynbos-Renosterveld Bioregion,74.0,0,0,Some field verification,NVM2006,VegMap 2006,Anthony Rebelo,27.0,0,,,8000.799230375503,421426.9620449381,108.35981568683995
FFb6,FFb6,Eastern Coastal Shale Band Vegetation,Fynbos,4.0,Eastern Fynbos-Renosterveld Bioregion,74.0,0,0,Some field verification,NVM2006,VegMap 2006,Anthony Rebelo,27.0,0,Coastal Polygon,,4019.3828186621436,211059.4333556953,78.0456626253367
FFc1,FFc1,Swellendam Silcrete Fynbos,Fynbos,4.0,Southern Fynbos Bioregion,72.0,0,0,Some field verification,NVM2006,VegMap 2006,Anthony Rebelo,30.0,0,,,2477.0091634314244,267273.07923488447,869.1470663144975
FFd1,FFd1,Namaqualand Sand Fynbos,Fynbos,4.0,Northwest Fynbos Bioregion,69.0,0,0,Some field verification,NVM2018,Desmet et al (2009)_NSF,Philip Desmet,29.0,0,Coastal Polygon,,8968.062899912675,3117058.073858248,1300.9720962343854
FFd10,FFd10,Knysna Sand Fynbos,Fynbos,4.0,Eastern Fynbos-Renosterveld Bioregion,74.0,0,0,Some field verification,NVM2006,VegMap 2006,Anthony Rebelo,23.0,0,Coastal Polygon,,1853.8453220179888,104080.35705713983,151.6848874073611
FFd11,FFd11,Southern Cape Dune Fynbos,Fynbos,4.0,South Strandveld Bioregion,82.0,0,0,Adapted from previous vegetation maps,NVM2024,NVMC 2024,A. Dayaram,36.0,0,Coastal Polygon,,4302.628727878296,343078.0126091649,76.60904203534241
FFd2,FFd2,Leipoldtville Sand Fynbos,Fynbos,4.0,Northwest Fynbos Bioregion,69.0,0,0,Digitised from satellite imagery,NVM2009,Helme (2007) WC,Nick Helme,29.0,0,,,308.692283912347,2085.1546129494964,2055.664032773546
FFd3,FFd3,Hopefield Sand Fynbos,Fynbos,4.0,Southwest Fynbos Bioregion,70.0,0,0,Some field verification,NVM2009,Helme (2007) WC,Nick Helme,30.0,0,Coastal Polygon,,4576.8250146000355,724374.920341508,1009.6058676176852
FFd4,FFd4,Atlantis Sand Fynbos,Fynbos,4.0,Southwest Fynbos Bioregion,70.0,0,0,Some field verification,NVM2012,City of Cape Town (2011),Amalia Pugnalin,30.0,0,Coastal Polygon,,5129.199501137386,1087460.0159591204,689.0461156916111
FFd5,FFd5,Cape Flats Sand Fynbos,Fynbos,4.0,Southwest Fynbos Bioregion,70.0,0,0,Some field verification,NVM2012,City of Cape Town (2011),Amalia Pugnalin,30.0,0,Coastal Polygon,,2031.2645788711316,55335.093596346465,556.9567573003194
FFd6,FFd6,Hangklip Sand Fynbos,Fynbos,4.0,Southwest Fynbos Bioregion,70.0,0,0,Some field verification,NVM2012,City of Cape Town (2011),Amalia Pugnalin,30.0,0,Coastal Polygon,,2532.310694656308,147412.04969332067,88.66809181025705
FFd7,WT2,Agulhas Sand Fynbos,Fynbos,4.0,South Coast Fynbos Bioregion,73.0,0,0,Some field verification,NVM2006,VegMap 2006,Anthony Rebelo,32.0,0,Coastal Polygon,,22.285635993529972,5.151477811400756,247.44182258445036
FFd8,FFd8,Breede Sand Fynbos,Fynbos,4.0,Southwest Fynbos Bioregion,70.0,0,0,Some field verification,NVM2009,Helme (2007) Upper Breede,Nick Helme,30.0,0,,,2915.0399650437284,391121.0185693733,97.68623990125933
FFd9,FFd9,Albertinia Sand Fynbos,Fynbos,4.0,South Coast Fynbos Bioregion,73.0,0,0,Adapted from previous vegetation maps,NVM2024,NVMC 2024,A. Dayaram,32.0,0,Coastal Polygon,,598.158332948377,6444.083499330718,517.257875830181
FFf1,FFf1,Elim Ferricrete Fynbos,Fynbos,4.0,Southwest Fynbos Bioregion,70.0,0,0,field verification,NVM2024,"Rebecca Dames, Grootbos",Rebecca Dames,30.0,0,Coastal Polygon,,650.2659833191436,27560.205037145803,694.0225863230174
FFf2,FFf2,Potberg Ferricrete Fynbos,Fynbos,4.0,Southwest Fynbos Bioregion,70.0,0,0,Some field verification,NVM2006,VegMap 2006,Anthony Rebelo,30.0,0,Coastal Polygon,,91084.9772164612,39659316.8044296,40.573224582650134
FFg1,FFg1,Kamiesberg Granite Fynbos,Fynbos,4.0,Namaqualand Cape Shrublands Bioregion,68.0,0,0,Some field verification,NVM2018,Helme & Desmet (2006)_KBERG,Philip Desmet,27.0,0,,,2084.097733880099,142221.98073757556,64.81605029104442
FFg2,FFg2,Boland Granite Fynbos,Fynbos,4.0,Southwest Fynbos Bioregion,70.0,0,0,Some field verification,NVM2012,City of Cape Town (2011),Amalia Pugnalin,30.0,0,,,5398.607054696805,485242.02977618045,523.965303803526
FFg3,FFg3,Peninsula Granite Fynbos,Fynbos,4.0,Southwest Fynbos Bioregion,70.0,0,0,Some field verification,NVM2012,City of Cape Town (2011),Amalia Pugnalin,30.0,0,Coastal Polygon,,2588.326198533659,136747.63199257047,91.84326819988542
FFg4,FFg4,Robertson Granite Fynbos,Fynbos,4.0,Southwest Fynbos Bioregion,70.0,0,0,Some field verification,NVM2006,VegMap 2006,Anthony Rebelo,30.0,0,,,8773.651184050936,2461944.3815923147,16.932957451586546
FFg5,FFg5,Garden Route Granite Fynbos,Fynbos,4.0,Eastern Fynbos-Renosterveld Bioregion,74.0,0,0,Digitised from satellite imagery,NVM2018,NVMC 2018 (Anisha Dayaram),Anisha Dayaram,23.0,0,Coastal Polygon,,2659.819841182628,217983.03025685748,498.21152243894124
FFh1,FFh1,Kouebokkeveld Shale Fynbos,Fynbos,4.0,Northwest Fynbos Bioregion,69.0,0,0,Some field verification,NVM2006,VegMap 2006,Anthony Rebelo,29.0,0,,,40836.57835649565,37671834.763659745,428.0014356424928
FFh10,FFh10,Suurberg Shale Fynbos,Fynbos,4.0,Eastern Fynbos-Renosterveld Bioregion,74.0,0,0,Some field verification,NVM2006,VegMap 2006,Anthony Rebelo,23.0,0,,,1959.545945537532,143972.89750817404,283.21628355419205
FFh11,FFh11,Peninsula Shale Fynbos,Fynbos,4.0,Southwest Fynbos Bioregion,70.0,0,0,Some field verification,NVM2012,City of Cape Town (2011),Amalia Pugnalin,30.0,0,Coastal Polygon,,447.2354766609661,4889.157883964404,12.62708771098493
FFh2,FFh2,Matjiesfontein Shale Fynbos,Fynbos,4.0,Western Fynbos-Renosterveld Bioregion,71.0,0,0,Some field verification,NVM2006,VegMap 2006,Anthony Rebelo,27.0,0,,,9347.892074327769,4188254.8831495037,106.53100861498264
FFh3,FFh3,Swartberg Shale Fynbos,Fynbos,4.0,Western Fynbos-Renosterveld Bioregion,71.0,0,0,Some field verification,NVM2006,VegMap 2006,Anthony Rebelo,27.0,0,,,9657.571956022035,3326127.627234089,75.13384769282824
FFh4,FFh4,Breede Shale Fynbos,Fynbos,4.0,Southwest Fynbos Bioregion,70.0,0,0,Some field verification,NVM2006,VegMap 2006,Anthony Rebelo,30.0,0,,,571.0744400893176,16151.09131741297,316.86263868420946
FFh5,FFh5,Cape Winelands Shale Fynbos,Fynbos,4.0,Southwest Fynbos Bioregion,70.0,0,0,Some field verification,NVM2012,City of Cape Town (2011),Amalia Pugnalin,30.0,0,Coastal Polygon,,32361.03963046612,8992782.244421137,84.00156439200259
FFh6,FFh6,Elgin Shale Fynbos,Fynbos,4.0,Southwest Fynbos Bioregion,70.0,0,0,Some field verification,NVM2012,City of Cape Town (2011),Amalia Pugnalin,30.0,0,,,23025.85416631186,8287619.5299020475,279.4845261435194
FFh7,FFh7,Greyton Shale Fynbos,Fynbos,4.0,Southwest Fynbos Bioregion,70.0,0,0,Some field verification,NVM2006,VegMap 2006,Anthony Rebelo,30.0,0,,,40395.594304736296,23222999.71102662,266.61991460000087
FFh8,FFh8,Montagu Shale Fynbos,Fynbos,4.0,Southern Fynbos Bioregion,72.0,0,0,Some field verification,NVM2006,VegMap 2006,Anthony Rebelo,30.0,0,,,17262.3313388899,3032926.88166321,186.7562406556179
FFh9,FFh9,Garden Route Shale Fynbos,Fynbos,4.0,Eastern Fynbos-Renosterveld Bioregion,74.0,0,0,Some field verification,NVM2006,VegMap 2006,Anthony Rebelo,23.0,0,Coastal Polygon,,1549.4521555526671,84131.2332878486,563.6242094879044
FFl1,FFl1,Agulhas Limestone Fynbos,Fynbos,4.0,South Coast Fynbos Bioregion,73.0,0,0,Some field verification,NVM2006,VegMap 2006,Anthony Rebelo,32.0,0,Coastal Polygon,,5025.034391861198,661226.7374014884,286.9679217376657
FFl2,FFl2,De Hoop Limestone Fynbos,Fynbos,4.0,South Coast Fynbos Bioregion,73.0,0,0,Not captured,NVM2024,NVMC 2024,A. Dayaram,32.0,0,Coastal Polygon,,28555.979829865726,3238002.34704315,694.2996583077365
FFl3,FFl3,Canca Limestone Fynbos,Fynbos,4.0,South Coast Fynbos Bioregion,73.0,0,0,Adapted from previous vegetation maps,NVM2024,NVMC 2024,A. Dayaram,32.0,0,Coastal Polygon,,135.49703165979838,1103.3779555491853,791.6949020160471
FFq1,FFq1,Stinkfonteinberge Quartzite Fynbos,Fynbos,4.0,Namaqualand Cape Shrublands Bioregion,68.0,0,0,Some field verification,NVM2006,VegMap 2006,"Annelise Le Roux, Ladislav Mucina, Michael Rutherford",28.0,0,,,108467.80688746544,34317027.683277376,49.02780664364259
FFq2,FFq2,Swartruggens Quartzite Fynbos,Fynbos,4.0,Northwest Fynbos Bioregion,69.0,0,0,Some field verification,NVM2006,VegMap 2006,Anthony Rebelo,29.0,0,,,422321.0393983779,1143384052.019476,1646.1873431900813
FFq3,FFq3,Matjiesfontein Quartzite Fynbos,Fynbos,4.0,Western Fynbos-Renosterveld Bioregion,71.0,0,0,Some field verification,NVM2006,VegMap 2006,Anthony Rebelo,27.0,0,,,2368.864624158836,276329.7708452631,1268.1621137703376
FFq4,FFq4,Breede Quartzite Fynbos,Fynbos,4.0,Southwest Fynbos Bioregion,70.0,0,0,Some field verification,NVM2006,VegMap 2006,Anthony Rebelo,30.0,0,,,2062.4624943849476,269134.4948578446,97.84286617572707
FFq5,FFq5,Grootrivier Quartzite Fynbos,Fynbos,4.0,Eastern Fynbos-Renosterveld Bioregion,74.0,0,0,Some field verification,NVM2006,VegMap 2006,Anthony Rebelo,23.0,0,,,2507.0191385415674,182684.8048296492,388.8214977652411
FFq6,FFq6,Suurberg Quartzite Fynbos,Fynbos,4.0,Eastern Fynbos-Renosterveld Bioregion,74.0,0,0,Some field verification,NVM2006,VegMap 2006,Jan Vlok,23.0,0,,,5582.497791866088,2045287.365023667,683.3072283755371
FFs1,FFs1,Bokkeveld Sandstone Fynbos,Fynbos,4.0,Northwest Fynbos Bioregion,69.0,0,0,Some field verification,NVM2018,Desmet & Helme (2010)_WCDM,Philip Desmet,29.0,0,,,3036.336776307203,516272.1214563172,1014.1751117130733
FFs10,FFs10,Hawequas Sandstone Fynbos,Fynbos,4.0,Southwest Fynbos Bioregion,70.0,0,0,Some field verification,NVM2006,VegMap 2006,Anthony Rebelo,30.0,0,,,4435.656239692368,911024.7896517618,1050.6242587043487
FFs11,FFs11,Kogelberg Sandstone Fynbos,Fynbos,4.0,Southwest Fynbos Bioregion,70.0,0,0,Some field verification,NVM2012,City of Cape Town (2011),Amalia Pugnalin,30.0,0,Coastal Polygon,,818.9889282653501,12731.311933186016,914.2457799683192
FFs12,FFs12,Overberg Sandstone Fynbos,Fynbos,4.0,Southwest Fynbos Bioregion,70.0,0,0,Some field verification,NVM2006,VegMap 2006,Anthony Rebelo,30.0,0,Coastal Polygon,,1295.542904725553,120756.01506532701,1179.4296336139544
FFs13,FFs13,North Sonderend Sandstone Fynbos,Fynbos,4.0,Southwest Fynbos Bioregion,70.0,Stormsvlei Aalwyn Fynbos,FFs13.2,Some field verification,NVM2009,Helme (2007) Upper Breede,Nick Helme,30.0,0,,,12926.552559964013,5377070.044656652,531.4953365047269
FFs14,FFs14,South Sonderend Sandstone Fynbos,Fynbos,4.0,Southwest Fynbos Bioregion,70.0,0,0,Some field verification,NVM2006,VegMap 2006,Anthony Rebelo,30.0,0,,,1167.0804651219275,96080.38166206997,358.8915415558263
FFs15,FFs15,North Langeberg Sandstone Fynbos,Fynbos,4.0,Southern Fynbos Bioregion,72.0,0,0,Some field verification,NVM2006,VegMap 2006,Anthony Rebelo,30.0,0,,,21716.17134765322,7509599.224077558,993.5736683669801
FFs16,FFs16,South Langeberg Sandstone Fynbos,Fynbos,4.0,Southern Fynbos Bioregion,72.0,0,0,Some field verification,NVM2006,VegMap 2006,Anthony Rebelo,30.0,0,,,15596.808419834098,3575911.2370879645,1215.2888633958933
FFs17,FFs17,Potberg Sandstone Fynbos,Fynbos,4.0,Southwest Fynbos Bioregion,70.0,0,0,Not captured,NVM2024,NVMC 2024,A. Dayaram,30.0,0,Coastal Polygon,,390.0789682085459,4586.246160620916,107.45951948521362
FFs18,FFs18,North Outeniqua Sandstone Fynbos,Fynbos,4.0,Eastern Fynbos-Renosterveld Bioregion,74.0,0,0,Some field verification,NVM2006,VegMap 2006,Anthony Rebelo,23.0,0,,,2656.0857260552266,192670.48407244156,878.8144399459107
FFs19,FFs19,South Outeniqua Sandstone Fynbos,Fynbos,4.0,Eastern Fynbos-Renosterveld Bioregion,74.0,0,0,Some field verification,NVM2006,VegMap 2006,Anthony Rebelo,23.0,0,,,4507.556517665874,252392.71806061725,1571.1194100755283
FFs2,FFs2,Graafwater Sandstone Fynbos,Fynbos,4.0,Northwest Fynbos Bioregion,69.0,0,0,Digitised from satellite imagery,NVM2009,Helme (2007) WC,Nick Helme,29.0,0,Coastal Polygon,,254.9798706331691,2176.106464350785,1343.1811509813308
FFs20,FFs20,Tsitsikamma Sandstone Fynbos,Fynbos,4.0,Eastern Fynbos-Renosterveld Bioregion,74.0,0,0,Adapted from previous vegetation maps,NVM2024,NVMC 2024,A. Dayaram,23.0,0,Coastal Polygon,,3327.700037049735,150646.76864363268,2298.458387962168
FFs21,FFs21,North Rooiberg Sandstone Fynbos,Fynbos,4.0,Western Fynbos-Renosterveld Bioregion,71.0,0,0,Some field verification,NVM2006,VegMap 2006,Jan Vlok,27.0,0,,,6522.793889827161,927741.5277467454,318.32187353475285
FFs22,FFs22,South Rooiberg Sandstone Fynbos,Fynbos,4.0,Western Fynbos-Renosterveld Bioregion,71.0,0,0,Some field verification,NVM2006,VegMap 2006,Anthony Rebelo,27.0,0,,,2701.330671758547,335446.65422607557,388.3122099862603
FFs23,FFs23,North Swartberg Sandstone Fynbos,Fynbos,4.0,Western Fynbos-Renosterveld Bioregion,71.0,0,0,Some field verification,NVM2006,VegMap 2006,Anthony Rebelo,27.0,0,,,46101.243704824796,34159946.11535785,852.196535741204
FFs24,FFs24,South Swartberg Sandstone Fynbos,Fynbos,4.0,Western Fynbos-Renosterveld Bioregion,71.0,0,0,Some field verification,NVM2006,VegMap 2006,Anthony Rebelo,27.0,0,,,68811.9461689241,33883571.30614615,1084.795052033488
FFs25,FFs25,North Kammanassie Sandstone Fynbos,Fynbos,4.0,Western Fynbos-Renosterveld Bioregion,71.0,0,0,Some field verification,NVM2006,VegMap 2006,Anthony Rebelo,27.0,0,,,9026.669192473482,4100684.463735836,332.58934438669985
FFs26,FFs26,South Kammanassie Sandstone Fynbos,Fynbos,4.0,Western Fynbos-Renosterveld Bioregion,71.0,0,0,Some field verification,NVM2006,VegMap 2006,Anthony Rebelo,27.0,0,,,9965.754882915802,3011383.7293715705,304.1822310317994
FFs27,FFs27,Kouga Sandstone Fynbos,Fynbos,4.0,Eastern Fynbos-Renosterveld Bioregion,74.0,0,0,Some field verification,NVM2006,VegMap 2006,Anthony Rebelo,23.0,0,,,32311.295543144497,2929463.8310600114,2402.983749278869
FFs28,FFs28,Kouga Grassy Sandstone Fynbos,Fynbos,4.0,Eastern Fynbos-Renosterveld Bioregion,74.0,0,0,Some field verification,NVM2006,VegMap 2006,Anthony Rebelo,23.0,0,,,1816.4589815068516,111147.72720171289,4052.1694754771634
FFs29,FFs29,Algoa Sandstone Fynbos,Fynbos,4.0,Eastern Fynbos-Renosterveld Bioregion,74.0,0,0,Some field verification,NVM2006,VegMap 2006,Jan Vlok,23.0,0,Coastal Polygon,,268288.736915965,334121775.3703229,334.1931082629637
FFs3,FFs3,Olifants Sandstone Fynbos,Fynbos,4.0,Northwest Fynbos Bioregion,69.0,0,0,Some field verification,NVM2009,Helme (2007) WC,Nick Helme,29.0,0,,,8982.03704917942,4060456.4739452847,498.2564854162945
FFs30,FFs30,Western Altimontane Sandstone Fynbos,Fynbos,4.0,Northwest Fynbos Bioregion,69.0,0,0,Modelled on abiotic variables,NVM2006,VegMap 2006,Anthony Rebelo,29.0,0,,,4146.051668894597,996719.6159739725,37.52250562203723
FFs31,FFs31,Swartberg Altimontane Sandstone Fynbos,Fynbos,4.0,Western Fynbos-Renosterveld Bioregion,71.0,0,0,Modelled on abiotic variables,NVM2006,VegMap 2006,Anthony Rebelo,29.0,0,,,4048.795327694746,883857.4161423442,50.83029661496733
FFs32,FFs32,Nardouw Sandstone Fynbos,Fynbos,4.0,Western Fynbos-Renosterveld Bioregion,71.0,0,0,Some field verification,NVM2009,Helme (2007) WC,Nick Helme,29.0,0,,,80088.13852359804,169561541.64276057,547.9635467391472
FFs4,FFs4,Cederberg Sandstone Fynbos,Fynbos,4.0,Northwest Fynbos Bioregion,69.0,0,0,Some field verification,NVM2009,Helme (2007) WC,Nick Helme,29.0,0,,,17323.529730567872,7259700.718260992,2523.630364129088
FFs5,FFs5,Winterhoek Sandstone Fynbos,Fynbos,4.0,Northwest Fynbos Bioregion,69.0,0,0,Some field verification,NVM2009,Helme (2007) WC,Nick Helme,29.0,0,,,651206.0755905183,893620102.3488673,1135.9690175200128
FFs6,FFs6,Piketberg Sandstone Fynbos,Fynbos,4.0,Northwest Fynbos Bioregion,69.0,0,0,Some field verification,NVM2009,Helme (2007) WC,Nick Helme,29.0,0,,,1391.912605099853,142709.11283078662,422.8605535494577
FFs7,FFs7,North Hex Sandstone Fynbos,Fynbos,4.0,Northwest Fynbos Bioregion,69.0,0,0,Some field verification,NVM2006,VegMap 2006,Anthony Rebelo,29.0,0,,,2171.1484939735915,257591.13651254633,394.0928172600691
FFs8,FFs8,South Hex Sandstone Fynbos,Fynbos,4.0,Northwest Fynbos Bioregion,69.0,0,0,Some field verification,NVM2006,VegMap 2006,Anthony Rebelo,29.0,0,,,6965.176024220726,3068433.504863438,319.74617198427666
FFs9,FFs9,Peninsula Sandstone Fynbos,Fynbos,4.0,Southwest Fynbos Bioregion,70.0,0,0,Some field verification,NVM2012,City of Cape Town (2011),Amalia Pugnalin,30.0,0,Coastal Polygon,,483.60833977933817,2226.235492046543,219.45109753542238
FFt1,FFt1,Kango Conglomerate Fynbos,Fynbos,4.0,Western Fynbos-Renosterveld Bioregion,71.0,0,0,Some field verification,NVM2006,VegMap 2006,Anthony Rebelo,27.0,0,,,10023.151777647183,1006807.930362027,404.9635727010653
FFt2,FFt2,Loerie Conglomerate Fynbos,Fynbos,4.0,Eastern Fynbos-Renosterveld Bioregion,74.0,0,0,Some field verification,NVM2006,VegMap 2006,Anthony Rebelo,23.0,0,,,11179.980466782654,3629220.4023658624,211.16798962852312
FOa1,FOa1,Lowveld Riverine Forest,Forests,8.0,Azonal Forests,17.0,0,0,Digitised from satellite imagery,NVM2018,"NVMC 2017 (Digitised, Anisha Dayaram)",Anisha Dayaram,36.0,0,Coastal Polygon,,7054.866368907003,589270.7153253849,176.5395580615892
FOa2,FOa2,Swamp Forest,Forests,8.0,Azonal Forests,17.0,0,0,Digitised from satellite imagery,NVM2018,NVMC  2017 (NMMU Institute for Coastal and Marine Research Mapping) ,Taryn Riddin,35.0,0,Coastal Polygon,,267.8147724109369,1785.1971002859839,100.52295448456236
FOa3,WT6,Mangrove Forest,Forests,8.0,Azonal Forests,17.0,0,0,GE and groundtruthing,NVM2024, ,Anesu Machite (NMU)_EditHistoVEGMAPTeam,26.0,National Estuary Map (Terrestrial vegetation),Coastal Polygon,Historical,414.958553937324,1585.3574079256132,23.843291100255406
FOz1,FOz1,Southern Afrotemperate Forest,Forests,8.0,Zonal & Intrazonal Forests,13.0,0,0,"field verification, satellite imagery",NVM2024,VegMap 2021,Coert Geldenhuys,22.0,0,Coastal Polygon,,7663.769246432288,204910.2548222598,787.993043050079
FOz2,FOz2,Northern Afrotemperate Forest,Forests,8.0,Zonal & Intrazonal Forests,13.0,0,0,Digitised from satellite imagery,NVM2018,"NVMC 2017 (Digitised, Anisha Dayaram)",Anisha Dayaram,22.0,0,more than 10km from the coast,,378.2824783875046,4944.026575194299,214.10596771759725
FOz3,FOz3,Southern Mistbelt Forest,Forests,8.0,Zonal & Intrazonal Forests,13.0,0,0,Digitised from satellite imagery,NVM2018,"NVMC 2017 (Digitised, Anisha Dayaram)",Anisha Dayaram,20.0,0,,,2341.5939466078935,74347.5101006463,1062.1628373067065
FOz4,FOz4,Northern Mistbelt Forest,Forests,8.0,Zonal & Intrazonal Forests,13.0,0,0,Some field verification,NVM2018,"Lotter,M.C. (2014)",Mervyn C. Lotter,22.0,0,,,719.329015129799,31102.448062585558,389.27197637009357
FOz5,FOz5,Scarp Forest,Forests,8.0,Zonal & Intrazonal Forests,13.0,0,0,Digitised from satellite imagery,NVM2018,"NVMC 2017 (Digitised, Anisha Dayaram)",Anisha Dayaram,22.0,0,<Null>,,853.2457896264755,21741.92329351399,1029.4739633223203
FOz6,FOz6,Southern Coastal Forest,Forests,8.0,Zonal & Intrazonal Forests,13.0,0,0,Digitised from satellite imagery,NVM2018,"NVMC 2017 (Digitised, Anisha Dayaram)",Anisha Dayaram,21.0,0,Coastal Polygon,,1515.376948728538,48437.58445312855,185.206928391955
FOz7,FOz7,Northern Coastal Forest,Forests,8.0,Zonal & Intrazonal Forests,13.0,0,0,Some field verification,NVM2018,Ethekwini Historical Map 2015,Cameron Mclean,18.0,0,Coastal Polygon,,9175.216233375859,628864.3274985856,680.5423559648777
FOz8,FOz8,Sand Forest,Forests,8.0,Zonal & Intrazonal Forests,13.0,0,0,Not captured,NVM2012,Scott-Shaw & Escott (2011),Rob Scott Shaw and Boyd Escott,36.0,0,Coastal Polygon,,409.2127683029442,3745.8270098211547,265.39805549435806
FOz9,FOz9,Ironwood Dry Forest,Forests,8.0,Zonal & Intrazonal Forests,13.0,0,0,Digitised from satellite imagery,NVM2018,"NVMC 2017 (Digitised, Anisha Dayaram)",Anisha Dayaram,36.0,0,,,1584.4141623799496,112040.47035741781,81.64671579892543
FRa1,FRa1,Breede Alluvium Renosterveld,Fynbos,4.0,East Coast Renosterveld Bioregion,77.0,0,0,Modelled on abiotic variables,NVM2006,VegMap 2006,Anthony Rebelo,27.0,0,,,2983.9241796331994,295907.6639941058,497.6737794246902
FRa2,FRa2,Swartland Alluvium Renosterveld,Fynbos,4.0,West Coast Renosterveld Bioregion,76.0,0,0,Some field verification,NVM2012,City of Cape Town (2011),Amalia Pugnalin,26.0,0,,,5878.255443910881,607748.9782563885,63.062472750070164
FRc1,FRc1,Swartland Silcrete Renosterveld,Fynbos,4.0,West Coast Renosterveld Bioregion,76.0,0,0,Some field verification,NVM2012,City of Cape Town (2011),Amalia Pugnalin,26.0,0,,,2884.8786772982344,257239.16527310127,101.05652985675943
FRc2,FRc2,Ruens Silcrete Renosterveld,Fynbos,4.0,East Coast Renosterveld Bioregion,77.0,0,0,Modelled on abiotic variables,NVM2006,VegMap 2006,Anthony Rebelo,27.0,0,Coastal Polygon,,2578.9041876741703,468536.7578991062,209.75855152300161
FRd1,FRd1,Nieuwoudtville-Roggeveld Dolerite Renosterveld,Fynbos,4.0,Karoo Renosterveld Bioregion,80.0,0,0,Some field verification,NVM2018,Desmet & Helme (2010)_WCDM,Philip Desmet,27.0,0,,,21301.423042394334,5770703.135051121,219.51274305590144
FRd2,FRd2,Hantam Plateau Dolerite Renosterveld,Fynbos,4.0,Karoo Renosterveld Bioregion,80.0,0,0,Some field verification,NVM2009,van der Merwe et al. (2008),Helga van der Merwe,27.0,0,,,12685.870320244936,4800274.20997895,578.9199315813738
FRg1,FRg1,Namaqualand Granite Renosterveld,Fynbos,4.0,Namaqualand Cape Shrublands Bioregion,68.0,0,0,Some field verification,NVM2018,Desmet & Helme (2010)_WCDM,Philip Desmet,27.0,0,,,3780.6709719316145,281953.4141993638,305.48738981630953
FRg2,FRg2,Swartland Granite Renosterveld,Fynbos,4.0,West Coast Renosterveld Bioregion,76.0,0,0,Some field verification,NVM2012,City of Cape Town (2011),Amalia Pugnalin,26.0,0,,,1682.8973559935257,140250.87631801135,951.3113041449296
FRg3,FRg3,Robertson Granite Renosterveld,Fynbos,4.0,East Coast Renosterveld Bioregion,77.0,0,0,Modelled on abiotic variables,NVM2006,VegMap 2006,Anthony Rebelo,27.0,0,,,30449.527890959864,19170190.927803695,19.170190927803695
FRl1,FRl1,Kango Limestone Renosterveld,Fynbos,4.0,Western Fynbos-Renosterveld Bioregion,71.0,0,0,Adapted from previous maps,NVM2006,VegMap 2006,Anthony Rebelo,29.0,0,,,4227.128020927053,513523.72743025835,501.66954676677403
FRs1,FRs1,Vanrhynsdorp Shale Renosterveld,Fynbos,4.0,Karoo Renosterveld Bioregion,80.0,0,0,Some field verification,NVM2018,Desmet & Helme (2010)_WCDM,Philip Desmet,27.0,0,,,5370.752990311345,729583.7123322673,207.30863030824997
FRs10,FRs10,Peninsula Shale Renosterveld,Fynbos,4.0,West Coast Renosterveld Bioregion,76.0,0,0,Some field verification,NVM2012,City of Cape Town (2011),Amalia Pugnalin,26.0,0,Coastal Polygon,,1782.673413630329,124068.98650899912,25.280055861233457
FRs11,FRs11,Western Ruens Shale Renosterveld,Fynbos,4.0,East Coast Renosterveld Bioregion,77.0,0,0,Modelled on abiotic variables,NVM2006,VegMap 2006,Anthony Rebelo,27.0,0,,,432488.03927957383,1067714336.7451987,1193.651252958452
FRs12,FRs12,Central Ruens Shale Renosterveld,Fynbos,4.0,East Coast Renosterveld Bioregion,77.0,0,0,Modelled on abiotic variables,NVM2006,VegMap 2006,Anthony Rebelo,27.0,0,Coastal Polygon,,173.84955496720607,1153.922311463667,2027.4981825987536
FRs13,FRs13,Eastern Ruens Shale Renosterveld,Fynbos,4.0,East Coast Renosterveld Bioregion,77.0,0,0,Modelled on abiotic variables,NVM2006,VegMap 2006,Anthony Rebelo,27.0,0,Coastal Polygon,,377.6793798387734,2127.3069673966233,2762.546870324424
FRs14,FRs14,Mossel Bay Shale Renosterveld,Fynbos,4.0,East Coast Renosterveld Bioregion,77.0,0,0,Digitised from satellite imagery,NVM2018,NVMC 2018 (Anisha Dayaram),Anisha Dayaram,27.0,0,Coastal Polygon,,58228.26064826764,55040385.894966364,866.5389248163858
FRs15,FRs15,Swartberg Shale Renosterveld,Fynbos,4.0,Western Fynbos-Renosterveld Bioregion,71.0,0,0,Adapted from previous maps,NVM2006,VegMap 2006,Jan Vlok,29.0,0,,,30367.133112939922,18709052.017884463,276.39330600037783
FRs16,FRs16,Uniondale Shale Renosterveld,Fynbos,4.0,Eastern Fynbos-Renosterveld Bioregion,74.0,0,0,Adapted from previous maps,NVM2006,VegMap 2006,Anthony Rebelo,29.0,0,,,4265.766269473696,373162.84778772644,1347.7984687057105
FRs17,FRs17,Langkloof Shale Renosterveld,Fynbos,4.0,Eastern Fynbos-Renosterveld Bioregion,74.0,0,0,Adapted from previous maps,NVM2006,VegMap 2006,Anthony Rebelo,29.0,0,,,183058.96634039053,53212913.19205754,207.13159403276967
FRs18,FRs18,Baviaanskloof Shale Renosterveld,Fynbos,4.0,Eastern Fynbos-Renosterveld Bioregion,74.0,0,0,Adapted from previous maps,NVM2006,VegMap 2006,Anthony Rebelo,29.0,0,,,7284.178863347037,1026234.9011230236,118.72048685734546
FRs19,WT6,Humansdorp Shale Renosterveld,Fynbos,4.0,Eastern Fynbos-Renosterveld Bioregion,74.0,,,Not captured,NVM2024,NVMC 2024,Anisha Dayaram,29.0,National Estuary Map (Terrestrial vegetation within EFZ),Coastal Polygon,,458.54107738564517,2349.290936217355,373.14174963439774
FRs2,FRs2,Nieuwoudtville Shale Renosterveld,Fynbos,4.0,Karoo Renosterveld Bioregion,80.0,0,0,Some field verification,NVM2018,Desmet & Helme (2010)_WCDM,Philip Desmet,27.0,0,,,2424.594155635281,350827.7046936136,218.8233764775283
FRs20,FRs20,Citrusdal Shale Renosterveld,Fynbos,4.0,Eastern Fynbos-Renosterveld Bioregion,74.0,0,0,Some field verification,NVM2009,Helme (2007) WC,Nick Helme,28.0,0,,,10306.761775452536,3156366.5068521732,46.99793696183132
FRs3,FRs3,Roggeveld Shale Renosterveld,Fynbos,4.0,Karoo Renosterveld Bioregion,80.0,0,0,Some field verification,NVM2009,van der Merwe et al. (2008),Helga van der Merwe,27.0,0,,,12156.166925137752,4101367.271471992,3217.470067668592
FRs4,FRs4,Ceres Shale Renosterveld,Fynbos,4.0,Western Fynbos-Renosterveld Bioregion,71.0,0,0,Modelled on abiotic variables,NVM2006,VegMap 2006,Anthony Rebelo,27.0,0,,,42621.04196985443,34846138.85878327,491.7592273469811
FRs5,FRs5,Central Mountain Shale Renosterveld,Fynbos,4.0,Karoo Renosterveld Bioregion,80.0,0,0,Modelled on abiotic variables,NVM2006,VegMap 2006,Anthony Rebelo,27.0,0,,,6573.645189646413,2456876.1419074805,1236.512764548432
FRs6,FRs6,Matjiesfontein Shale Renosterveld,Fynbos,4.0,Western Fynbos-Renosterveld Bioregion,71.0,0,0,Modelled on abiotic variables,NVM2006,VegMap 2006,Anthony Rebelo,27.0,0,,,1028.3066961650402,63534.93980322138,2095.852243257367
FRs7,FRs7,Montagu Shale Renosterveld,Fynbos,4.0,Western Fynbos-Renosterveld Bioregion,71.0,0,0,Adapted from previous maps,NVM2006,VegMap 2006,Anthony Rebelo,27.0,0,,,3460.436557292698,481703.9117842241,1607.9007019659666
FRs8,FRs8,Breede Shale Renosterveld,Fynbos,4.0,East Coast Renosterveld Bioregion,77.0,0,FRs8.2,Some field verification,NVM2009,Helme (2007) Upper Breede,Nick Helme,27.0,0,,,11561.979701308097,6065312.124585605,1049.7846496763727
FRs9,FRs9,Swartland Shale Renosterveld,Fynbos,4.0,West Coast Renosterveld Bioregion,76.0,0,0,Some field verification,NVM2012,City of Cape Town (2011),Amalia Pugnalin,26.0,0,Coastal Polygon,,876.2991271131721,10744.717127063506,4963.767687030979
FS1,FS1,Lambert's Bay Strandveld,Fynbos,4.0,West Strandveld Bioregion,81.0,Lambert's Bay Strandveld,FS1.1,Digitised from satellite imagery,NVM2009,Helme (2007) WC,Nick Helme,24.0,0,Coastal Polygon,,279.37047861925555,556.9362970678023,354.28231034900017
FS10,CT3,Southwestern Strandveld,Fynbos,4.0,South Strandveld Bioregion,82.0,,,Not captured,NVM2024,NVMC 2024,,36.0,National Estuary Map (Terrestrial vegetation within EFZ),Coastal Polygon,,950.530372649395,7274.993426505065,322.85724172992917
FS11,FS11,Grootbos Strandveld,Fynbos,4.0,South Strandveld Bioregion,82.0,,,Full phytosociological analysis,NVM2024,Cowling et al 2023,"R. Cowling, H. Cawthra, S. Privett, A. Grobler",36.0,Terrestrial_None_None,Coastal Polygon,,71415.45455807823,39595347.54679188,39.59534754679183
FS12,FS12,Southeastern Strandveld,Fynbos,4.0,South Strandveld Bioregion,82.0,,,Full phytosociological analysis,NVM2024,Cowling et al 2023,"R. Cowling, H. Cawthra, S. Privett, A. Grobler",36.0,Terrestrial_None_None,Coastal Polygon,,20096.026565418313,2030504.3094060528,119.05499193612096
FS13,FS13,Goukamma Strandveld,Fynbos,4.0,South Strandveld Bioregion,82.0,0,0,Adapted from previous vegetation maps,NVM2024,NVMC 2024,A. Dayaram,36.0,Terrestrial_None_None,Coastal Polygon,,194.23361216377515,494.30686866063394,41.65786487102959
FS14,WT6,St Francis Strandveld,Fynbos,4.0,South Strandveld Bioregion,82.0,,,Not captured,NVM2024,NVMC 2024,Anisha Dayaram,36.0,National Estuary Map (Terrestrial vegetation within EFZ),Coastal Polygon,,2086.141125937005,74773.75249059674,96.95476293134627
FS2,FS2,Saldanha Granite Strandveld,Fynbos,4.0,West Strandveld Bioregion,81.0,0,0,Digitised from satellite imagery,NVM2009,Helme (2007) WC,Nick Helme,24.0,0,Coastal Polygon,,397.77551859014267,506.16309057237646,298.8975662997277
FS3,FS3,Saldanha Flats Strandveld,Fynbos,4.0,West Strandveld Bioregion,81.0,Saldanha Flats Strandveld,FS3.1,Digitised from satellite imagery,NVM2009,Helme (2007) WC,Nick Helme,24.0,0,Coastal Polygon,,184.72964789862553,1207.8613780740718,1643.3774893343261
FS4,FS4,Saldanha Limestone Strandveld,Fynbos,4.0,West Strandveld Bioregion,81.0,0,0,Some field verification,NVM2009,Helme (2007) WC,Nick Helme,24.0,0,Coastal Polygon,,3094.202181095856,577967.0468182162,61.578343953107144
FS5,FS5,Langebaan Dune Strandveld,Fynbos,4.0,West Strandveld Bioregion,81.0,0,0,Digitised from satellite imagery,NVM2009,Helme (2007) WC,Nick Helme,24.0,0,Coastal Polygon,,416.9918898176336,1922.331213107043,344.337667142599
FS6,FS6,Cape Flats Dune Strandveld,Fynbos,4.0,West Strandveld Bioregion,81.0,0,0,Some field verification,NVM2012,City of Cape Town (2011),Amalia Pugnalin,24.0,0,Coastal Polygon,,2291.7323929919125,192632.77903405007,403.23175448782825
FS7,FS7,Overberg Dune Strandveld,Fynbos,4.0,South Strandveld Bioregion,82.0,0,0,Not captured,NVM2006,VegMap 2006,Anthony Rebelo,36.0,0,Coastal Polygon,,2820.9101219446043,193288.84272994797,46.82016286924284
FS9,FS9,Groot Brak Dune Strandveld,Fynbos,4.0,South Strandveld Bioregion,82.0,0,0,Adapted from previous maps,NVM2006,VegMap 2006,Anthony Rebelo,36.0,0,Coastal Polygon,,6664.800561237408,889095.9827905284,27.99541992275707
Gd1,Gd1,Amathole Montane Grassland,Grassland,6.0,Drakensberg Grassland Bioregion,11.0,0,0,Bioresource groups,NVM2006,VegMap 2006,David Hoare,27.0,0,,,426.1016061540742,4437.293491199973,5026.986386096594
Gd10,Gd10,Drakensberg Afroalpine Heathland,Grassland,6.0,Drakensberg Grassland Bioregion,11.0,0,0,Not captured,NVM2012,Scott-Shaw & Escott (2011),Rob Scott Shaw and Boyd Escott,27.0,0,,,266.154399330247,1208.3196324766072,2830.7794259240322
Gd2,Gd2,Amathole Mistbelt Grassland,Grassland,6.0,Drakensberg Grassland Bioregion,11.0,0,0,Bioresource groups,NVM2006,VegMap 2006,"David Hoare, Michael Rutherford, Ladislav Mucina",27.0,0,,,26512.14185568828,5437527.848832709,158.3267541667781
Gd3,Gd3,Stormberg Plateau Grassland,Grassland,6.0,Drakensberg Grassland Bioregion,11.0,0,0,Bioresource groups,NVM2006,VegMap 2006,"David Hoare, Michael Rutherford, Ladislav Mucina",27.0,0,,,5108.236892397948,1292245.7074734566,2966.2451847220023
Gd4,Gd4,Southern Drakensberg Highland Grassland,Grassland,6.0,Drakensberg Grassland Bioregion,11.0,0,0,Bioresource groups,NVM2006,VegMap 2006,"David Hoare, Michael Rutherford, Ladislav Mucina",27.0,0,,,4423.536843667118,854517.2207997275,6647.080680990984
Gd5,Gd5,Northern Drakensberg Highland Grassland,Grassland,6.0,Drakensberg Grassland Bioregion,11.0,0,0,Not captured,NVM2012,Scott-Shaw & Escott (2011),Rob Scott Shaw and Boyd Escott,27.0,0,,,193.75489672905292,2358.1521195643827,1237.5960949725527
Gd6,Gd6,Drakensberg-Amathole Afromontane Fynbos,Grassland,6.0,Drakensberg Grassland Bioregion,11.0,0,0,Not captured,NVM2012,Scott-Shaw & Escott (2011),Rob Scott Shaw and Boyd Escott,27.0,0,,,3468.446419237548,197718.751997383,21.619489663439076
Gd7,Gd7,uKhahlamba Basalt Grassland,Grassland,6.0,Drakensberg Grassland Bioregion,11.0,0,0,Not captured,NVM2012,Scott-Shaw & Escott (2011),Rob Scott Shaw and Boyd Escott,27.0,0,,,131.32119687110318,971.3094610185824,1346.875100524212
Gd8,Gd8,Lesotho Highland Basalt Grassland,Grassland,6.0,Drakensberg Grassland Bioregion,11.0,0,0,Modelled on abiotic variables,NVM2006,VegMap 2006,"David Hoare, Michael Rutherford, Ladislav Mucina",27.0,0,,,9618.82080325106,2563457.6708724597,20169.355291100284
Gh1,Gh1,Karoo Escarpment Grassland,Grassland,6.0,Dry Highveld Grassland Bioregion,10.0,0,0,Not captured,NVM2006,VegMap 2006,Jan Vlok,24.0,0,,,23640.04248184341,9504762.119912881,8370.629251920805
Gh10,Gh10,Vaal-Vet Sandy Grassland,Grassland,6.0,Dry Highveld Grassland Bioregion,10.0,0,0,Land Types,NVM2006,VegMap 2006,"H Bezuidenhout, L Mucina, G Bredenkamp, S Cilliers",24.0,0,more than 10km from the coast,,33837.677088568125,33075365.11438137,25965.64172616
Gh11,Gh11,Vredefort Dome Granite Grassland,Grassland,6.0,Dry Highveld Grassland Bioregion,10.0,0,0,Modelled on abiotic variables,NVM2006,VegMap 2006,"H Bezuidenhout, L Mucina, G Bredenkamp, S Cilliers",24.0,0,more than 10km from the coast,,8359.949515171367,4856088.812842641,923.5630013424462
Gh12,Gh12,Vaal Reefs Dolomite Sinkhole Woodland,Grassland,6.0,Dry Highveld Grassland Bioregion,10.0,0,0,Land Types,NVM2006,VegMap 2006,"H Bezuidenhout, L Mucina, G Bredenkamp, S Cilliers",24.0,0,more than 10km from the coast,,31222.475687425198,39471982.68168084,329.48863220621723
Gh13,Gh13,Klerksdorp Thornveld,Grassland,6.0,Dry Highveld Grassland Bioregion,10.0,,,"Satellite imagery, prev. maps, field verified",NVM2024,Desmet et al 2024 https://www.abcjournal.org/index.php/BothaliaABC/article/view/474,Philip Desmet et al,24.0,Terrestrial_None_None,more than 10km from the coast,,782670.099398758,3520081669.669358,3766.2457575492695
Gh14,Gh14,Western Highveld Sandy Grassland,Grassland,6.0,Dry Highveld Grassland Bioregion,10.0,,,"Satellite imagery, prev. maps, field verified",NVM2024,Desmet et al 2024 https://www.abcjournal.org/index.php/BothaliaABC/article/view/474,Philip Desmet et al,24.0,Terrestrial_None_None,more than 10km from the coast,,75725.15535373396,239168663.25057176,9187.439504927348
Gh15,Gh15,Carletonville Dolomite Grassland,Grassland,6.0,Dry Highveld Grassland Bioregion,10.0,0,0,Modelled on abiotic variables,NVM2006,VegMap 2006,"H Bezuidenhout, L Mucina, G Bredenkamp, S Cilliers",24.0,0,more than 10km from the coast,,44100.70815999024,56924451.84111673,8598.449545544563
Gh2,Gh2,Aliwal North Dry Grassland,Grassland,6.0,Dry Highveld Grassland Bioregion,10.0,0,0,Modelled on abiotic variables,NVM2006,VegMap 2006,"Ladislav Mucina, PJ du Preez, David Hoare",24.0,0,,,18956.921671957734,11795056.442265077,7163.187042334195
Gh3,Gh3,Xhariep Karroid Grassland,Grassland,6.0,Dry Highveld Grassland Bioregion,10.0,0,0,Land Types,NVM2006,VegMap 2006,"Ladislav Mucina, PJ du Preez, George Bredenkamp",24.0,0,,,36494.0694415669,19868414.61802811,13392.40856081146
Gh4,Gh4,Besemkaree Koppies Shrubland,Grassland,6.0,Dry Highveld Grassland Bioregion,10.0,0,0,Modelled on abiotic variables,NVM2006,VegMap 2006,"Ladislav Mucina, PJ du Preez, Les Powrie",28.0,0,,,11919.70982721596,3488920.2086165445,9677.841694575503
Gh5,Gh5,Bloemfontein Dry Grassland,Grassland,6.0,Dry Highveld Grassland Bioregion,10.0,0,0,Land Types,NVM2006,VegMap 2006,"Ladislav Mucina, PJ du Preez, George Bredenkamp",24.0,0,,,90718.89027706004,170940296.9792551,4949.619422992048
Gh6,Gh6,Central Free State Grassland,Grassland,6.0,Dry Highveld Grassland Bioregion,10.0,0,0,Land Types,NVM2006,VegMap 2006,"Ladislav Mucina, PJ du Preez, George Bredenkamp",24.0,0,,,3440.8707004167077,661485.5031232727,16012.890039715956
Gh7,Gh7,Winburg Grassy Shrubland,Grassland,6.0,Dry Highveld Grassland Bioregion,10.0,0,0,Land Types,NVM2006,VegMap 2006,"Ladislav Mucina, PJ du Preez",28.0,0,,,14623.075800277835,4353521.06852923,1571.9833787517111
Gh8,Gh8,Bloemfontein Karroid Shrubland,Grassland,6.0,Dry Highveld Grassland Bioregion,10.0,0,0,Land Types,NVM2006,VegMap 2006,"Ladislav Mucina, PJ du Preez",28.0,0,,,30415.278411677744,12688250.344240015,80.4758700059876
Gh9,Gh9,Western Free State Clay Grassland,Grassland,6.0,Dry Highveld Grassland Bioregion,10.0,0,0,Land Types,NVM2006,VegMap 2006,"Ladislav Mucina, PJ du Preez, George Bredenkamp",24.0,0,,,126795.97718714215,277874483.0343953,7074.3610315951155
Gm1,Gm1,Zastron Moist Grassland,Grassland,6.0,Mesic Highveld Grassland Bioregion,86.0,0,0,Not captured,NVM2006,VegMap 2006,"L Mucina, P du Preez",24.0,0,,,47020.690693340126,36551685.26580281,4268.1420865567625
Gm10,Gm10,Egoli Granite Grassland,Grassland,6.0,Mesic Highveld Grassland Bioregion,86.0,0,0,Modelled on abiotic variables,NVM2006,VegMap 2006,"L Mucina, P du Preez, G Bredenkamp, D Hoare",24.0,0,,,157836.47631150705,1093189288.068425,1093.1892880684245
Gm11,Gm11,Rand Highveld Grassland,Grassland,6.0,Mesic Highveld Grassland Bioregion,86.0,0,0,Land Types,NVM2006,VegMap 2006,"M Lotter, L Mucina, M Rutherford, G Bredenkamp, D Hoare, P Winter",24.0,0,more than 10km from the coast,,150716.55382835315,431587774.49712616,10508.964779777933
Gm12,Gm12,Eastern Highveld Grassland,Grassland,6.0,Mesic Highveld Grassland Bioregion,86.0,0,0,Land Types,NVM2006,VegMap 2006,"M Lotter, L Mucina, G Bredenkamp, D Hoare",24.0,0,,,1767024.3845383392,12772425252.900732,12772.425252900663
Gm13,Gm13,Amersfoort Highveld Clay Grassland,Grassland,6.0,Mesic Highveld Grassland Bioregion,86.0,0,0,Not captured,NVM2012,Scott-Shaw & Escott (2011),Rob Scott Shaw and Boyd Escott,27.0,0,,,792.3308360158917,26253.923057402237,3927.090912421068
Gm14,Gm14,Wakkerstroom Montane Grassland,Grassland,6.0,Mesic Highveld Grassland Bioregion,86.0,0,0,Not captured,NVM2012,NVMC 2012 (Mervyn Lotter),Mervyn C. Lotter,27.0,0,,,1263938.9936815344,2344806499.174444,3750.4149092849666
Gm15,Gm15,Paulpietersburg Moist Grassland,Grassland,6.0,Mesic Highveld Grassland Bioregion,86.0,0,0,Not captured,NVM2012,NVMC 2012 (Mervyn Lotter),Mervyn C. Lotter,24.0,0,,,663855.1570575893,1290739153.868895,4216.794698168797
Gm16,Gm16,KaNgwane Montane Grassland,Grassland,6.0,Mesic Highveld Grassland Bioregion,86.0,0,0,Some field verification,NVM2018,"Lotter,M.C. (2014)",Mervyn C. Lotter,24.0,0,,,506.25300400848175,10913.72150120469,9654.227498053062
Gm17,Gm17,Barberton Montane Grassland,Grassland,6.0,Mesic Highveld Grassland Bioregion,86.0,0,0,Some field verification,NVM2018,"Lotter,M.C. (2014)",Mervyn C. Lotter,27.0,0,,,690.9458858209044,12438.319526367035,1291.3708940485128
Gm19,Gm19,Sekhukhune Montane Grassland,Grassland,6.0,Mesic Highveld Grassland Bioregion,86.0,0,0,Not captured,NVM2006,VegMap 2006,"M Rutherford, G Bredenkamp, S&F Siebert",24.0,0,,,7493.019463202221,3026175.6273535606,1380.8778192068341
Gm2,Gm2,Senqu Montane Shrubland,Grassland,6.0,Mesic Highveld Grassland Bioregion,86.0,0,0,Land Types,NVM2006,VegMap 2006,"L Mucina, M Rutherford, K Kobisi, L Kose",28.0,0,,,3256522.6885480345,3736874921.907912,3736.8749219079223
Gm20,Gm20,Leolo Summit Sourveld,Grassland,6.0,Mesic Highveld Grassland Bioregion,86.0,0,0,Modelled on abiotic variables,NVM2006,VegMap 2006,"M Rutherford, G Bredenkamp, S&F Siebert",24.0,0,,,11711.512849613564,5803957.303977493,20.34440755930271
Gm21,Gm21,Lydenburg Thornveld,Grassland,6.0,Mesic Highveld Grassland Bioregion,86.0,0,0,Some field verification,NVM2018,"Lotter,M.C. (2014)",Mervyn C. Lotter,24.0,0,,,510.46686779937335,5974.891513782118,1551.0820843735391
Gm22,Gm22,Northern Escarpment Dolomite Grassland,Grassland,6.0,Mesic Highveld Grassland Bioregion,86.0,0,0,Some field verification,NVM2018,"Lotter,M.C. (2014)",Mervyn C. Lotter,27.0,0,,,376.82169570383115,6317.789934446578,939.1457730669679
Gm23,Gm23,Northern Escarpment Quartzite Sourveld,Grassland,6.0,Mesic Highveld Grassland Bioregion,86.0,0,0,Some field verification,NVM2018,"Lotter,M.C. (2014)",Mervyn C. Lotter,27.0,0,,,330.0336470717935,4865.942038171544,1373.9140288134522
Gm24,Gm24,Northern Escarpment Afromontane Fynbos,Grassland,6.0,Mesic Highveld Grassland Bioregion,86.0,0,0,Some field verification,NVM2018,"Lotter,M.C. (2014)",Mervyn C. Lotter,27.0,0,,,2628.6016817904765,65914.79093617736,10.00343409267098
Gm25,Gm25,Woodbush Granite Grassland,Grassland,6.0,Mesic Highveld Grassland Bioregion,86.0,0,0,Digitised from satellite imagery,NVM2018,Digitised (Vincent Egan ed. Pieter Winter),Vincent Egan and Pieter Winter,27.0,0,,,240.98155905955142,916.996964106222,430.6202466891067
Gm26,Gm26,Wolkberg Dolomite Grassland,Grassland,6.0,Mesic Highveld Grassland Bioregion,86.0,0,0,Modelled on abiotic variables,NVM2006,VegMap 2006,"M Lotter, L Mucina, J Burrows",27.0,0,,,9931.166117463239,4375846.020908224,260.6010087918111
Gm27,Gm27,Strydpoort Summit Sourveld,Grassland,6.0,Mesic Highveld Grassland Bioregion,86.0,0,0,Not captured,NVM2006,VegMap 2006,"M Lotter, J Burrows",24.0,0,,,6995.584631643793,1467616.8015339759,268.0508570215743
Gm28,Gm28,Soutpansberg Summit Sourveld,Grassland,6.0,Mesic Highveld Grassland Bioregion,86.0,0,0,Not captured,NVM2006,VegMap 2006,"L Mucina, M Rutherford, T Mostert",24.0,0,,,7739.143814891939,1251229.70520955,93.88564700703988
Gm29,Gm29,Waterberg-Magaliesberg Summit Sourveld,Grassland,6.0,Mesic Highveld Grassland Bioregion,86.0,0,0,Modelled on abiotic variables,NVM2006,VegMap 2006,"Mervyn Lotter, Ladislav Mucina, Michael Rutherford",24.0,0,more than 10km from the coast,,4686.39980319147,1429996.3514726341,523.2516057575496
Gm3,Gm3,Eastern Free State Clay Grassland,Grassland,6.0,Mesic Highveld Grassland Bioregion,86.0,0,0,Land Types,NVM2006,VegMap 2006,"L Mucina, P du Preez",24.0,0,,,1901.476360203141,206833.82445726596,15063.855604963814
Gm30,Gm30,Steenkampsberg Montane Grassland,Grassland,6.0,Mesic Highveld Grassland Bioregion,86.0,0,0,Mainly floristics,NVM2012,NVMC 2012 (Mervyn Lotter),Mervyn C. Lotter,24.0,0,,,284.9787869848492,4675.876278758064,3858.693491892177
Gm31,Gm31,Long Tom Pass Montane Grassland,Grassland,6.0,Mesic Highveld Grassland Bioregion,86.0,0,0,Mainly floristics,NVM2012,NVMC 2012 (Mervyn Lotter),Mervyn C. Lotter,24.0,0,,,1231.8263349685374,70589.65838713723,1048.1363359095988
Gm4,Gm4,Eastern Free State Sandy Grassland,Grassland,6.0,Mesic Highveld Grassland Bioregion,86.0,0,0,Not captured,NVM2012,Scott-Shaw & Escott (2011),Rob Scott Shaw and Boyd Escott,24.0,0,,,1588.470684659238,76005.43065771846,14254.639943061758
Gm5,Gm5,Basotho Montane Shrubland,Grassland,6.0,Mesic Highveld Grassland Bioregion,86.0,0,0,Modelled on abiotic variables,NVM2006,VegMap 2006,"L Mucina, M Rutherford, P du Preez, L Powrie",28.0,0,,,42804.788248387,16590787.119861593,3469.7519467849907
Gm6,Gm6,Frankfort Highveld Grassland,Grassland,6.0,Mesic Highveld Grassland Bioregion,86.0,0,0,Land Types,NVM2006,VegMap 2006,"L Mucina, M Rutherford, G Bredenkamp, P du Preez",24.0,0,,,1351110.4260631688,9891631168.789936,9891.631168789918
Gm7,Gm7,Northern Free State Shrubland,Grassland,6.0,Mesic Highveld Grassland Bioregion,86.0,0,0,Land Types,NVM2006,VegMap 2006,"L Mucina, P du Preez",28.0,0,,,6335.968088128991,593782.8128092122,30.025196023896882
Gm8,Gm8,Soweto Highveld Grassland,Grassland,6.0,Mesic Highveld Grassland Bioregion,86.0,0,0,Land Types,NVM2006,VegMap 2006,"M Lotter, L Mucina, M Rutherford G Bredenkamp, D Hoare",24.0,0,,,11032.820385525509,1544532.1041814054,14492.859296646811
Gm9,Gm9,Tsakane Clay Grassland,Grassland,6.0,Mesic Highveld Grassland Bioregion,86.0,0,0,Land Types,NVM2006,VegMap 2006,"L Mucina, M Rutherford, D Hoare",24.0,0,,,73442.13484686684,71763733.25725657,1313.224061964798
Gs1,Gs1,Northern Zululand Mistbelt Grassland,Grassland,6.0,Sub-Escarpment Grassland Bioregion,29.0,0,0,Not captured,NVM2012,Scott-Shaw & Escott (2011),Rob Scott Shaw and Boyd Escott,23.0,0,,,4691.799027723446,443762.7207733659,539.2440634741671
Gs10,Gs10,Drakensberg Foothill Moist Grassland,Grassland,6.0,Sub-Escarpment Grassland Bioregion,29.0,0,0,Not captured,NVM2012,Scott-Shaw & Escott (2011),Rob Scott Shaw and Boyd Escott,23.0,0,,,578.4528423608385,15709.439698473108,10944.688361241122
Gs11,Gs11,Southern KwaZulu-Natal Moist Grassland,Grassland,6.0,Sub-Escarpment Grassland Bioregion,29.0,0,0,Not captured,NVM2012,Scott-Shaw & Escott (2011),Rob Scott Shaw and Boyd Escott,23.0,0,,,494.24853709758025,12385.728292596737,2342.1280975907985
Gs12,Gs12,East Griqualand Grassland,Grassland,6.0,Sub-Escarpment Grassland Bioregion,29.0,0,0,Not captured,NVM2012,Scott-Shaw & Escott (2011),Rob Scott Shaw and Boyd Escott,23.0,0,,,676.1716350001859,8495.608304546044,8728.1379109763
Gs13,Gs13,Mabela Sandy Grassland,Grassland,6.0,Sub-Escarpment Grassland Bioregion,29.0,0,0,Not captured,NVM2012,Scott-Shaw & Escott (2011),Rob Scott Shaw and Boyd Escott,23.0,0,,,159586.1727951253,323732156.3660461,492.94582584122793
Gs14,Gs14,Mthatha Moist Grassland,Grassland,6.0,Sub-Escarpment Grassland Bioregion,29.0,0,0,Digitised from satellite imagery,NVM2006,VegMap 2006,"K Camp, R Scott Shaw, M Lotter, D Hoare",23.0,0,,,305.873925693665,3862.2013738756345,5281.642314561678
Gs15,Gs15,Tsomo Grassland,Grassland,6.0,Sub-Escarpment Grassland Bioregion,29.0,0,0,Digitised from satellite imagery,NVM2006,VegMap 2006,"K Camp, R Scott Shaw, M Lotter, D Hoare",23.0,0,,,232447.53852738786,399775775.02992576,6137.250238864467
Gs16,Gs16,Queenstown Thornveld,Grassland,6.0,Sub-Escarpment Grassland Bioregion,29.0,0,0,Digitised from satellite imagery,NVM2006,VegMap 2006,"K Camp, R Scott Shaw, M Lotter, D Hoare",23.0,0,,,48019.12768231148,77860598.10238676,3606.30333765915
Gs17,Gs17,Tarkastad Montane Shrubland,Grassland,6.0,Sub-Escarpment Grassland Bioregion,29.0,0,0,Digitised from satellite imagery,NVM2006,VegMap 2006,"K Camp, R Scott Shaw, M Lotter, D Hoare",28.0,0,,,8611.940388533714,3062005.2492072596,4242.255177017539
Gs18,Gs18,Bedford Dry Grassland,Grassland,6.0,Sub-Escarpment Grassland Bioregion,29.0,0,0,Digitised from satellite imagery,NVM2006,VegMap 2006,"K Camp, R Scott Shaw, M Lotter, D Hoare",23.0,0,,,2602.5125688874577,138796.61995041565,1433.9483401712178
Gs19,Gs19,Dry Coast Hinterland Grassland,Grassland,6.0,Sub-Escarpment Grassland Bioregion,29.0,0,0,Not captured,NVM2012,Scott-Shaw & Escott (2011),Rob Scott Shaw and Boyd Escott,25.0,0,,,47476.795360335986,39120499.762588635,3024.238934905856
Gs2,Gs2,Ithala Quartzite Sourveld,Grassland,6.0,Sub-Escarpment Grassland Bioregion,29.0,0,0,Not captured,NVM2012,Scott-Shaw & Escott (2011),Rob Scott Shaw and Boyd Escott,27.0,0,,,64332.69153730051,47636358.82299919,1545.4809696046718
Gs20,Gs20,Moist Coast Hinterland Grassland,Grassland,6.0,Sub-Escarpment Grassland Bioregion,29.0,0,0,Not captured,NVM2012,Scott-Shaw & Escott (2011),Rob Scott Shaw and Boyd Escott,25.0,0,,,423.4819685386348,8116.450823404244,6280.577253472201
Gs3,Gs3,Low Escarpment Moist Grassland,Grassland,6.0,Sub-Escarpment Grassland Bioregion,29.0,0,0,Not captured,NVM2012,Scott-Shaw & Escott (2011),Rob Scott Shaw and Boyd Escott,23.0,0,,,2254.269091773663,61152.49543790679,1742.281135858717
Gs4,Gs4,Northern KwaZulu-Natal Moist Grassland,Grassland,6.0,Sub-Escarpment Grassland Bioregion,29.0,0,0,Not captured,NVM2012,Scott-Shaw & Escott (2011),Rob Scott Shaw and Boyd Escott,24.0,0,,,477.692161693214,2941.8347137215883,7440.4132505506195
Gs6,Gs6,KwaZulu-Natal Highland Thornveld,Grassland,6.0,Sub-Escarpment Grassland Bioregion,29.0,0,0,Not captured,NVM2012,Scott-Shaw & Escott (2011),Rob Scott Shaw and Boyd Escott,23.0,0,,,1587.4338852208418,46518.903364744605,5227.4643666380125
Gs7,Gs7,Income Sandy Grassland,Grassland,6.0,Sub-Escarpment Grassland Bioregion,29.0,0,0,Not captured,NVM2012,Scott-Shaw & Escott (2011),Rob Scott Shaw and Boyd Escott,23.0,0,,,716.5970980029265,10136.187172013331,4653.627967687607
Gs8,Gs8,Mooi River Highland Grassland,Grassland,6.0,Sub-Escarpment Grassland Bioregion,29.0,0,0,Not captured,NVM2012,Scott-Shaw & Escott (2011),Rob Scott Shaw and Boyd Escott,23.0,0,,,261.1158269733456,1100.615108714017,2862.4254677118565
Gs9,Gs9,Midlands Mistbelt Grassland,Grassland,6.0,Sub-Escarpment Grassland Bioregion,29.0,0,0,Not captured,NVM2012,Scott-Shaw & Escott (2011),Rob Scott Shaw and Boyd Escott,23.0,0,,,184.1768624033932,671.0438683411255,6972.190045360566
NKb1,NKb1,Lower Gariep Broken Veld,Nama-Karoo,3.0,Bushmanland Bioregion,63.0,0,0,Some field verification,NVM2018,Desmet_2017,Philip Desmet,21.0,0,,,44268.89620472893,53397379.39961256,4671.147179783667
NKb2,NKb2,Blouputs Karroid Thornveld,Nama-Karoo,3.0,Bushmanland Bioregion,63.0,0,0,Land Types,NVM2006,VegMap 2006,"L Mucina, W Lloyd, Bertie vd Merwe, M Rutherford, H Bezuidenhout",21.0,0,,,117540.29047864255,183191707.1327952,607.4613040996513
NKb3,NKb3,Bushmanland Arid Grassland,Nama-Karoo,3.0,Bushmanland Bioregion,63.0,0,0,Some field verification,NVM2018,Desmet & Helme (2010)_WCDM,Philip Desmet,21.0,0,,,13878.581505583308,3151731.3088956457,41253.42975297204
NKb4,NKb4,Bushmanland Sandy Grassland,Nama-Karoo,3.0,Bushmanland Bioregion,63.0,0,0,Modelled on abiotic variables,NVM2006,VegMap 2006,"Ladislav Mucina, Wendy Lloyd, Bertie van der Merwe",21.0,0,,,42186.32436291205,30643444.290496662,2677.147083987167
NKb5,NKb5,Kalahari Karroid Shrubland,Nama-Karoo,3.0,Bushmanland Bioregion,63.0,0,0,Land Types,NVM2006,VegMap 2006,"Ladislav Mucina, Wendy Lloyd, Bertie van der Merwe",21.0,0,,,136788.75122392096,228898030.12938118,8638.86964438292
NKb6,NKb6,Bushmanland Basin Shrubland,Nama-Karoo,3.0,Bushmanland Bioregion,63.0,0,0,Land Types,NVM2006,VegMap 2006,"Ladislav Mucina, Wendy Lloyd, Bertie van der Merwe",21.0,0,,,12061.647605998713,6086402.045924788,41250.753225839326
NKl1,NKl1,Gamka Karoo,Nama-Karoo,3.0,Lower Karoo Bioregion,65.0,0,0,Land Types,NVM2006,VegMap 2006,Jan Vlok,16.0,0,,,3270018.73442168,16874084795.173132,20205.969923000688
NKl2,NKl2,Eastern Lower Karoo,Nama-Karoo,3.0,Lower Karoo Bioregion,65.0,0,0,Land Types,NVM2006,VegMap 2006,Jan Vlok,16.0,0,,,70377.12582276118,81483718.23788138,8321.404972282795
NKl4,NKl4,Albany Broken Veld,Nama-Karoo,3.0,Lower Karoo Bioregion,65.0,0,0,Land Types,NVM2006,VegMap 2006,Jan Vlok,16.0,0,,,3199.96303743343,291170.5973855695,742.7115001687786
NKu1,NKu1,Western Upper Karoo,Nama-Karoo,3.0,Upper Karoo Bioregion,64.0,0,0,Land Types,NVM2006,VegMap 2006,"Ladislav Mucina, Wendy Lloyd, Bertie van der Merwe",21.0,0,,,320205.27017228666,408555635.7908912,17149.622531068686
NKu2,NKu2,Upper Karoo Hardeveld,Nama-Karoo,3.0,Upper Karoo Bioregion,64.0,0,0,Land Types,NVM2006,VegMap 2006,Jan Vlok,21.0,0,,,5229.478406036549,890785.0467001753,11734.300186392315
NKu3,NKu3,Northern Upper Karoo,Nama-Karoo,3.0,Upper Karoo Bioregion,64.0,0,0,Land Types,NVM2006,VegMap 2006,"Ladislav Mucina, Wendy Lloyd, Bertie van der Merwe",21.0,0,,,75549.7247732952,133622195.31614372,42273.573292670386
NKu4,NKu4,Eastern Upper Karoo,Nama-Karoo,3.0,Upper Karoo Bioregion,64.0,0,0,Land Types,NVM2006,VegMap 2006,Jan Vlok,21.0,0,,,2977.619021281296,242366.61737591395,49834.30865624216
SKk1,SKk1,Northern Knersvlakte Vygieveld,Succulent Karoo,2.0,Knersvlakte Bioregion,40.0,0,0,Some field verification,NVM2018,Desmet & Helme (2010)_WCDM,Philip Desmet,28.0,0,,,37229.20778404045,33330619.888273533,1673.783428350276
SKk2,SKk2,Central Knersvlakte Vygieveld,Succulent Karoo,2.0,Knersvlakte Bioregion,40.0,0,0,Some field verification,NVM2018,Desmet & Helme (2010)_WCDM,Philip Desmet,28.0,0,,,30668.051892376967,7692603.578628954,129.88801951269238
SKk3,SKk3,Knersvlakte Quartz Vygieveld,Succulent Karoo,2.0,Knersvlakte Bioregion,40.0,0,0,Some field verification,NVM2018,Desmet & Helme (2010)_WCDM,Philip Desmet,28.0,0,Coastal Polygon,,2040.5902596650706,65481.99497145869,1320.8710582415479
SKk4,SKk4,Knersvlakte Shale Vygieveld,Succulent Karoo,2.0,Knersvlakte Bioregion,40.0,0,0,Some field verification,NVM2018,Desmet & Helme (2010)_WCDM,Philip Desmet,28.0,0,,,77278.98603987682,16326540.644657673,983.556443245091
SKk5,SKk5,Vanrhynsdorp Gannabosveld,Succulent Karoo,2.0,Knersvlakte Bioregion,40.0,0,0,Some field verification,NVM2018,Desmet & Helme (2010)_WCDM,Philip Desmet,28.0,0,,,1073.5923475897946,51562.45269949825,988.552421398977
SKk6,SKk6,Knersvlakte Dolomite Vygieveld,Succulent Karoo,2.0,Knersvlakte Bioregion,40.0,0,0,Some field verification,NVM2018,Desmet & Helme (2010)_WCDM,Philip Desmet,28.0,0,,,921.9913202260705,39629.2146632522,59.82790434450998
SKk7,SKk7,Citrusdal Vygieveld,Succulent Karoo,2.0,Knersvlakte Bioregion,40.0,0,0,Some field verification,NVM2009,Helme (2007) WC,Nick Helme,28.0,0,,,2484.410080504251,346058.25698595156,185.200138112013
SKk8,SKk8,Piketberg Quartz Succulent Shrubland,Succulent Karoo,2.0,Knersvlakte Bioregion,40.0,0,0,Some field verification,NVM2009,Helme (2007) WC,Nick Helme,26.0,0,,,3672.0079242217316,257596.7386435479,2.855843510510072
SKk9,SKk9,Kobee Succulent Shrubland,Succulent Karoo,2.0,Knersvlakte Bioregion,40.0,0,0,Some field verification,NVM2018,Desmet & Helme (2010)_WCDM,Philip Desmet,29.0,0,,,11403.549865034873,2230235.116270141,142.7680681367051
SKn1,SKn1,Namaqualand Klipkoppe Shrubland,Succulent Karoo,2.0,Namaqualand Hardeveld Bioregion,1.0,0,0,Some field verification,NVM2018,Desmet & Helme (2010)_WCDM,Philip Desmet,28.0,0,,,1674.0854776349831,194171.91490343542,7582.216910396822
SKn2,SKn2,Namaqualand Shale Shrubland,Succulent Karoo,2.0,Namaqualand Hardeveld Bioregion,1.0,0,0,Some field verification,NVM2018,Desmet_2017,Philip Desmet,24.0,0,,,15707.387554256642,8953391.593150973,539.3620685988072
SKn3,SKn3,Namaqualand Blomveld,Succulent Karoo,2.0,Namaqualand Hardeveld Bioregion,1.0,0,0,Some field verification,NVM2018,Desmet & Helme (2010)_WCDM,Philip Desmet,28.0,0,,,3019.661375719554,384716.9065218587,3107.991977546893
SKn4,SKn4,Namaqualand Heuweltjieveld,Succulent Karoo,2.0,Namaqualand Hardeveld Bioregion,1.0,0,0,Some field verification,NVM2018,Desmet & Helme (2010)_WCDM,Philip Desmet,28.0,0,,,1880.3169465878589,125693.87495671782,5040.594568144278
SKn5,SKn5,Platbakkies Succulent Shrubland,Succulent Karoo,2.0,Namaqualand Hardeveld Bioregion,1.0,0,0,Some field verification,NVM2018,Desmet & Helme (2010)_WCDM,Philip Desmet,28.0,0,,,36254.31281097961,18887004.566712547,653.3404353658225
SKn6,SKn6,Kamiesberg Mountains Shrubland,Succulent Karoo,2.0,Namaqualand Hardeveld Bioregion,1.0,0,0,Some field verification,NVM2018,Desmet & Helme (2010)_WCDM,Philip Desmet,28.0,0,,,17787.975690240866,3564821.6132844267,396.84595843909693
SKn7,SKn7,Southern Namaqualand Quartzite Klipkoppe Shrubland,Succulent Karoo,2.0,Namaqualand Hardeveld Bioregion,1.0,0,0,Some field verification,NVM2018,Desmet & Helme (2010)_WCDM,Philip Desmet,28.0,0,,,6926.440371901079,897705.5024155898,997.1506774503245
SKr1,SKr1,Central Richtersveld Mountain Shrubland,Succulent Karoo,2.0,Richtersveld Bioregion,38.0,0,0,Digitised from satellite imagery,NVM2006,VegMap 2006,N Jurgens,28.0,0,,,562978.400616789,1200383254.3134983,1200.3832543134981
SKr10,SKr10,Die Plate Succulent Shrubland,Succulent Karoo,2.0,Richtersveld Bioregion,38.0,0,0,Digitised from satellite imagery,NVM2006,VegMap 2006,N Jurgens,28.0,0,,,67083.5211467654,127563229.42621323,127.56322942621318
SKr11,SKr11,Rooiberg Quartz Vygieveld,Succulent Karoo,2.0,Richtersveld Bioregion,38.0,0,0,Digitised from satellite imagery,NVM2006,VegMap 2006,N Jurgens,28.0,0,,,90274.40340435476,129275079.07963006,129.2750790796301
SKr12,SKr12,Kosiesberg Succulent Shrubland,Succulent Karoo,2.0,Richtersveld Bioregion,38.0,0,0,Digitised from satellite imagery,NVM2006,VegMap 2006,N Jurgens,28.0,0,,,409919.3115832488,612146962.152463,612.1469621524637
SKr13,SKr13,Southern Richtersveld Scorpionstailveld,Succulent Karoo,2.0,Richtersveld Bioregion,38.0,0,0,Digitised from satellite imagery,NVM2006,VegMap 2006,N Jurgens,28.0,0,,,597420.0553851372,722663619.9634638,722.6636199634636
SKr14,SKr14,Southern Richtersveld Inselberg Shrubland,Succulent Karoo,2.0,Richtersveld Bioregion,38.0,0,0,Digitised from satellite imagery,NVM2006,VegMap 2006,N Jurgens,28.0,0,,,11668.640194181186,5783314.677058312,365.5765515253437
SKr15,SKr15,Anenous Plateau Shrubland,Succulent Karoo,2.0,Richtersveld Bioregion,38.0,0,0,Digitised from satellite imagery,NVM2006,VegMap 2006,N Jurgens,28.0,0,,,127976.93106822931,241766146.3414675,241.76614634146765
SKr16,SKr16,Umdaus Mountains Succulent Shrubland,Succulent Karoo,2.0,Richtersveld Bioregion,38.0,0,0,Digitised from satellite imagery,NVM2006,VegMap 2006,N Jurgens,28.0,0,,,8489.828951528503,2979257.037944875,432.8471594174377
SKr17,SKr17,Eenriet Plains Succulent Shrubland,Succulent Karoo,2.0,Richtersveld Bioregion,38.0,0,0,Digitised from satellite imagery,NVM2006,VegMap 2006,N Jurgens,28.0,0,,,75836.84612447309,161764783.10007784,260.74560574558586
SKr18,SKr18,Bushmanland Inselberg Shrubland,Succulent Karoo,2.0,Richtersveld Bioregion,38.0,0,0,Some field verification,NVM2018,Desmet et al (2005)_BCI,Philip Desmet,34.0,0,,,3590.9233762956787,731971.3528428447,817.719786837961
SKr19,SKr19,Aggeneys Gravel Vygieveld,Succulent Karoo,2.0,Richtersveld Bioregion,38.0,0,0,Some field verification,NVM2018,Desmet et al (2005)_BCI,Philip Desmet,18.0,0,,,4622.652424351099,1058514.674728832,372.04514462925766
SKr2,SKr2,Upper Annisvlakte Succulent Shrubland,Succulent Karoo,2.0,Richtersveld Bioregion,38.0,0,0,Some field verification,NVM2018,Desmet_2017,Philip Desmet,28.0,0,,,30710.22023067594,34480056.84377166,192.10896442392146
SKr3,SKr3,Goariep Mountain Succulent Shrubland,Succulent Karoo,2.0,Richtersveld Bioregion,38.0,0,0,Digitised from satellite imagery,NVM2006,VegMap 2006,N Jurgens,28.0,0,,,56999.98105160167,170777305.9928703,170.77730599287023
SKr4,SKr4,Lekkersing Succulent Shrubland,Succulent Karoo,2.0,Richtersveld Bioregion,38.0,0,0,Some field verification,NVM2018,Desmet_2017,Philip Desmet,28.0,0,,,12543.016683516202,4425539.800634626,836.2444526676749
SKr5,SKr5,Vyftienmyl se Berge Succulent Shrubland,Succulent Karoo,2.0,Richtersveld Bioregion,38.0,0,0,Digitised from satellite imagery,NVM2006,VegMap 2006,N Jurgens,28.0,0,,,21274.743142707102,18372019.752031047,18.37201975203105
SKr6,SKr6,Stinkfonteinberge Eastern Apron Shrubland,Succulent Karoo,2.0,Richtersveld Bioregion,38.0,0,0,Digitised from satellite imagery,NVM2006,VegMap 2006,N Jurgens,28.0,0,,,105276.92577860379,65869296.09177211,65.8692960917721
SKr7,SKr7,Northern Richtersveld Scorpionstailveld,Succulent Karoo,2.0,Richtersveld Bioregion,38.0,0,0,Some field verification,NVM2018,Desmet_2017,Philip Desmet,28.0,0,,,11876.588820965886,3083116.9929472376,327.152793983918
SKr8,SKr8,Rosyntjieberg Succulent Shrubland,Succulent Karoo,2.0,Richtersveld Bioregion,38.0,0,0,Digitised from satellite imagery,NVM2006,VegMap 2006,N Jurgens,28.0,0,,,37180.34653764075,50551696.63801621,50.55169663801622
SKr9,SKr9,Tatasberg Mountain Succulent Shrubland,Succulent Karoo,2.0,Richtersveld Bioregion,38.0,0,0,Digitised from satellite imagery,NVM2006,VegMap 2006,N Jurgens,34.0,0,,,8985.048325895452,3265676.2259333776,3.2656762259333774
SKs1,SKs1,Richtersveld Coastal Duneveld,Succulent Karoo,2.0,Namaqualand Sandveld Bioregion,39.0,0,0,Some field verification,NVM2018,Desmet_2017,Philip Desmet,26.0,0,Coastal Polygon,,199673.3668203359,177427636.8957804,508.05776954483315
SKs10,SKs10,Riethuis-Wallekraal Quartz Vygieveld,Succulent Karoo,2.0,Namaqualand Sandveld Bioregion,39.0,0,0,Some field verification,NVM2018,Helme & Desmet (2006)_KBERG,Philip Desmet,28.0,0,,,9239.716275327752,2323667.206166643,136.41495284900046
SKs11,SKs11,Namaqualand Arid Grassland,Succulent Karoo,2.0,Namaqualand Sandveld Bioregion,39.0,0,0,Some field verification,NVM2018,Desmet & Helme (2010)_WCDM,Philip Desmet,26.0,0,,,29021.31918993289,10151856.53319092,286.9727647063278
SKs12,SKs12,Namaqualand Spinescent Grassland,Succulent Karoo,2.0,Namaqualand Sandveld Bioregion,39.0,0,0,Some field verification,NVM2018,Desmet & Helme (2010)_WCDM,Philip Desmet,26.0,0,,,6432.965138028304,1385421.7352001744,469.9184206847043
SKs13,SKs13,Klawer Sandy Shrubland,Succulent Karoo,2.0,Namaqualand Sandveld Bioregion,39.0,0,0,Some field verification,NVM2009,Helme (2007) WC,Nick Helme,29.0,0,,,8383.782658242211,1416813.0101831087,201.11937213726762
SKs14,SKs14,Namaqualand Heuweltjie Strandveld,Succulent Karoo,2.0,Namaqualand Sandveld Bioregion,39.0,0,0,Some field verification,NVM2018,Desmet & Helme (2010)_WCDM,Philip Desmet,26.0,0,Coastal Polygon,,4401.9034603374375,933879.2390954463,838.9205622193821
SKs2,SKs2,Northern Richtersveld Yellow Duneveld,Succulent Karoo,2.0,Namaqualand Sandveld Bioregion,39.0,0,0,Some field verification,NVM2018,Desmet_2017,Philip Desmet,26.0,0,Coastal Polygon,,7024.779787734933,1208595.6563451753,536.0846818795445
SKs3,SKs3,Southern Richtersveld Yellow Duneveld,Succulent Karoo,2.0,Namaqualand Sandveld Bioregion,39.0,0,0,Digitised from satellite imagery,NVM2006,VegMap 2006,A le Roux,26.0,0,Coastal Polygon,,13823.909111027357,11550627.43621614,331.3979924395914
SKs4,SKs4,Richtersveld Sandy Coastal Scorpionstailveld,Succulent Karoo,2.0,Namaqualand Sandveld Bioregion,39.0,0,0,Some field verification,NVM2018,Desmet_2017,Philip Desmet,26.0,0,Coastal Polygon,,3512.5241616556887,503019.48081773816,449.0551124315018
SKs5,SKs5,Richtersveld Red Duneveld,Succulent Karoo,2.0,Namaqualand Sandveld Bioregion,39.0,0,0,Some field verification,NVM2018,Desmet_2017,Philip Desmet,26.0,0,,,5574.39962172499,699567.2663988426,566.1041322329994
SKs6,SKs6,Oograbies Plains Sandy Grassland,Succulent Karoo,2.0,Namaqualand Sandveld Bioregion,39.0,0,0,Digitised from satellite imagery,NVM2006,VegMap 2006,A le Roux,26.0,0,,,82302.06416640802,123303889.6456119,123.3038896456119
SKs7,SKs7,Namaqualand Strandveld,Succulent Karoo,2.0,Namaqualand Sandveld Bioregion,39.0,0,0,Some field verification,NVM2018,Desmet & Helme (2010)_WCDM,Philip Desmet,26.0,0,Coastal Polygon,,10383.603416887376,1550745.9119933895,3151.7387072836455
SKs8,SKs8,Namaqualand Coastal Duneveld,Succulent Karoo,2.0,Namaqualand Sandveld Bioregion,39.0,0,0,Some field verification,NVM2018,Desmet & Helme (2010)_WCDM,Philip Desmet,26.0,0,Coastal Polygon,,14455.949027971701,1568528.1614268138,868.0804807820235
SKs9,SKs9,Namaqualand Inland Duneveld,Succulent Karoo,2.0,Namaqualand Sandveld Bioregion,39.0,0,0,Some field verification,NVM2018,Desmet & Helme (2010)_WCDM,Philip Desmet,26.0,0,Coastal Polygon,,6114.326383482147,1029318.3958354007,917.425806820286
SKt1,SKt1,Western Bushmanland Klipveld,Succulent Karoo,2.0,Trans-Escarpment Succulent Karoo Bioregion,31.0,0,0,Some field verification,NVM2018,Desmet & Helme (2010)_WCDM,Philip Desmet,18.0,0,,,15944.393617156513,6781058.122532735,101.77278655688042
SKt2,SKt2,Hantam Karoo,Succulent Karoo,2.0,Trans-Escarpment Succulent Karoo Bioregion,31.0,0,0,Some field verification,NVM2018,Desmet & Helme (2010)_WCDM,Philip Desmet,18.0,0,,,21024.661826757867,16546702.339351075,7632.547419739093
SKt3,SKt3,Roggeveld Karoo,Succulent Karoo,2.0,Trans-Escarpment Succulent Karoo Bioregion,31.0,0,0,Not captured,NVM2006,VegMap 2006,"L Mucina, M Rutherford, J Vlok, D Euston Brown",18.0,0,,,2182.743588678056,230031.5755315048,5357.962567928969
SKv1,SKv1,Doringrivier Quartzite Karoo,Succulent Karoo,2.0,Rainshadow Valley Karoo Bioregion,67.0,0,0,Digitised from satellite imagery,NVM2009,Helme (2007) WC,Nick Helme,19.0,0,,,251.6730191022786,1565.5893374716911,540.7257926762104
SKv10,SKv10,Little Karoo Quartz Vygieveld,Succulent Karoo,2.0,Rainshadow Valley Karoo Bioregion,67.0,0,0,Some field verification,NVM2006,VegMap 2006,Jan Vlok,16.0,0,,,4626.672465084338,810793.2954847881,240.14423710593044
SKv11,SKv11,Eastern Little Karoo,Succulent Karoo,2.0,Rainshadow Valley Karoo Bioregion,67.0,0,0,Adapted from previous maps,NVM2006,VegMap 2006,Jan Vlok,16.0,0,,,5229.83244770577,1161674.5516310716,1578.5019008587537
SKv13,SKv13,Prince Albert Succulent Karoo,Succulent Karoo,2.0,Rainshadow Valley Karoo Bioregion,67.0,0,0,Adapted from previous maps,NVM2006,VegMap 2006,Jan Vlok,16.0,0,,,22259.046281115585,9447637.395140043,2555.216716486665
SKv14,SKv14,Steytlerville Karoo,Succulent Karoo,2.0,Rainshadow Valley Karoo Bioregion,67.0,0,0,Adapted from previous maps,NVM2006,VegMap 2006,Jan Vlok,16.0,0,,,2534.037317017946,202097.99169733844,793.3241516665624
SKv2,SKv2,Swartruggens Quartzite Karoo,Succulent Karoo,2.0,Rainshadow Valley Karoo Bioregion,67.0,0,0,Modelled on abiotic variables,NVM2006,VegMap 2006,"L Mucina, M Rutherford, J Vlok, D Euston Brown",19.0,0,,,7835.064707233518,939248.5158667397,559.3710217439535
SKv3,SKv3,Agter-Sederberg Shrubland,Succulent Karoo,2.0,Rainshadow Valley Karoo Bioregion,67.0,0,0,Some field verification,NVM2009,Helme (2007) WC,Nick Helme,19.0,0,,,16440.230239392724,7197497.000274272,928.575789449288
SKv4,SKv4,Tanqua Escarpment Shrubland,Succulent Karoo,2.0,Rainshadow Valley Karoo Bioregion,67.0,0,0,Not captured,NVM2006,VegMap 2006,"L Mucina, M Rutherford, J Vlok, D Euston Brown",19.0,0,,,1028135.9698996258,1318362190.1260662,1318.362190126067
SKv5,SKv5,Tanqua Karoo,Succulent Karoo,2.0,Rainshadow Valley Karoo Bioregion,67.0,0,0,Not captured,NVM2006,VegMap 2006,"L Mucina, M Rutherford, J Vlok, D Euston Brown",19.0,0,,,7489.447216891178,2998256.0835164427,6988.313259473285
SKv6,SKv6,Koedoesberge-Moordenaars Karoo,Succulent Karoo,2.0,Rainshadow Valley Karoo Bioregion,67.0,0,0,Adapted from previous maps,NVM2006,VegMap 2006,Jan Vlok,19.0,0,,,1529070.91794156,4714500746.709527,4714.500746709533
SKv7,SKv7,Robertson Karoo,Succulent Karoo,2.0,Rainshadow Valley Karoo Bioregion,67.0,0,0,Some field verification,NVM2009,Helme (2007) Upper Breede,Nick Helme,16.0,0,,,18618.213284817764,12259443.172735162,653.3689724012347
SKv8,SKv8,Western Little Karoo,Succulent Karoo,2.0,Rainshadow Valley Karoo Bioregion,67.0,0,0,Adapted from previous maps,NVM2006,VegMap 2006,Jan Vlok,16.0,0,,,52507.41122562487,88824753.44544412,4108.994978598501
SVcb1,SVcb1,Dwaalboom Thornveld,Savanna,7.0,Central Bushveld Bioregion,6.0,0,0,Land Types,NVM2006,VegMap 2006,"G Bredenkamp, W de Frey, R Robesson. M Lotter",19.0,0,more than 10km from the coast,,7343.233765416115,1017301.0040368252,6671.57735476544
SVcb10,SVcb10,Gauteng Shale Mountain Bushveld,Savanna,7.0,Central Bushveld Bioregion,6.0,0,0,Land Types,NVM2006,VegMap 2006,D Hoare,24.0,0,more than 10km from the coast,,5264.4982311802205,682137.2348407053,1442.1418029209217
SVcb11,SVcb11,Andesite Mountain Bushveld,Savanna,7.0,Central Bushveld Bioregion,6.0,,,"Satellite imagery, prev. maps, field verified",NVM2024,Desmet et al 2024 https://www.abcjournal.org/index.php/BothaliaABC/article/view/474,Philip Desmet et al,24.0,Terrestrial_None_None,more than 10km from the coast,,49071.52453314767,71422107.79478347,3285.5796616503685
SVcb12,SVcb12,Central Sandy Bushveld,Savanna,7.0,Central Bushveld Bioregion,6.0,0,0,Not captured,NVM2006,VegMap 2006,"G Bredenkamp, W de Frey, R Robesson. M Lotter",19.0,0,more than 10km from the coast,,9856.037020165786,645669.2275596057,17384.06913232875
SVcb13,SVcb13,Loskop Mountain Bushveld,Savanna,7.0,Central Bushveld Bioregion,6.0,0,0,Modelled on abiotic variables,NVM2006,VegMap 2006,"G Bredenkamp, W de Frey, R Robesson. M Lotter",24.0,0,,,32800.5432387505,42860686.594046056,2066.3084388882758
SVcb14,SVcb14,Loskop Thornveld,Savanna,7.0,Central Bushveld Bioregion,6.0,0,0,Land Types,NVM2006,VegMap 2006,"G Bredenkamp, W de Frey, R Robesson. M Lotter",19.0,0,,,112564.60601073735,221849186.43906096,759.9110859669908
SVcb15,SVcb15,Springbokvlakte Thornveld,Savanna,7.0,Central Bushveld Bioregion,6.0,0,0,Land Types,NVM2006,VegMap 2006,"G Bredenkamp, W de Frey, R Robesson. M Lotter",19.0,0,more than 10km from the coast,,2612.113076009044,341204.0531867295,7198.198542664659
SVcb16,SVcb16,Western Sandy Bushveld,Savanna,7.0,Central Bushveld Bioregion,6.0,0,0,Not captured,NVM2006,VegMap 2006,"G Bredenkamp, W de Frey, R Robesson. M Lotter",19.0,0,more than 10km from the coast,,50670.105467402194,57765026.79172928,12095.614572259105
SVcb17,SVcb17,Waterberg Mountain Bushveld,Savanna,7.0,Central Bushveld Bioregion,6.0,0,0,Not captured,NVM2006,VegMap 2006,"G Bredenkamp, W de Frey, R Robesson. M Lotter",24.0,0,more than 10km from the coast,,42549.63476366614,47734980.108889095,8901.169022241447
SVcb18,SVcb18,Roodeberg Bushveld,Savanna,7.0,Central Bushveld Bioregion,6.0,0,0,Not captured,NVM2006,VegMap 2006,"G Bredenkamp, W de Frey, R Robesson. M Lotter",19.0,0,,,1064210.0484331388,6496368629.371329,6496.3686293713345
SVcb19,SVcb19,Limpopo Sweet Bushveld,Savanna,7.0,Central Bushveld Bioregion,6.0,0,0,Not captured,NVM2006,VegMap 2006,"G Bredenkamp, W de Frey, R Robesson. M Lotter",19.0,0,,,16487.179407807413,11708254.127507655,12021.706621197014
SVcb2,SVcb2,Madikwe Dolomite Bushveld,Savanna,7.0,Central Bushveld Bioregion,6.0,0,0,Modelled on abiotic variables,NVM2006,VegMap 2006,"G Bredenkamp, W de Frey, R Robesson. M Lotter",19.0,0,more than 10km from the coast,,7130.997094793862,2978554.171786559,1107.4967045344592
SVcb20,SVcb20,Makhado Sweet Bushveld,Savanna,7.0,Central Bushveld Bioregion,6.0,0,0,Not captured,NVM2006,VegMap 2006,"G Bredenkamp, W de Frey, R Robesson. M Lotter",19.0,0,,,1104044.6641705004,10110907603.905966,10110.907603905966
SVcb21,SVcb21,Soutpansberg Mountain Bushveld,Savanna,7.0,Central Bushveld Bioregion,6.0,0,0,Land Types,NVM2006,VegMap 2006,"G Bredenkamp, W de Frey, R Robesson. M Lotter",24.0,0,,,11239.274371004412,7033387.918729372,4147.75017522462
SVcb22,SVcb22,VhaVenda Miombo,Savanna,7.0,Central Bushveld Bioregion,6.0,0,0,Some field verification,NVM2024,Bothalia,Erich van Wyk,36.0,0,,,5836.811049519717,601990.0503296793,0.6019900503296797
SVcb23,SVcb23,Polokwane Plateau Bushveld,Savanna,7.0,Central Bushveld Bioregion,6.0,0,0,Not captured,NVM2006,VegMap 2006,"G Bredenkamp, W de Frey, R Robesson. M Lotter",19.0,0,,,1042867.105446828,4445326311.638694,4445.326311638693
SVcb24,SVcb24,Mamabolo Mountain Bushveld,Savanna,7.0,Central Bushveld Bioregion,6.0,0,0,Not captured,NVM2006,VegMap 2006,P Winter,24.0,0,,,32682.496630261812,12622597.180466129,666.9290986980286
SVcb25,SVcb25,Poung Dolomite Mountain Bushveld,Savanna,7.0,Central Bushveld Bioregion,6.0,0,0,Modelled on abiotic variables,NVM2006,VegMap 2006,"G Bredenkamp, W de Frey, R Robesson. M Lotter",24.0,0,,,136924.4132242501,129612677.77205029,891.3484281208632
SVcb26,SVcb26,Ohrigstad Mountain Bushveld,Savanna,7.0,Central Bushveld Bioregion,6.0,0,0,Some field verification,NVM2018,"Lotter,M.C. (2014)",Mervyn C. Lotter,24.0,0,,,351.5970956320008,2248.7041815553926,2000.0247099875903
SVcb27,SVcb27,Sekhukhune Plains Bushveld,Savanna,7.0,Central Bushveld Bioregion,6.0,0,0,Not captured,NVM2006,VegMap 2006,"G Bredenkamp, W de Frey, R Robesson. M Lotter",19.0,0,,,940392.8411506421,2522832481.0299444,2522.832481029946
SVcb28,SVcb28,Sekhukhune Mountain Bushveld,Savanna,7.0,Central Bushveld Bioregion,6.0,0,0,Not captured,NVM2006,VegMap 2006,"G Bredenkamp, W de Frey, R Robesson. M Lotter",24.0,0,,,51716.69669887373,66625950.340083666,2316.095093205349
SVcb29,SVcb29,Central Sandy Mountain Bushveld,Savanna,7.0,Central Bushveld Bioregion,6.0,,,"Satellite imagery, prev. maps, field verified",NVM2024,Desmet et al 2024 https://www.abcjournal.org/index.php/BothaliaABC/article/view/474,Philip Desmet et al,19.0,Terrestrial_None_None,more than 10km from the coast,,6009.792779460484,1775472.79028545,388.1848405900904
SVcb3,SVcb3,Zeerust Thornveld,Savanna,7.0,Central Bushveld Bioregion,6.0,,,"Satellite imagery, prev. maps, field verified",NVM2024,Desmet et al 2024 https://www.abcjournal.org/index.php/BothaliaABC/article/view/474,Philip Desmet et al,19.0,Terrestrial_None_None,more than 10km from the coast,,87251.01773681429,118891045.3231217,1334.6302005628272
SVcb4,SVcb4,Dwarsberg-Swartruggens Mountain Bushveld,Savanna,7.0,Central Bushveld Bioregion,6.0,,,"Satellite imagery, prev. maps, field verified",NVM2024,Desmet et al 2024 https://www.abcjournal.org/index.php/BothaliaABC/article/view/474,Philip Desmet et al,24.0,Terrestrial_None_None,more than 10km from the coast,,44480.74138304533,20381223.33577531,4160.704169129654
SVcb5,SVcb5,Pilanesberg Mountain Bushveld,Savanna,7.0,Central Bushveld Bioregion,6.0,,,"Satellite imagery, prev. maps, field verified",NVM2024,Desmet et al 2024 https://www.abcjournal.org/index.php/BothaliaABC/article/view/474,Philip Desmet et al,24.0,Terrestrial_None_None,more than 10km from the coast,,3225.742578342362,510338.6351446944,367.145264268724
SVcb6,SVcb6,Marikana Thornveld,Savanna,7.0,Central Bushveld Bioregion,6.0,0,0,Land Types,NVM2006,VegMap 2006,"G Bredenkamp,WdeFrey,R Robesson,M Lotter,J Burrows,S Williamson,Hoare",19.0,0,more than 10km from the coast,,421151.408535116,977773741.2420928,2285.0667856565615
SVcb7,SVcb7,Norite Koppies Bushveld,Savanna,7.0,Central Bushveld Bioregion,6.0,0,0,Modelled on abiotic variables,NVM2006,VegMap 2006,"G Bredenkamp, W de Frey, R Robesson. M Lotter",24.0,0,more than 10km from the coast,,21947.32950899208,9699397.835688625,491.34079597141937
SVcb8,SVcb8,Moot Plains Bushveld,Savanna,7.0,Central Bushveld Bioregion,6.0,0,0,Land Types,NVM2006,VegMap 2006,"G Bredenkamp, W de Frey, R Robesson. M Lotter",19.0,0,more than 10km from the coast,,105738.43528746557,100861173.85042065,1833.3654843277873
SVcb9,SVcb9,Gold Reef Mountain Bushveld,Savanna,7.0,Central Bushveld Bioregion,6.0,0,0,Land Types,NVM2006,VegMap 2006,"G Bredenkamp, W de Frey, R Robesson. M Lotter",24.0,0,more than 10km from the coast,,75216.0027188778,149708632.35894546,3108.454313262959
SVk1,SVk1,Mafikeng Bushveld,Savanna,7.0,Eastern Kalahari Bushveld Bioregion,8.0,,,"Satellite imagery, prev. maps, field verified",NVM2024,Desmet et al 2024 https://www.abcjournal.org/index.php/BothaliaABC/article/view/474,Philip Desmet et al,16.0,Terrestrial_None_None,more than 10km from the coast,,26531.531667471674,30820144.856445964,15445.008372551016
SVk10,SVk10,Kuruman Mountain Bushveld,Savanna,7.0,Eastern Kalahari Bushveld Bioregion,8.0,0,0,Not captured,NVM2006,VegMap 2006,"JSmit,JLubbinge,NvanRooyen, MRutherford,LMucina,HBezuidenhout,PduPreez",16.0,0,more than 10km from the coast,,4640.510491674486,1298209.7168511772,5839.004149160964
SVk11,SVk11,Molopo Bushveld,Savanna,7.0,Eastern Kalahari Bushveld Bioregion,8.0,0,0,Not captured,NVM2006,VegMap 2006,"JSmit,JLubbinge,NvanRooyen, MRutherford,LMucina,HBezuidenhout,PduPreez",16.0,0,more than 10km from the coast,,394448.91742780333,2899246648.2602205,13947.81488565085
SVk12,SVk12,Kathu Bushveld,Savanna,7.0,Eastern Kalahari Bushveld Bioregion,8.0,0,0,Not captured,NVM2006,VegMap 2006,"JSmit,JLubbinge,NvanRooyen, MRutherford,LMucina,HBezuidenhout,PduPreez",16.0,0,,,1141103.8846902647,5720272582.129985,7452.61641915819
SVk13,SVk13,Olifantshoek Plains Thornveld,Savanna,7.0,Eastern Kalahari Bushveld Bioregion,8.0,0,0,Not captured,NVM2006,VegMap 2006,"JSmit,JLubbinge,NvanRooyen, MRutherford,LMucina,HBezuidenhout,PduPreez",16.0,0,,,9782.847090490335,4535269.488862324,8517.68635061277
SVk14,SVk14,Postmasburg Thornveld,Savanna,7.0,Eastern Kalahari Bushveld Bioregion,8.0,0,0,Not captured,NVM2006,VegMap 2006,"JSmit,JLubbinge,NvanRooyen, MRutherford,LMucina,HBezuidenhout,PduPreez",16.0,0,,,351525.6402100962,929229869.5844204,929.229869584421
SVk15,SVk15,Koranna-Langeberg Mountain Bushveld,Savanna,7.0,Eastern Kalahari Bushveld Bioregion,8.0,0,0,Not captured,NVM2006,VegMap 2006,"JSmit,JLubbinge,NvanRooyen, MRutherford,LMucina,HBezuidenhout,PduPreez",16.0,0,,,7169.189013255264,1878610.678257006,1620.8900989850913
SVk16,SVk16,Gordonia Plains Shrubland,Savanna,7.0,Eastern Kalahari Bushveld Bioregion,8.0,0,0,Not captured,NVM2006,VegMap 2006,"JSmit,JLubbinge,NvanRooyen, MRutherford,LMucina,HBezuidenhout,PduPreez",16.0,0,,,3195.9295944103737,297912.28364485275,7918.612743219871
SVk17,SVk17,Vryburg Thornveld,Savanna,7.0,Eastern Kalahari Bushveld Bioregion,8.0,,,"Satellite imagery, prev. maps, field verified",NVM2024,Desmet et al 2024 https://www.abcjournal.org/index.php/BothaliaABC/article/view/474,Philip Desmet et al,16.0,Terrestrial_None_None,more than 10km from the coast,,549421.9210109322,2366082956.1608825,7366.4041322748835
SVk18,SVk18,Morokweng Thornveld,Savanna,7.0,Eastern Kalahari Bushveld Bioregion,8.0,,,"Satellite imagery, prev. maps, field verified",NVM2024,Desmet et al 2024 https://www.abcjournal.org/index.php/BothaliaABC/article/view/474,Philip Desmet et al,16.0,Terrestrial_None_None,more than 10km from the coast,,210348.30968963806,999598868.9852808,999.5988689852807
SVk2,SVk2,Stella Bushveld,Savanna,7.0,Eastern Kalahari Bushveld Bioregion,8.0,,,"Satellite imagery, prev. maps, field verified",NVM2024,Desmet et al 2024 https://www.abcjournal.org/index.php/BothaliaABC/article/view/474,Philip Desmet et al,16.0,Terrestrial_None_None,more than 10km from the coast,,44135.50416787493,70497983.4238695,4206.568547132465
SVk3,SVk3,Schweizer-Reneke Bushveld,Savanna,7.0,Eastern Kalahari Bushveld Bioregion,8.0,,,"Satellite imagery, prev. maps, field verified",NVM2024,Desmet et al 2024 https://www.abcjournal.org/index.php/BothaliaABC/article/view/474,Philip Desmet et al,16.0,Terrestrial_None_None,more than 10km from the coast,,212109.36200348413,1366935191.5954823,1366.9351915954837
SVk4,SVk4,Kimberley Thornveld,Savanna,7.0,Eastern Kalahari Bushveld Bioregion,8.0,0,0,Land Types,NVM2006,VegMap 2006,"JSmit,JLubbinge,NvanRooyen, MRutherford,LMucina,HBezuidenhout,PduPreez",16.0,0,more than 10km from the coast,,17876.775802609838,4756236.810251396,16649.887329977726
SVk5,SVk5,Vaalbos Rocky Shrubland,Savanna,7.0,Eastern Kalahari Bushveld Bioregion,8.0,0,0,Land Types,NVM2006,VegMap 2006,"JSmit,JLubbinge,NvanRooyen, MRutherford,LMucina,HBezuidenhout,PduPreez",16.0,0,,,47908.111728280615,16340194.477952233,1457.8619246160679
SVk6,SVk6,Schmidtsdrif Thornveld,Savanna,7.0,Eastern Kalahari Bushveld Bioregion,8.0,0,0,Not captured,NVM2006,VegMap 2006,"JSmit,JLubbinge,NvanRooyen, MRutherford,LMucina,HBezuidenhout,PduPreez",16.0,0,more than 10km from the coast,,121591.55599043379,223441386.67019984,5313.888892106349
SVk7,SVk7,Ghaap Plateau Vaalbosveld,Savanna,7.0,Eastern Kalahari Bushveld Bioregion,8.0,0,0,Not captured,NVM2006,VegMap 2006,"JSmit,JLubbinge,NvanRooyen, MRutherford,LMucina,HBezuidenhout,PduPreez",16.0,0,more than 10km from the coast,,1241.5424346263821,69350.69547041925,13360.547087113955
SVk8,SVk8,Kuruman Vaalbosveld,Savanna,7.0,Eastern Kalahari Bushveld Bioregion,8.0,0,0,Not captured,NVM2006,VegMap 2006,"JSmit,JLubbinge,NvanRooyen, MRutherford,LMucina,HBezuidenhout,PduPreez",16.0,0,more than 10km from the coast,,437269.5937417508,2883646755.1081724,3363.533712266587
SVk9,SVk9,Kuruman Thornveld,Savanna,7.0,Eastern Kalahari Bushveld Bioregion,8.0,0,0,Not captured,NVM2006,VegMap 2006,"JSmit,JLubbinge,NvanRooyen, MRutherford,LMucina,HBezuidenhout,PduPreez",16.0,0,,,56187.81434760808,31308556.717474744,5779.515873697404
SVkd1,SVkd1,Gordonia Duneveld,Savanna,7.0,Kalahari Duneveld Bioregion,88.0,0,0,Land Types,NVM2006,VegMap 2006,"J Smit, J Lubbinge, N van Rooyen",16.0,0,,,12307.987809838025,5443910.404494881,37066.80962355021
SVkd2,SVkd2,Gordonia Kameeldoring Bushveld,Savanna,7.0,Kalahari Duneveld Bioregion,88.0,0,0,Adapted from previous vegetation maps,NVM2006,VegMap 2006,"J Smit, J Lubbinge, N van Rooyen",16.0,0,,,287667.4846389681,1392291759.201106,2242.3487701748772
SVkd3,SVkd3,Auob Duneveld,Savanna,7.0,Kalahari Duneveld Bioregion,88.0,0,0,Adapted from previous vegetation maps,NVM2006,VegMap 2006,"J Smit, J Lubbinge, N van Rooyen",16.0,0,,,56723.119102053664,105547153.76123664,2898.6035177473445
SVkd4,SVkd4,Nossob Bushveld,Savanna,7.0,Kalahari Duneveld Bioregion,88.0,0,0,Adapted from previous vegetation maps,NVM2006,VegMap 2006,"J Smit, J Lubbinge, N van Rooyen",16.0,0,,,24231.08776284669,15229833.648313921,762.4880056579763
SVl1,SVl1,Makuleke Sandy Bushveld,Savanna,7.0,Lowveld Bioregion,7.0,0,0,Land Types,NVM2006,VegMap 2006,"G Bredenkamp, W de Frey, R Robesson, L Mucina, M Lotter, M Ruherford",19.0,0,,,142605.30966313844,74710711.95754963,2090.665092981801
SVl10,SVl10,Pretoriuskop Sour Bushveld,Savanna,7.0,Lowveld Bioregion,7.0,0,0,Some field verification,NVM2018,"Lotter,M.C. (2014)",Mervyn C. Lotter,19.0,0,,,1833.2300616476741,99336.97483455611,942.794597449567
SVl11,SVl11,Malelane Mountain Bushveld,Savanna,7.0,Lowveld Bioregion,7.0,0,0,Some field verification,NVM2018,"Lotter,M.C. (2014)",Mervyn C. Lotter,24.0,0,,,579.8616614455401,17133.75857958328,630.6024617883417
SVl12,SVl12,Kaalrug Mountain Bushveld,Savanna,7.0,Lowveld Bioregion,7.0,0,0,Some field verification,NVM2018,"Lotter,M.C. (2014)",Mervyn C. Lotter,24.0,0,,,393.0206197891339,9709.104702869974,468.4039995652552
SVl13,SVl13,Barberton Serpentine Sourveld,Savanna,7.0,Lowveld Bioregion,7.0,0,0,Some field verification,NVM2018,"Lotter,M.C. (2014)",Mervyn C. Lotter,24.0,0,,,3204.62956580343,369469.3670030703,109.49049451432249
SVl14,SVl14,Swaziland Sour Bushveld,Savanna,7.0,Lowveld Bioregion,7.0,0,0,Not captured,NVM2012,NVMC 2012 (Mervyn Lotter),Mervyn C. Lotter,19.0,0,,,21075.92756300425,6630869.459219048,4460.3163842143085
SVl15,SVl15,Northern Lebombo Bushveld,Savanna,7.0,Lowveld Bioregion,7.0,0,0,Gertenbach (1983) 'landscapes',NVM2006,VegMap 2006,"G Bredenkamp, W de Frey, R Robesson. M Lotter",24.0,0,,,328860.52063303365,793359840.2238721,1348.7712349467565
SVl16,SVl16,Southern Lebombo Bushveld,Savanna,7.0,Lowveld Bioregion,7.0,0,0,Not captured,NVM2012,Scott-Shaw & Escott (2011),Rob Scott Shaw and Boyd Escott,24.0,0,,,1328.2157025338047,41921.18354741055,2586.3343777305017
SVl17,SVl17,Lebombo Summit Sourveld,Savanna,7.0,Lowveld Bioregion,7.0,0,0,Not captured,NVM2012,Scott-Shaw & Escott (2011),Rob Scott Shaw and Boyd Escott,24.0,0,,,13456.264668213686,2680399.8745844313,134.86962042231826
SVl18,SVl18,Tembe Sandy Bushveld,Savanna,7.0,Lowveld Bioregion,7.0,0,0,Not captured,NVM2012,Scott-Shaw & Escott (2011),Rob Scott Shaw and Boyd Escott,19.0,0,,,2013.4270127121486,178037.94421273362,1124.4726617150754
SVl19,SVl19,Western Maputaland Sandy Bushveld,Savanna,7.0,Lowveld Bioregion,7.0,0,0,Not captured,NVM2012,Scott-Shaw & Escott (2011),Rob Scott Shaw and Boyd Escott,19.0,0,,,28006.19191407387,8968629.27425368,152.9442805642052
SVl2,SVl2,Nwambyia-Pumbe Sandy Bushveld,Savanna,7.0,Lowveld Bioregion,7.0,0,0,Gertenbach (1983) 'landscapes',NVM2006,VegMap 2006,"G Bredenkamp, W de Frey, R Robesson, L Mucina, M Lotter, M Ruherford",19.0,0,,,41311.25941769666,27491038.35600378,184.470983274504
SVl20,SVl20,Western Maputaland Clay Bushveld,Savanna,7.0,Lowveld Bioregion,7.0,0,0,Digitised from satellite imagery,NVM2018,NVMC 2018 (Anisha Dayaram),Anisha Dayaram,19.0,0,,,1949.0512167722702,189329.94732458165,1645.1212558959035
SVl21,SVl21,Makatini Clay Thicket,Savanna,7.0,Lowveld Bioregion,7.0,0,0,Digitised from satellite imagery,NVM2018,NVMC 2018 (Anisha Dayaram),Anisha Dayaram,19.0,0,,,2542.2972592977862,166263.02390791025,335.13908944057744
SVl22,SVl22,Northern Zululand Sourveld,Savanna,7.0,Lowveld Bioregion,7.0,0,0,Not captured,NVM2012,Scott-Shaw & Escott (2011),Rob Scott Shaw and Boyd Escott,19.0,0,,,1304.2199902053549,44531.19720075799,5173.694649704059
SVl23,SVl23,Zululand Lowveld,Savanna,7.0,Lowveld Bioregion,7.0,0,0,Not captured,NVM2012,Scott-Shaw & Escott (2011),Rob Scott Shaw and Boyd Escott,19.0,0,,,268.7476592175159,2206.8663115198556,8564.745541205633
SVl24,SVl24,Zululand Coastal Thornveld,Savanna,7.0,Lowveld Bioregion,7.0,0,0,Gertenbach (1983) 'landscapes',NVM2006,VegMap 2006,"G Bredenkamp, W de Frey, R Robesson. M Lotter",19.0,0,,,290614.17859001027,694625729.3824083,694.6257293824078
SVl25,SVl25,Maputaland Pallid Sandy Bushveld,Savanna,7.0,Lowveld Bioregion,7.0,0,0,Not captured,NVM2012,Scott-Shaw & Escott (2011),Rob Scott Shaw and Boyd Escott,25.0,0,,,381.9889123174351,6212.93052760174,660.626993581652
SVl26,SVl26,Muzi Palm Veld and Wooded Grassland,Savanna,7.0,Lowveld Bioregion,7.0,0,0,Not captured,NVM2012,Scott-Shaw & Escott (2011),Rob Scott Shaw and Boyd Escott,25.0,0,,,40510.27323579816,10583593.875123244,703.6019750564099
SVl27,SVl27,Crocodile Gorge Mountain Bushveld,Savanna,7.0,Lowveld Bioregion,7.0,0,0,Mainly floristics,NVM2018,"Lotter,M.C. (2014)",Mervyn C. Lotter,24.0,0,,,331.6015516986262,3784.494440781415,539.8875589958367
SVl3,SVl3,Granite Lowveld,Savanna,7.0,Lowveld Bioregion,7.0,0,0,Not captured,NVM2012,Scott-Shaw & Escott (2011),Rob Scott Shaw and Boyd Escott,19.0,0,,,49959.41268138213,32995414.81571084,19839.088508482324
SVl4,SVl4,Delagoa Lowveld,Savanna,7.0,Lowveld Bioregion,7.0,0,0,Land Types,NVM2006,VegMap 2006,"G Bredenkamp, W de Frey, R Robesson. M Lotter",19.0,0,,,576023.1494013194,2023627391.661977,2722.0556540994426
SVl5,SVl5,Tshokwane-Hlane Basalt Lowveld,Savanna,7.0,Lowveld Bioregion,7.0,0,0,Modelled on abiotic variables,NVM2006,VegMap 2006,"G Bredenkamp, W de Frey, R Robesson. M Lotter",19.0,0,,,1631.9991006319003,67586.02968198858,3570.717242922763
SVl6,SVl6,Gabbro Grassy Bushveld,Savanna,7.0,Lowveld Bioregion,7.0,0,0,Modelled on abiotic variables,NVM2006,VegMap 2006,"G Bredenkamp, W de Frey, R Robesson. M Lotter",19.0,0,,,141255.06166224388,124867234.55735575,760.2564283818178
SVl7,SVl7,Gravelotte Rocky Bushveld,Savanna,7.0,Lowveld Bioregion,7.0,0,0,Modelled on abiotic variables,NVM2006,VegMap 2006,"M Lotter, J Burrows, S Williamson, M Rutherford, L Mucina, P Winter",19.0,0,,,2011.8881712888349,215848.49944379483,323.4929204224663
SVl8,SVl8,Tzaneen Sour Bushveld,Savanna,7.0,Lowveld Bioregion,7.0,0,0,Gertenbach (1983) 'landscapes',NVM2006,VegMap 2006,"G Bredenkamp, W de Frey, R Robesson. M Lotter",19.0,0,,,6748.207293813483,2841579.9085346586,3399.534443855168
SVl9,SVl9,Legogote Sour Bushveld,Savanna,7.0,Lowveld Bioregion,7.0,0,0,Some field verification,NVM2018,"Lotter,M.C. (2014)",Mervyn C. Lotter,19.0,0,,,840.7906199417425,33648.51811139633,3562.536450387835
SVmp1,SVmp1,Musina Mopane Bushveld,Savanna,7.0,Mopane Bioregion,87.0,0,0,Land Types,NVM2006,VegMap 2006,"G Bredenkamp, W de Frey, R Robesson. M Lotter, F Siebert, M Rutherford",19.0,0,,,11562.259911648422,4234314.540893331,8797.344018671785
SVmp2,SVmp2,Limpopo Ridge Bushveld,Savanna,7.0,Mopane Bioregion,87.0,,,Not captured,NVM2006,VegMap 2006,,19.0,0,,,98.30871254962116,256.4326607742072,2785.8343603567246
SVmp3,SVmp3,Cathedral Mopane Bushveld,Savanna,7.0,Mopane Bioregion,87.0,0,0,Not captured,NVM2006,VegMap 2006,"G Bredenkamp, W de Frey, R Robesson. M Lotter, F Siebert, M Rutherford",19.0,0,,,18148.13758923841,11095647.601311527,277.060070119533
SVmp4,SVmp4,Mopane Basalt Shrubland,Savanna,7.0,Mopane Bioregion,87.0,0,0,Modelled on abiotic variables,NVM2006,VegMap 2006,"G Bredenkamp, W de Frey, R Robesson. M Lotter",19.0,0,,,26887.44841618271,35251735.134252995,2806.0264905096205
SVmp5,SVmp5,Tsende Mopaneveld,Savanna,7.0,Mopane Bioregion,87.0,0,0,Not captured,NVM2006,VegMap 2006,"G Bredenkamp, W de Frey, R Robesson. M Lotter, F Siebert, M Rutherford",19.0,0,,,11574.508014740655,7625968.277879498,5317.072572547187
SVmp6,SVmp6,Lowveld Rugged Mopaneveld,Savanna,7.0,Mopane Bioregion,87.0,0,0,Not captured,NVM2006,VegMap 2006,"G Bredenkamp, W de Frey, R Robesson. M Lotter, F Siebert, M Rutherford",19.0,0,,,165690.65581477692,704893259.1411054,3154.105903759922
SVmp7,SVmp7,Phalaborwa-Timbavati Mopaneveld,Savanna,7.0,Mopane Bioregion,87.0,0,0,Not captured,NVM2006,VegMap 2006,"G Bredenkamp, W de Frey, R Robesson. M Lotter, F Siebert, M Rutherford",19.0,0,,,36676.21014499161,55357913.04904068,2225.5551225955196
SVmp8,SVmp8,Mopane Gabbro Shrubland,Savanna,7.0,Mopane Bioregion,87.0,0,0,Modelled on abiotic variables,NVM2006,VegMap 2006,"G Bredenkamp, W de Frey, R Robesson. M Lotter, F Siebert, M Rutherford",19.0,0,,,39512.740889743036,38005728.61330479,310.46106877991895
SVs1,SVs1,Thukela Valley Bushveld,Savanna,7.0,Sub-Escarpment Savanna Bioregion,30.0,0,0,Not captured,NVM2012,Scott-Shaw & Escott (2011),Rob Scott Shaw and Boyd Escott,25.0,0,,,1081.5865315749638,21190.07480620841,2706.5711092922743
SVs2,SVs2,Thukela Thornveld,Savanna,7.0,Sub-Escarpment Savanna Bioregion,30.0,0,0,Not captured,NVM2012,Scott-Shaw & Escott (2011),Rob Scott Shaw and Boyd Escott,25.0,0,,,300.45221979722476,2429.8528525208458,2215.6161631434056
SVs3,SVs3,KwaZulu-Natal Hinterland Thornveld,Savanna,7.0,Sub-Escarpment Savanna Bioregion,30.0,0,0,Not captured,NVM2012,Scott-Shaw & Escott (2011),Rob Scott Shaw and Boyd Escott,25.0,0,,,373.30197825593405,4964.865921391398,1533.4691596082998
SVs4,SVs4,Ngongoni Veld,Savanna,7.0,Sub-Escarpment Savanna Bioregion,30.0,0,0,Digitised from satellite imagery,NVM2006,VegMap 2006,"D Hoare, J Vlok, D Euston Brown, M Rutherford, L Mucina",25.0,0,,,703.6815713819776,20186.656239690845,803.1290883217182
SVs5,SVs5,KwaZulu-Natal Sandstone Sourveld,Savanna,7.0,Sub-Escarpment Savanna Bioregion,30.0,0,0,Not captured,NVM2012,Scott-Shaw & Escott (2011),Rob Scott Shaw and Boyd Escott,25.0,0,,,10898.485773884957,5282189.404408014,1812.6038574623262
SVs6,SVs6,Eastern Valley Bushveld,Savanna,7.0,Sub-Escarpment Savanna Bioregion,30.0,0,0,Digitised from satellite imagery,NVM2018,NVMC  2017 (NMMU Institute for Coastal and Marine Research Mapping) ,Taryn Riddin,25.0,0,<Null>,,18.559802466162953,7.65879691054545,10185.54340845824
SVs7,SVs7,Bhisho Thornveld,Savanna,7.0,Sub-Escarpment Savanna Bioregion,30.0,0,0,Digitised from satellite imagery,NVM2006,VegMap 2006,"D Hoare, J Vlok, D Euston Brown, M Rutherford, L Mucina",25.0,0,Coastal Polygon,,1956.7843893800687,150199.32375206507,7762.24152923481
SVs8,SVs8,South Eastern Coastal Thornveld,Savanna,7.0,Sub-Escarpment Savanna Bioregion,20.0,0,0,Adapted from previous vegetation maps,NVM2018,"NVMC 2017 (STEP integration team: Cowling, R., Grobler, A., Potts, A., Skowno, A. and Vlok, J.)","Cowling R,Grobler A,Potts A, Skowno A,Vlok J",19.0,0,Coastal Polygon,,22073.768426238144,6083526.2550951075,1527.8322514290865
