Contry,NAME,BIOREGION,BIOME,MAPCODE18,FVG2019,CNSRV_TRGT,NAT_SA1750,SA_NAT2018,Nat1750,Nat1990,Nat2014,Nat2018,Nat2040ard,PcNat1990,PcNat2014,PcNat2018,PcNat2040ard,ARD9018km2,PcDecl9040,PcDecly9018,PcDecly9014,EOO.area.km2.2018,AOO.1pc.2018,NatAlt18,DegrAlt18,LostAlt18,PcNatDegALT,PcDegLostALT,PcDegofNatDegr,A2b_ard,A3,B1(i),B2(i),A3alt,D3altbioticdis,B1(iii)sp,B2(iii)sp,RLEv5NBA2018_published,baisv5NBA18,RLE2020May,basis_RLE2020May,Explanation,Global vs National,Notes,Endemic,Coastal,ESC,PL_2018,RLE & PL,YtC,ChanMAXpatch,ChanMEANpatch,EDGE_RATIO,FRAG,LC-ALTdiff,Pcpoint_diff,EC,FS,GT,KZN,LP,MP,NW,NC,WC
South Africa,Aggeneys Gravel Vygieveld,Richtersveld Bioregion,Succulent Karoo,SKr19,Upland Vygieveld,18,372,368.5,372,370.95,370.93,368.5,366.57,100,100,99,99,0.0875,1,0,0,6479,35,368.64,0,3.4974,99,1,0,LC,LC,LC,LC,,,LC,LC,LC,,LC,,,Global & National status,,Endemic,more than 10km from the coast,,NP,LC & NP,2001,0.016,0.229,0.001,NOT,0,0,0%,0%,0%,0%,0%,0%,0%,100%,0%
South Africa,Agter-Sederberg Shrubland,Rainshadow Valley Karoo Bioregion,Succulent Karoo,SKv3,Shale Shrubland,19,928.53,903.99,928.61,907.38,905.47,903.99,901.33,98,98,97,97,0.1211,1,0,0.01,3052,31,903.7872,0.0045,24.7347,97,3,0,LC,LC,LC,LC,LC,LC,LC,LC,LC,,LC,,,Global & National status,,Endemic,more than 10km from the coast,,PP,LC & PP,2001,0.036,0.91,0.012,NOT,0,0,0%,0%,0%,0%,0%,0%,0%,33%,67%
South Africa,Agulhas Limestone Fynbos,South Coast Fynbos Bioregion,Fynbos,FFl1,Limestone Fynbos,32,294.01,265.43,294.01,271.74,269.86,265.51,260.62,92,92,90,89,0.2224,4,0.1,0.03,1998,21,236.0862,7.7355,50.2146,83,20,3,LC,LC,LC,LC,LC,LC,CR,VU,CR,B1thrsp_inv,CR,B1(iii),Restricted distribution & threatening processes,Global & National status,,Endemic,Coastal Types,,PP,CR & PP,1194,0.238,0.893,0.039,NOT,29,10.9,0%,0%,0%,0%,0%,0%,0%,0%,100%
South Africa,Agulhas Sand Fynbos,South Coast Fynbos Bioregion,Fynbos,FFd7,Sand Fynbos,32,246.83,120.71,246.83,132.41,127.39,120.71,111.51,54,52,49,45,0.418,16,0.3,0.14,1240,18,109.4319,0.1323,137.3175,44,56,0,LC,VU,LC,LC,VU,LC,CR,EN,CR,B1thrsp_inv,CR,B1(iii),Restricted distribution & threatening processes,Global & National status,,Endemic,Coastal Types,,MP,CR & MP,289,0.605,0.968,0.157,NOT,11,9.1,0%,0%,0%,0%,0%,0%,0%,0%,100%
South Africa,Albany Alluvial Vegetation,Alluvial Vegetation,Azonal Vegetation,AZa6,Alluvial Vegetation,31,653.87,292.38,653.87,339.56,301.28,292.38,255.3,52,46,45,39,1.6852,25,0.5,0.47,11897,53,274.1445,4.5045,375.2838,43,58,2,LC,VU,EN,LC,,LC,LC,LC,EN,Restricted distribution & rate of loss,EN,B1(i),Restricted distribution & rate of loss,Global & National status,,Endemic,5-20% of extent within 10km of coast,,PP,EN & PP,174,0.769,0.99,0.207,NOT,18,6.2,100%,0%,0%,0%,0%,0%,0%,0%,0%
South Africa,Albany Arid Thicket,Albany Thicket,Albany Thicket,AT15,Arid Thicket,19,14.6,14.58,14.61,14.6,14.6,14.6,14.59,100,100,100,100,0.0002,0,0,0,42,4,14.5701,0.0063,0.0198,100,0,0,LC,LC,LC,LC,,LC,LC,LC,LC,,LC,,,Global & National status,,Endemic,more than 10km from the coast,,PP,LC & PP,2001,0.002,0.002,0.004,NOT,0,0,100%,0%,0%,0%,0%,0%,0%,0%,0%
South Africa,Albany Bontveld,Albany Thicket,Albany Thicket,AT16,Thicket Nama and Succulent Karoo Mosaics,19,53.76,51.28,53.76,51.66,51.52,51.28,50.99,96,96,95,95,0.0134,1,0,0.01,157,4,51.3063,0,2.4696,95,5,0,LC,LC,LC,LC,,LC,LC,LC,LC,,LC,,,Global & National status,,Endemic,more than 10km from the coast,,PP,LC & PP,2001,0.006,0.924,0.03,NOT,0,0,100%,0%,0%,0%,0%,0%,0%,0%,0%
South Africa,Albany Broken Veld,Lower Karoo Bioregion,Nama-Karoo,NKl4,Albany Broken Veld,16,742.64,685.38,742.64,702.11,690.63,685.79,672.96,95,93,92,91,0.5832,4,0.1,0.07,5263,31,683.2836,2.097,57.2913,92,8,0,LC,LC,LC,LC,,LC,LC,LC,LC,,LC,,,Global & National status,,Endemic,more than 10km from the coast,,MP,LC & MP,1176,0.044,0.84,0.029,NOT,3,0.4,100%,0%,0%,0%,0%,0%,0%,0%,0%
South Africa,Albany Mesic Thicket,Albany Thicket,Albany Thicket,AT17,Mesic Thicket,19,729.21,578.57,729.21,596.86,584.21,579.07,565.1,82,80,79,77,0.6351,5,0.1,0.09,4473,43,558.8811,19.6893,150.6573,79,23,3,LC,LC,LC,LC,,LC,LC,LC,LC,,LC,,,Global & National status,,Endemic,Semi-Coastal Types,,MP,LC & MP,912,0.149,0.956,0.119,NOT,20,3.5,100%,0%,0%,0%,0%,0%,0%,0%,0%
South Africa,Albany Valley Thicket,Albany Thicket,Albany Thicket,AT18,Valley Thicket,19,1175.65,1038.1,1175.65,1053.18,1042.16,1038.1,1026.26,90,89,88,87,0.5383,3,0.1,0.04,5882,55,845.3187,192.7809,137.6784,88,28,19,LC,LC,LC,LC,,LC,LC,LC,LC,,LC,,,Global & National status,,Endemic,less than 5% of extent within 10km of coast,,MP,LC & MP,1928,0.225,0.937,0.061,NOT,193,18.6,100%,0%,0%,0%,0%,0%,0%,0%,0%
South Africa,Albertinia Sand Fynbos,South Coast Fynbos Bioregion,Fynbos,FFd9,Sand Fynbos,32,517.61,266.77,517.61,295.7,282.54,266.77,244.04,57,55,52,47,1.0331,17,0.3,0.19,2788,27,237.3606,74.2797,205.9839,60,54,24,LC,LC,LC,LC,LC,LC,EN,VU,LC,,EN,B1(iii),Restricted distribution & threatening processes,Global & National status,LC - EN (B1iii),Endemic,Semi-Coastal Types,,PP,EN & PP,258,0.83,0.989,0.155,NOT,29,10.9,0%,0%,0%,0%,0%,0%,0%,0%,100%
South Africa,Alexander Bay Coastal Duneveld,Southern Namib Desert Bioregion,Desert,Dn1,Coastal Desert,28,17.08,1.4,17.08,2.21,2.1,1.4,0.76,13,12,8,4,0.029,66,1.3,0.12,11,0,1.404,0,15.6843,8,92,0,EN,CR,CR,CR,,,LC,LC,EN,A3,CR,"A3, B1(i), B2(i)","Historical decline in extent (national data), Restricted distribution & rate of loss",National status,"EN - CR (A3, A3alt,B1i, B2i) ",Unsure - needs research,Coastal Types,,NP,CR & NP,48,0.952,0.99,0.479,FRAG_HIGH,0,0,0%,0%,0%,0%,0%,0%,0%,100%,0%
South Africa,Algoa Sandstone Fynbos,Eastern Fynbos-Renosterveld Bioregion,Fynbos,FFs29,Sandstone Fynbos,23,345.6,139.89,345.62,169.81,149.09,139.93,116.46,49,43,40,34,1.0671,31,0.6,0.51,458,9,99.4905,38.0007,208.1088,40,71,28,VU,VU,CR,EN,,VU,LC,LC,CR,Restricted distribution & rate of loss,CR,B1(i),Restricted distribution & rate of loss,Global & National status,,Endemic,Coastal Types,,PP,CR & PP,131,0.889,1,0.224,NOT,40,28.6,100%,0%,0%,0%,0%,0%,0%,0%,0%
South Africa,Aliwal North Dry Grassland,Dry Highveld Grassland Bioregion,Grassland,Gh2,Dry Highveld Grassland,24,7162.32,5693.87,7163.26,5889.64,5753.21,5694.28,5540.78,82,80,79,77,6.9773,6,0.1,0.1,15283,129,5694.5655,0,1468.5777,79,21,0,LC,LC,LC,LC,,,LC,LC,LC,,LC,,,Global & National status,,Endemic,more than 10km from the coast,,NP,LC & NP,816,0.19,0.999,0.105,NOT,0,0,28%,72%,0%,0%,0%,0%,0%,0%,0%
South Africa,Amathole Mistbelt Grassland,Drakensberg Grassland Bioregion,Grassland,Gd2,High Altitude Grassland,27,158.3,153.97,158.3,156.09,154.54,153.98,152.32,99,98,97,96,0.0753,2,0,0.04,1612,20,153.9675,0,4.3722,97,3,0,LC,LC,LC,LC,,LC,LC,LC,LC,,LC,,,Global & National status,,Endemic,more than 10km from the coast,,NP,LC & NP,2001,0.017,0.873,0.023,NOT,0,0,100%,0%,0%,0%,0%,0%,0%,0%,0%
South Africa,Amathole Montane Grassland,Drakensberg Grassland Bioregion,Grassland,Gd1,High Altitude Grassland,27,5027.01,4245.89,5027.01,4397.69,4294.92,4246.42,4127.55,87,85,84,82,5.4028,6,0.1,0.1,13720,120,4244.4972,1.3968,781.1415,84,16,0,LC,LC,LC,LC,,LC,LC,LC,LC,,LC,,,Global & National status,,Endemic,more than 10km from the coast,,PP,LC & PP,786,0.287,0.972,0.066,NOT,2,0,100%,0%,0%,0%,0%,0%,0%,0%,0%
South Africa,Amersfoort Highveld Clay Grassland,Mesic Highveld Grassland Bioregion,Grassland,Gm13,Mesic Highveld Grassland,27,3927.05,2154.81,3927.05,2315.54,2217.89,2154.81,2028.53,59,56,55,52,5.7401,12,0.2,0.18,7246,74,2513.5272,1.6524,1411.9704,64,36,0,LC,LC,LC,LC,LC,,LC,LC,LC,,LC,,,Global & National status,,Endemic,more than 10km from the coast,,PP,LC & PP,375,0.73,1,0.192,NOT,-359,-16.7,0%,24%,0%,4%,0%,72%,0%,0%,0%
South Africa,Andesite Mountain Bushveld,Central Bushveld Bioregion,Savanna,SVcb11,Central Bushveld,24,2017.81,1438.54,2017.81,1541.85,1477.79,1438.99,1358.17,76,73,71,67,3.6735,12,0.2,0.17,23487,87,1471.6521,0,546.1821,73,27,0,LC,LC,LC,LC,LC,,LC,LC,LC,,LC,,,Global & National status,,Endemic,more than 10km from the coast,,MP,LC & MP,392,0.451,0.995,0.114,NOT,-33,-2.3,0%,14%,37%,0%,0%,17%,32%,0%,0%
South Africa,Anenous Plateau Shrubland,Richtersveld Bioregion,Succulent Karoo,SKr15,Shale Shrubland,28,241.76,200.82,241.78,202.47,201.51,200.89,199.65,84,83,83,83,0.0563,1,0,0.02,367,7,200.817,0,40.9401,83,17,0,LC,LC,LC,LC,,,LC,LC,LC,,LC,,,Global & National status,,Endemic,more than 10km from the coast,,NP,LC & NP,2001,0.184,0.988,0.065,NOT,0,0,0%,0%,0%,0%,0%,0%,0%,100%,0%
South Africa,Atlantis Sand Fynbos,Southwest Fynbos Bioregion,Fynbos,FFd4,Sand Fynbos,30,689.05,338.19,689.05,372.97,358.53,338.57,311.54,54,52,49,45,1.2286,16,0.3,0.16,2974,26,299.1852,1.3995,388.4706,44,57,0,LC,VU,LC,LC,VU,LC,EN,VU,EN,"B1thrsp_inv, B1thrsp_ovgr",EN,B1(iii),Restricted distribution & threatening processes,Global & National status,,Endemic,Semi-Coastal Types,,PP,EN & PP,276,0.736,0.996,0.174,NOT,39,11.5,0%,0%,0%,0%,0%,0%,0%,0%,100%
South Africa,Auob Duneveld,Kalahari Duneveld Bioregion,Savanna,SVkd3,Kalahari Duneveld,16,2898.16,2897.94,2898.16,2897.97,2897.97,2897.94,2897.92,100,100,100,100,0.0011,0,0,0,8200,56,2897.9613,0,0.2241,100,0,0,LC,LC,LC,LC,,,LC,LC,LC,,LC,,,National status,,Likely not endemic,more than 10km from the coast,,WP,LC & WP,2001,0.01,0.01,0,NOT,0,0,0%,0%,0%,0%,0%,0%,0%,100%,0%
South Africa,Barberton Montane Grassland,Mesic Highveld Grassland Bioregion,Grassland,Gm17,High Altitude Grassland,27,1087.15,613.01,1291.38,866.61,818.84,807.44,760.95,67,63,63,59,2.1132,12,0.2,0.23,2984,30,888.8121,0,402.6951,69,31,0,LC,LC,LC,LC,LC,,LC,LC,LC,,LC,,,Global & National status,,"Likely endemic to ZA, Ls, Sz",more than 10km from the coast,,WP,LC & WP,382,0.709,0.996,0.08,NOT,-81,-10,0%,0%,0%,0%,0%,100%,0%,0%,0%
South Africa,Barberton Serpentine Sourveld,Lowveld Bioregion,Savanna,SVl13,Moist Sour Lowveld,24,109.49,72.82,109.49,76.15,73.88,72.82,70.21,70,67,67,64,0.1189,8,0.2,0.12,4090,19,80.6373,0,28.8972,74,26,0,LC,LC,LC,LC,LC,,LC,LC,LC,,LC,,,Global & National status,,Endemic,more than 10km from the coast,,WP,LC & WP,612,0.112,0.895,0.11,NOT,-8,-11,0%,0%,0%,0%,0%,100%,0%,0%,0%
South Africa,Basotho Montane Shrubland,Mesic Highveld Grassland Bioregion,Grassland,Gm5,Mesic Highveld Grassland,28,1777.01,1470.61,3469.84,2513.79,2476.85,2457.45,2413.18,72,71,71,70,2.0121,4,0.1,0.06,37093,227,2458.3383,1.8252,1009.4652,71,29,0,LC,LC,LC,LC,,,LC,LC,LC,,LC,,,Global & National status,,"Likely endemic to ZA, Ls, Sz",more than 10km from the coast,,PP,LC & PP,1221,0.707,0.993,0.31,FRAG_MHIGH,-1,0,1%,97%,0%,2%,0%,0%,0%,0%,0%
South Africa,Baviaans Valley Thicket,Albany Thicket,Albany Thicket,AT19,Valley Thicket,19,1077.53,1062.65,1077.53,1065.92,1064.44,1062.65,1060.08,99,99,99,98,0.1168,1,0,0.01,13112,75,860.7996,201.8889,14.8941,99,20,19,LC,LC,LC,LC,,LC,LC,LC,LC,,LC,,,Global & National status,,Endemic,more than 10km from the coast,,WP,LC & WP,2001,0.069,0.878,0.011,NOT,202,19,100%,0%,0%,0%,0%,0%,0%,0%,0%
South Africa,Baviaanskloof Shale Renosterveld,Eastern Fynbos-Renosterveld Bioregion,Fynbos,FRs18,Shale Renosterveld,29,118.7,118.66,118.72,118.68,118.67,118.67,118.65,100,100,100,100,0.0006,0,0,0,418,9,118.53,0.1251,0.045,100,0,0,LC,LC,LC,LC,,LC,LC,LC,LC,,LC,,,Global & National status,,Endemic,more than 10km from the coast,,WP,LC & WP,2001,0.001,0.06,0.001,NOT,0,0,100%,0%,0%,0%,0%,0%,0%,0%,0%
South Africa,Bedford Dry Grassland,Sub-Escarpment Grassland Bioregion,Grassland,Gs18,Sub-Escarpment Grassland,23,1433.77,1409.65,1433.77,1414.65,1411.43,1409.65,1405.72,99,98,98,98,0.1786,1,0,0.01,5346,42,1407.8898,1.7784,24.1389,98,2,0,LC,LC,LC,LC,,LC,LC,LC,LC,,LC,,,Global & National status,,Endemic,more than 10km from the coast,,NP,LC & NP,2001,0.016,0.891,0.018,NOT,2,0.1,100%,0%,0%,0%,0%,0%,0%,0%,0%
South Africa,Besemkaree Koppies Shrubland,Dry Highveld Grassland Bioregion,Grassland,Gh4,Dry Highveld Grassland,28,9677.82,9230.37,9677.82,9301.82,9257.12,9230.92,9175.21,96,96,95,95,2.5323,1,0,0.02,58537,416,9230.3667,0,447.7374,95,5,0,LC,LC,LC,LC,,,LC,LC,LC,,LC,,,Global & National status,,Endemic,more than 10km from the coast,,PP,LC & PP,2001,0.092,0.844,0.029,NOT,1,0,17%,45%,0%,0%,0%,0%,0%,38%,0%
South Africa,Bethelsdorp Bontveld,Albany Thicket,Albany Thicket,AT20,Thicket Nama and Succulent Karoo Mosaics,19,35.53,20.1,35.53,22.24,21.08,20.18,18.56,63,59,57,52,0.0735,17,0.3,0.22,111,3,16.7823,3.1239,15.6339,56,53,16,LC,LC,LC,LC,,LC,LC,LC,VU,A3CITY,LC,,,Global & National status,"VU-LC  (A3alt) error in NBA,  44% loss not >50%",Endemic,Semi-Coastal Types,,NP,LC & NP,274,0.69,0.992,0.175,NOT,3,14.9,100%,0%,0%,0%,0%,0%,0%,0%,0%
South Africa,Bhisho Thornveld,Sub-Escarpment Savanna Bioregion,Savanna,SVs7,Sub-Escarpment Savanna,25,7762.4,4845.63,7762.4,5224.19,4931.77,4845.63,4548.2,67,64,62,59,13.5198,13,0.3,0.23,32503,195,4845.4632,0.3258,2916.6417,62,38,0,LC,LC,LC,LC,,LC,LC,LC,LC,,LC,,,Global & National status,,Endemic,less than 5% of extent within 10km of coast,,NP,LC & NP,358,0.584,0.992,0.166,NOT,0,0,100%,0%,0%,0%,0%,0%,0%,0%,0%
South Africa,Bloemfontein Dry Grassland,Dry Highveld Grassland Bioregion,Grassland,Gh5,Dry Highveld Grassland,24,4949.57,2610.64,4949.57,2822.7,2657.04,2610.64,2444.03,57,54,53,49,7.5734,13,0.3,0.24,7457,79,2610.6768,0,2338.9596,53,47,0,LC,LC,LC,LC,,,LC,LC,LC,,LC,,,Global & National status,,Endemic,more than 10km from the coast,,PP,LC & PP,345,0.63,1,0.123,NOT,0,0,0%,100%,0%,0%,0%,0%,0%,0%,0%
South Africa,Bloemfontein Karroid Shrubland,Dry Highveld Grassland Bioregion,Grassland,Gh8,Dry Highveld Grassland,28,80.5,66.71,80.5,70.77,69.09,66.76,63.62,88,86,83,79,0.1431,10,0.2,0.1,12566,16,66.7134,0,13.7871,83,17,0,LC,LC,LC,LC,,,LC,LC,LC,,LC,,,Global & National status,,Endemic,more than 10km from the coast,,MP,LC & MP,467,0.258,0.787,0.085,NOT,0,0,0%,100%,0%,0%,0%,0%,0%,0%,0%
South Africa,Blombos Strandveld,South Strandveld Bioregion,Fynbos,FS8,Dune Strandveld,36,20.64,20.24,20.77,20.46,20.44,20.36,20.28,98,98,98,98,0.0036,1,0,0.01,123,2,18.3195,1.1484,1.1727,94,11,6,LC,LC,LC,LC,LC,LC,LC,LC,LC,,LC,,,Global & National status,,Endemic,Coastal Types,,MP,LC & MP,2001,0.023,0.247,0.013,NOT,2,9.8,0%,0%,0%,0%,0%,0%,0%,0%,100%
South Africa,Blouputs Karroid Thornveld,Bushmanland Bioregion,Nama-Karoo,NKb2,Bushmanland Grassy-Sandy Nama Karoo,21,607.45,601.9,607.46,604.14,602.89,601.92,600.17,99,99,99,99,0.0795,1,0,0.01,1561,20,601.9047,0,5.5467,99,1,0,LC,LC,LC,LC,,,LC,LC,LC,,LC,,,National status,,Likely not endemic,more than 10km from the coast,,WP,LC & WP,2001,0.022,0.836,0.002,NOT,0,0,0%,0%,0%,0%,0%,0%,0%,100%,0%
South Africa,Bokkeveld Sandstone Fynbos,Northwest Fynbos Bioregion,Fynbos,FFs1,Mountain Shrubland,29,1014.1,802.96,1014.17,847.49,809.66,803.54,769,84,80,79,76,1.5698,9,0.2,0.19,3622,31,801.7713,8.685,203.6403,80,21,1,LC,LC,LC,LC,LC,LC,LC,LC,LC,,LC,,,Global & National status,,Endemic,more than 10km from the coast,,PP,LC & PP,512,0.272,0.994,0.134,NOT,2,0.2,0%,0%,0%,0%,0%,0%,0%,56%,44%
South Africa,Boland Granite Fynbos,Southwest Fynbos Bioregion,Fynbos,FFg2,Granite Fynbos,30,523.91,283.89,523.97,323.01,297.83,283.89,253.15,62,57,54,48,1.3973,22,0.4,0.33,2696,26,278.9631,20.3985,224.5446,57,47,7,LC,LC,EN,VU,LC,LC,EN,VU,EN,B1thrsp_inv,EN,"B1(i), B1(iii)",Restricted distribution & rate of loss & threatening processes,Global & National status,,Endemic,5-20% of extent within 10km of coast,,WP,EN & WP,203,0.742,0.992,0.186,NOT,5,1.8,0%,0%,0%,0%,0%,0%,0%,0%,100%
South Africa,Breede Alluvium Fynbos,Southwest Fynbos Bioregion,Fynbos,FFa2,Alluvium Renosterveld,30,501.67,173.83,501.67,235,192.28,173.83,125.76,47,38,35,25,2.1847,46,0.9,0.76,2082,17,175.8375,18.4041,307.4652,39,65,9,VU,VU,EN,EN,VU,LC,EN,EN,EN,"B1,B2,B1thrsp_inv",EN,"B1(i), B2(i), B1(iii), B2(iii)",Restricted distribution & rate of loss & threatening processes,Global & National status,,Endemic,more than 10km from the coast,,PP,EN & PP,80,0.789,1,0.281,NOT,-2,-1.2,0%,0%,0%,0%,0%,0%,0%,0%,100%
South Africa,Breede Alluvium Renosterveld,East Coast Renosterveld Bioregion,Fynbos,FRa1,East Coast Renosterveld,27,497.69,180.83,497.69,236.68,197.86,180.83,136.95,48,40,36,28,1.9946,42,0.8,0.68,2214,25,211.9437,9.8433,275.9652,45,57,4,VU,VU,EN,VU,VU,LC,LC,LC,EN,Restricted distribution & rate of loss,EN,B1(i),Restricted distribution & rate of loss,Global & National status,,Endemic,more than 10km from the coast,,NP,EN & NP,91,0.826,0.999,0.308,FRAG_MHIGH,-31,-17.1,0%,0%,0%,0%,0%,0%,0%,0%,100%
South Africa,Breede Quartzite Fynbos,Southwest Fynbos Bioregion,Fynbos,FFq4,Quartzite Fynbos,30,97.85,91.63,97.85,92.79,92.01,91.65,90.76,95,94,94,93,0.0406,2,0,0.03,1136,12,89.946,1.3914,6.5223,93,8,2,LC,LC,LC,LC,LC,LC,LC,LC,LC,,LC,,,Global & National status,,Endemic,more than 10km from the coast,,PP,LC & PP,2001,0.011,0.565,0.031,NOT,2,2.2,0%,0%,0%,0%,0%,0%,0%,0%,100%
South Africa,Breede Sand Fynbos,Southwest Fynbos Bioregion,Fynbos,FFd8,Southwest Fynbos,30,97.68,43.97,97.7,46.97,45.56,43.99,41.65,48,47,45,43,0.1065,11,0.2,0.13,854,7,44.7165,1.6398,51.3225,47,54,4,LC,VU,LC,LC,VU,LC,CR,EN,VU,"A3,A3WC",CR,B1(iii),Restricted distribution & threatening processes,Global & National status,VU - CR (B1iii) RoL for B,Endemic,more than 10km from the coast,,PP,CR & PP,413,0.815,0.948,0.124,NOT,-1,-2.3,0%,0%,0%,0%,0%,0%,0%,0%,100%
South Africa,Breede Shale Fynbos,Southwest Fynbos Bioregion,Fynbos,FFh4,Shale Fynbos,30,318.11,206.36,318.15,232.05,212.63,206.36,186.18,73,67,65,59,0.9173,20,0.4,0.35,3730,26,213.3135,5.499,99.2979,69,33,3,LC,LC,EN,VU,LC,LC,EN,VU,EN,B1thrsp_inv,EN,"B1(i), B1(iii)",Restricted distribution & rate of loss & threatening processes,Global & National status,,Endemic,more than 10km from the coast,,MP,EN & MP,225,0.498,0.987,0.136,NOT,-7,-3.4,0%,0%,0%,0%,0%,0%,0%,0%,100%
South Africa,Breede Shale Renosterveld,East Coast Renosterveld Bioregion,Fynbos,FRs8,Shale Renosterveld,27,1049.91,621.67,1049.91,677.83,636.99,621.81,577.79,65,61,59,55,2.0007,15,0.3,0.25,4767,37,668.061,18.6831,363.2355,65,36,3,LC,LC,LC,LC,LC,LC,EN,VU,EN,B1thrsp_inv,EN,B1(iii),Restricted distribution & threatening processes,Global & National status,,Endemic,more than 10km from the coast,,PP,EN & PP,311,0.57,0.985,0.143,NOT,-46,-7.4,0%,0%,0%,0%,0%,0%,0%,0%,100%
South Africa,Buffels Mesic Thicket,Albany Thicket,Albany Thicket,AT21,Mesic Thicket,19,386.27,312.15,386.34,321.19,315.54,312.21,305.15,83,82,81,79,0.3209,5,0.1,0.07,2317,26,312.1083,0.0387,74.1222,81,19,0,LC,LC,LC,LC,,LC,LC,LC,LC,,LC,,,Global & National status,,Endemic,5-20% of extent within 10km of coast,,PP,LC & PP,973,0.45,0.976,0.101,NOT,0,0,100%,0%,0%,0%,0%,0%,0%,0%,0%
South Africa,Buffels Valley Thicket,Albany Thicket,Albany Thicket,AT22,Valley Thicket,19,215.41,94.26,215.46,109.49,97.92,94.26,82.28,51,45,44,38,0.5442,25,0.5,0.44,940,13,84.5046,9.8388,121.0707,44,61,10,LC,VU,CR,EN,,LC,LC,LC,CR,Restricted distribution & rate of loss,CR,B1(i),Restricted distribution & rate of loss,Global & National status,,Endemic,more than 10km from the coast,,NP,CR & NP,173,0.878,0.998,0.296,NOT,10,10.6,100%,0%,0%,0%,0%,0%,0%,0%,0%
South Africa,Bushmanland Arid Grassland,Bushmanland Bioregion,Nama-Karoo,NKb3,Bushmanland Grassy-Sandy Nama Karoo,21,41251.69,41007.57,41251.69,41147.49,41077.66,41007.98,40898.37,100,100,99,99,4.9824,1,0,0.01,114243,685,41007.5712,0,244.1448,99,1,0,LC,LC,LC,LC,,,LC,LC,LC,,LC,,,National status,,Likely not endemic,more than 10km from the coast,,NP,LC & NP,2001,0.013,0.886,0.003,NOT,0,0,0%,0%,0%,0%,0%,0%,0%,100%,0%
South Africa,Bushmanland Basin Shrubland,Bushmanland Bioregion,Nama-Karoo,NKb6,Bushmanland Basin Shrubland,21,41250.56,41004.09,41250.82,41047.78,41035.35,41006.53,40974.12,100,99,99,99,1.4732,0,0,0,63070,562,41004.0918,0,246.4632,99,1,0,LC,LC,LC,LC,,,LC,LC,LC,,LC,,,Global & National status,,Endemic,more than 10km from the coast,,NP,LC & NP,2001,0.014,0.956,0.003,NOT,2,0,0%,0%,0%,0%,0%,0%,0%,100%,0%
South Africa,Bushmanland Inselberg Shrubland,Richtersveld Bioregion,Succulent Karoo,SKr18,Inselberg Succulent Karoo,34,817.6,812.76,817.65,815.74,815.69,812.85,810.57,100,100,99,99,0.1034,1,0,0,10599,67,812.7621,0,4.8348,99,1,0,LC,LC,LC,LC,,,LC,LC,LC,,LC,,,National status,,Likely not endemic,more than 10km from the coast,,NP,LC & NP,2001,0.017,0.28,0.002,NOT,0,0,0%,0%,0%,0%,0%,0%,0%,100%,0%
South Africa,Bushmanland Sandy Grassland,Bushmanland Bioregion,Nama-Karoo,NKb4,Bushmanland Grassy-Sandy Nama Karoo,21,2677.18,2672.93,2677.22,2674.32,2674.24,2672.98,2671.93,100,100,100,100,0.0479,0,0,0,39574,95,2672.9307,0,4.2516,100,0,0,LC,LC,LC,LC,,,LC,LC,LC,,LC,,,Global & National status,,Endemic,more than 10km from the coast,,NP,LC & NP,2001,0.015,0.142,0.001,NOT,0,0,0%,0%,0%,0%,0%,0%,0%,100%,0%
South Africa,Bushmanland Vloere,Inland Saline Vegetation,Azonal Vegetation,AZi5,Inland Saline Vegetation,24,5177.07,4837.85,5177.07,4872.93,4846.29,4837.85,4810.29,94,94,93,93,1.2528,1,0,0.02,141818,366,4834.6785,2.5461,339.9084,93,7,0,LC,LC,LC,LC,,,LC,LC,LC,,LC,,,Global & National status,,Endemic,more than 10km from the coast,,NP,LC & NP,2001,0.488,0.794,0.021,NOT,3,0.1,0%,0%,0%,0%,0%,0%,0%,100%,0%
South Africa,Canca Limestone Fynbos,South Coast Fynbos Bioregion,Fynbos,FFl3,Limestone Fynbos,32,781.3,613.95,781.33,641.02,631.17,613.95,592.68,82,81,79,76,0.9668,8,0.2,0.06,2423,26,545.5368,63.8982,171.8694,78,30,10,LC,LC,LC,LC,LC,LC,LC,LC,LC,,LC,,,Global & National status,,Endemic,Coastal Types,,NP,LC & NP,635,0.026,0.949,0.052,NOT,68,11.1,0%,0%,0%,0%,0%,0%,0%,0%,100%
South Africa,Cape Flats Dune Strandveld,West Strandveld Bioregion,Fynbos,FS6,Dune Strandveld,24,398.52,197.95,398.64,267.09,223.51,197.97,143.67,67,56,50,36,2.4685,46,0.9,0.68,2772,18,176.3721,0.0009,222.1497,44,56,0,VU,VU,EN,EN,VU,LC,EN,EN,EN,"B1,B2,B1thrsp_inv",EN,"B1(i), B2(i), B1(iii), B2(iii)",Restricted distribution & rate of loss & threatening processes,Global & National status,,Endemic,Coastal Types,,MP,EN & MP,80,0.63,0.98,0.173,NOT,22,11.1,0%,0%,0%,0%,0%,0%,0%,0%,100%
South Africa,Cape Flats Sand Fynbos,Southwest Fynbos Bioregion,Fynbos,FFd5,Sand Fynbos,30,556.97,102.12,556.97,172.23,132.54,102.25,47.27,31,24,18,8,2.4992,73,1.5,0.97,1646,13,59.9058,0.0054,497.088,11,89,0,EN,EN,CR,EN,EN,VU,CR,EN,CR,"B1,B1thrsp_inv,B1thrsp_ovgr",CR,"B1(i), B1(iii)",Restricted distribution & rate of loss & threatening processes,Global & National status,,Endemic,Semi-Coastal Types,,NP,CR & NP,41,0.927,0.998,0.434,FRAG_HIGH,42,41.1,0%,0%,0%,0%,0%,0%,0%,0%,100%
South Africa,Cape Lowland Alluvial Vegetation,Alluvial Vegetation,Azonal Vegetation,AZa2,Alluvial Vegetation,31,350.89,118.72,350.89,156.93,130.15,118.72,88.69,45,37,34,25,1.3648,43,0.9,0.72,11540,36,78.21,53.6094,219.1329,38,78,41,VU,VU,EN,VU,VU,VU,LC,LC,EN,Restricted distribution & rate of loss,EN,B1(i),Restricted distribution & rate of loss,Global & National status,,Endemic,less than 5% of extent within 10km of coast,,PP,EN & PP,87,0.943,0.994,0.425,FRAG_HIGH,41,34.5,0%,0%,0%,0%,0%,0%,0%,0%,100%
South Africa,Cape Seashore Vegetation,Seashore Vegetation,Azonal Vegetation,AZd3,Seashore Vegetation,20,219.89,215.42,219.89,216.55,215.86,215.48,214.64,98,98,98,98,0.0383,1,0,0.01,190945,40,212.8914,1.5255,5.6718,97,3,1,LC,LC,LC,LC,LC,LC,LC,LC,LC,,LC,,,Global & National status,,Endemic,Coastal Types,,WP,LC & WP,2001,0.006,0.91,0.013,NOT,3,1.4,72%,0%,0%,0%,0%,0%,0%,0%,28%
South Africa,Cape Winelands Shale Fynbos,Southwest Fynbos Bioregion,Fynbos,FFh5,Shale Fynbos,30,83.99,36.64,83.99,41.66,38.84,36.64,32.69,50,46,44,39,0.1794,22,0.4,0.28,1253,9,42.7365,3.4281,37.8603,55,49,7,LC,VU,CR,EN,LC,LC,CR,EN,VU,A3,CR,"B1(i), B1(iii)",Restricted distribution & rate of loss & threatening processes,Global & National status,"VU - EN (B1i, B1iii) RoL and species",Endemic,Semi-Coastal Types,,WP,CR & WP,204,0.594,0.98,0.212,NOT,-6,-16.4,0%,0%,0%,0%,0%,0%,0%,0%,100%
South Africa,Carletonville Dolomite Grassland,Dry Highveld Grassland Bioregion,Grassland,Gh15,Dry Highveld Grassland,24,9200.45,5651.33,9200.45,6075.16,5768.79,5651.33,5318.31,66,63,61,58,15.1371,12,0.2,0.21,30590,165,5651.478,0,3548.9835,61,39,0,LC,LC,LC,LC,,,LC,LC,LC,,LC,,,National status,,Unsure - needs research,more than 10km from the coast,,PP,LC & PP,373,0.742,1,0.117,NOT,0,0,0%,1%,29%,0%,0%,0%,70%,0%,0%
South Africa,Cathedral Mopane Bushveld,Mopane Bioregion,Savanna,SVmp3,Mopane Bushveld,19,277.06,276.92,277.07,276.95,276.93,276.92,276.9,100,100,100,100,0.001,0,0,0,814,11,276.9156,0,0.1467,100,0,0,LC,LC,LC,LC,,,LC,LC,LC,,LC,,,National status,,Likely not endemic,more than 10km from the coast,,WP,LC & WP,2001,0.004,0.668,0.001,NOT,0,0,0%,0%,0%,0%,100%,0%,0%,0%,0%
South Africa,Cederberg Sandstone Fynbos,Northwest Fynbos Bioregion,Fynbos,FFs4,Sandstone Fynbos,29,2523.47,2241.57,2523.63,2284.36,2259.05,2241.97,2208.67,91,90,89,88,1.5137,3,0.1,0.05,4957,53,2216.7522,3.0474,303.6681,88,12,0,LC,LC,LC,LC,LC,LC,LC,LC,LC,,LC,,,Global & National status,,Endemic,more than 10km from the coast,,WP,LC & WP,1481,0.119,0.993,0.039,NOT,25,1.1,0%,0%,0%,0%,0%,0%,0%,0%,100%
South Africa,Central Coastal Shale Band Vegetation,Southern Fynbos Bioregion,Fynbos,FFb4,Shale Fynbos,27,62.77,55.06,62.77,56.26,55.39,55.06,54.12,90,88,88,86,0.0428,4,0.1,0.06,6679,28,54.8208,0.5301,7.5339,88,13,1,LC,LC,LC,LC,LC,LC,LC,LC,LC,,LC,,,Global & National status,,Endemic,5-20% of extent within 10km of coast,,WP,LC & WP,1287,0.007,0.874,0.023,NOT,0,0,0%,0%,0%,0%,0%,0%,0%,0%,100%
South Africa,Central Free State Grassland,Dry Highveld Grassland Bioregion,Grassland,Gh6,Dry Highveld Grassland,24,16012.84,10586.08,16012.84,11242.19,10767.75,10586.33,10071.01,70,67,66,63,23.4235,10,0.2,0.18,33981,254,10586.0817,0,5426.7975,66,34,0,LC,LC,LC,LC,,,LC,LC,LC,,LC,,,Global & National status,,Endemic,more than 10km from the coast,,PP,LC & PP,452,0.369,1,0.137,NOT,0,0,0%,99%,1%,0%,0%,0%,0%,0%,0%
South Africa,Central Inland Shale Band Vegetation,Western Fynbos-Renosterveld Bioregion,Fynbos,FFb3,Shale Fynbos,27,97.81,97.7,97.9,97.84,97.83,97.79,97.76,100,100,100,100,0.0017,0,0,0,6863,35,96.6879,0.2934,0.8253,99,1,0,LC,LC,LC,LC,LC,LC,LC,LC,LC,,LC,,,Global & National status,,Endemic,more than 10km from the coast,,WP,LC & WP,2001,0.146,0.141,0.001,NOT,1,1,0%,0%,0%,0%,0%,0%,0%,0%,100%
South Africa,Central Knersvlakte Vygieveld,Knersvlakte Bioregion,Succulent Karoo,SKk2,Lowland Vygieveld,28,129.88,129.32,129.89,129.41,129.41,129.35,129.3,100,100,100,100,0.0023,0,0,0,776,10,126.9333,0.0297,2.9142,98,2,0,LC,LC,LC,LC,LC,LC,LC,LC,LC,,LC,,,Global & National status,,Endemic,more than 10km from the coast,,WP,LC & WP,2001,0.015,0.203,0.003,NOT,2,1.5,0%,0%,0%,0%,0%,0%,0%,0%,100%
South Africa,Central Mountain Shale Renosterveld,Karoo Renosterveld Bioregion,Fynbos,FRs5,Shale Renosterveld,27,1236.48,1200.51,1236.48,1202.43,1201.83,1200.54,1199.05,97,97,97,97,0.0677,0,0,0,3278,32,1199.7333,0,36.7497,97,3,0,LC,LC,LC,LC,LC,LC,LC,LC,LC,,LC,,,Global & National status,,Endemic,more than 10km from the coast,,NP,LC & NP,2001,0.036,0.815,0.013,NOT,1,0.1,0%,0%,0%,0%,0%,0%,0%,36%,64%
South Africa,Central Richtersveld Mountain Shrubland,Richtersveld Bioregion,Succulent Karoo,SKr1,Mountain Shrubland,28,1200.4,1200.01,1200.45,1200.23,1200.19,1200.07,1199.94,100,100,100,100,0.0059,0,0,0,2122,30,1200.006,0,0.3924,100,0,0,LC,LC,LC,LC,,,LC,LC,LC,,LC,,,National status,,Unsure - needs research,more than 10km from the coast,,WP,LC & WP,2001,0.022,0.804,0,NOT,0,0,0%,0%,0%,0%,0%,0%,0%,100%,0%
South Africa,Central Ruens Shale Renosterveld,East Coast Renosterveld Bioregion,Fynbos,FRs12,Shale Renosterveld,27,2027.5,204.23,2027.53,311.75,240.46,204.23,119.76,15,12,10,6,3.8397,62,1.2,0.97,4169,34,102.0825,92.8926,1832.5224,10,95,48,EN,CR,EN,VU,CR,EN,EN,VU,CR,A3WC,CR,"A3, A3alt",Historical decline in extent (national & regional data),Global & National status,,Endemic,less than 5% of extent within 10km of coast,,NP,CR & NP,53,0.985,1,0.588,FRAG_VHIGH,102,49.9,0%,0%,0%,0%,0%,0%,0%,0%,100%
South Africa,Central Sandy Bushveld,Central Bushveld Bioregion,Savanna,SVcb12,Central Bushveld,19,17255.23,11010.86,17255.23,11974.82,11211.67,11010.86,10253.46,69,65,64,59,34.4272,14,0.3,0.27,42233,312,11331.7695,0,5923.5174,66,34,0,LC,LC,LC,LC,LC,,LC,LC,LC,,LC,,,Global & National status,,Endemic,more than 10km from the coast,,PP,LC & PP,320,0.499,0.999,0.111,NOT,-321,-2.9,0%,0%,11%,0%,64%,11%,15%,0%,0%
South Africa,Ceres Shale Renosterveld,Western Fynbos-Renosterveld Bioregion,Fynbos,FRs4,Shale Renosterveld,27,491.73,215.32,491.73,254.13,232.48,215.32,184.83,52,47,44,38,1.386,27,0.5,0.36,1749,17,215.3709,0.3834,276.0489,44,56,0,LC,VU,CR,EN,VU,LC,LC,LC,VU,"A3,A3WC",CR,B1(i),Restricted distribution & rate of loss,Global & National status,VU - CR (B1) RoL for B1,Endemic,more than 10km from the coast,,PP,CR & PP,155,0.749,0.999,0.262,NOT,0,0,0%,0%,0%,0%,0%,0%,0%,0%,100%
South Africa,Citrusdal Shale Renosterveld,Eastern Fynbos-Renosterveld Bioregion,Fynbos,FRs20,Shale Renosterveld,28,46.96,11.78,47.01,16.08,13.26,11.82,8.47,34,28,25,18,0.1521,47,0.9,0.73,411,5,16.8255,0.0414,30.0978,36,64,0,VU,EN,CR,EN,VU,LC,LC,LC,CR,Restricted distribution & rate of loss,CR,B1(i),Restricted distribution & rate of loss,Global & National status,,Endemic,more than 10km from the coast,,NP,CR & NP,78,0.941,0.994,0.392,FRAG_MHIGH,-5,-42.3,0%,0%,0%,0%,0%,0%,0%,0%,100%
South Africa,Citrusdal Vygieveld,Knersvlakte Bioregion,Succulent Karoo,SKk7,Lowland Vygieveld,28,185.2,133.1,185.22,144.19,138.43,133.1,124.4,78,75,72,67,0.3959,14,0.3,0.17,624,8,137.5776,0.0459,47.5803,74,26,0,LC,LC,LC,LC,LC,LC,LC,LC,LC,,LC,,,Global & National status,,Endemic,more than 10km from the coast,,PP,LC & PP,336,0.331,0.981,0.117,NOT,-4,-3,0%,0%,0%,0%,0%,0%,0%,0%,100%
South Africa,Crocodile Gorge Mountain Bushveld,Lowveld Bioregion,Savanna,SVl27,Moist Sour Lowveld,24,539.88,429.35,539.89,442.16,436.77,429.35,419.28,82,81,80,78,0.4577,5,0.1,0.05,920,14,461.7396,0,78.1416,86,14,0,LC,LC,LC,LC,LC,,LC,LC,LC,,LC,,,Global & National status,,Endemic,more than 10km from the coast,,MP,LC & MP,938,0.146,0.992,0.087,NOT,-32,-7.5,0%,0%,0%,0%,0%,100%,0%,0%,0%
South Africa,Crossroads Grassland Thicket,Albany Thicket,Albany Thicket,AT23,Thicket Grassland & Savanna Mosaics,19,311.14,269.07,311.14,272.41,270.6,269.07,266.45,88,87,86,86,0.1193,2,0,0.03,1781,17,268.8093,0.2961,42.0426,86,14,0,LC,LC,LC,LC,,LC,LC,LC,LC,,LC,,,Global & National status,,Endemic,more than 10km from the coast,,MP,LC & MP,2001,0.411,0.973,0.064,NOT,0,0,100%,0%,0%,0%,0%,0%,0%,0%,0%
South Africa,De Hoop Limestone Fynbos,South Coast Fynbos Bioregion,Fynbos,FFl2,Limestone Fynbos,32,690.27,660.99,690.27,664.59,663.25,660.99,658.17,96,96,96,95,0.1284,1,0,0.01,1664,21,638.2044,6.8958,45.1818,93,8,1,LC,LC,LC,LC,LC,LC,LC,LC,LC,,LC,,,Global & National status,,Endemic,Semi-Coastal Types,,MP,LC & MP,2001,0.041,0.891,0.018,NOT,23,3.5,0%,0%,0%,0%,0%,0%,0%,0%,100%
South Africa,Delagoa Lowveld,Lowveld Bioregion,Savanna,SVl4,Arid Lowveld,19,786.02,594.78,2722.06,2027.96,1977.07,1971.36,1926.9,75,73,72,71,2.0212,5,0.1,0.1,7804,60,1999.2654,2.6505,720.1557,74,27,0,LC,LC,LC,LC,LC,,LC,LC,LC,,LC,,,Global & National status,,"Likely endemic to ZA, Ls, Sz",more than 10km from the coast,,MP,LC & MP,975,0.681,1,0.182,NOT,-28,-1.4,0%,0%,0%,11%,0%,89%,0%,0%,0%
South Africa,Die Plate Succulent Shrubland,Richtersveld Bioregion,Succulent Karoo,SKr10,Upland Vygieveld,28,127.57,127.48,127.57,127.54,127.53,127.49,127.45,100,100,100,100,0.0018,0,0,0,141,3,127.4832,0,0.0855,100,0,0,LC,LC,LC,LC,,,LC,LC,LC,,LC,,,Global & National status,,Endemic,more than 10km from the coast,,NP,LC & NP,2001,0.022,0.022,0.002,NOT,0,0,0%,0%,0%,0%,0%,0%,0%,100%,0%
South Africa,Doringrivier Quartzite Karoo,Rainshadow Valley Karoo Bioregion,Succulent Karoo,SKv1,Quartzite Shrubland,19,540.78,451.98,540.78,470.52,455.64,451.98,437.41,87,84,84,81,0.6622,7,0.1,0.13,4074,25,433.0611,1.3518,106.3665,80,20,0,LC,LC,LC,LC,LC,LC,LC,LC,LC,,LC,,,Global & National status,,Endemic,more than 10km from the coast,,NP,LC & NP,683,0.055,0.974,0.09,NOT,19,4.2,0%,0%,0%,0%,0%,0%,0%,15%,85%
South Africa,Doubledrift Karroid Thicket,Albany Thicket,Albany Thicket,AT24,Thicket Nama and Succulent Karoo Mosaics,19,2975.92,2605.1,2975.92,2631.56,2616.79,2605.1,2584.31,88,88,88,87,0.945,2,0,0.02,11815,74,2603.5227,1.6326,370.7982,88,13,0,LC,LC,LC,LC,,LC,LC,LC,LC,,LC,,,Global & National status,,Endemic,less than 5% of extent within 10km of coast,,PP,LC & PP,2001,0.211,0.99,0.044,NOT,2,0.1,100%,0%,0%,0%,0%,0%,0%,0%,0%
South Africa,Drakensberg Afroalpine Heathland,Drakensberg Grassland Bioregion,Grassland,Gd10,High Altitude Grassland,27,81.12,78.36,2830.73,2755.61,2755.54,2752.36,2749.82,97,97,97,97,0.1158,0,0,0,11928,90,2757.8511,0.8271,72.0639,97,3,0,LC,LC,LC,LC,LC,,LC,LC,LC,,LC,,,Global & National status,,"Likely endemic to ZA, Ls, Sz",more than 10km from the coast,,PP,LC & PP,2001,0.019,0.986,0.124,NOT,-5,-0.2,0%,20%,0%,80%,0%,0%,0%,0%,0%
South Africa,Drakensberg Foothill Moist Grassland,Sub-Escarpment Grassland Bioregion,Grassland,Gs10,Sub-Escarpment Grassland,23,10944.67,7646.38,10944.67,8266.22,7839.2,7648.24,7162.69,76,72,70,65,22.0707,13,0.3,0.22,54055,266,7896.4416,99.504,2948.8149,73,28,1,LC,LC,LC,LC,LC,LC,LC,LC,LC,,LC,,,Global & National status,,Endemic,more than 10km from the coast,,PP,LC & PP,347,0.394,0.995,0.014,NOT,-248,-3.2,66%,0%,0%,34%,0%,0%,0%,0%,0%
South Africa,Drakensberg-Amathole Afromontane Fynbos,Drakensberg Grassland Bioregion,Grassland,Gd6,High Altitude Grassland,27,17.52,17.5,21.63,21.56,21.56,21.56,21.56,100,100,100,100,0.0001,0,0,0,7287,8,21.3939,0.126,0.0513,100,1,1,LC,LC,LC,LC,LC,,LC,LC,LC,,LC,,,Global & National status,,"Likely endemic to ZA, Ls, Sz",more than 10km from the coast,,WP,LC & WP,2001,0.003,0.457,0.058,NOT,0,0,0%,19%,0%,81%,0%,0%,0%,0%,0%
South Africa,Dry Coast Hinterland Grassland,Sub-Escarpment Grassland Bioregion,Grassland,Gs19,Coastal Grassland,25,3024.18,1359.32,3024.25,1551,1426.52,1359.32,1208.72,51,47,45,40,6.8456,22,0.4,0.33,21487,106,1881.3438,110.9691,1031.8689,66,38,6,LC,VU,VU,LC,LC,,LC,LC,VU,A3,VU,"A3, B1(i)",Historical decline in extent (national data); Restricted distribution & rate of loss,Global & National status,A3alt gives lower TS but follow precautionary,Endemic,more than 10km from the coast,,NP,VU & NP,199,0.615,0.997,0.244,NOT,-522,-38.4,8%,0%,0%,92%,0%,0%,0%,0%,0%
South Africa,Dwaalboom Thornveld,Central Bushveld Bioregion,Savanna,SVcb1,Central Bushveld,19,9663.25,7662.32,9663.25,8008.75,7707.93,7662.32,7390.13,83,80,79,76,12.3724,8,0.2,0.16,17110,157,7662.654,0,2001.0933,79,21,0,LC,LC,LC,LC,,,LC,LC,LC,,LC,,,National status,,Likely not endemic,more than 10km from the coast,,MP,LC & MP,619,0.241,1,0.073,NOT,0,0,0%,0%,0%,0%,43%,0%,57%,0%,0%
South Africa,Dwarsberg-Swartruggens Mountain Bushveld,Central Bushveld Bioregion,Savanna,SVcb4,Central Bushveld,24,2646.49,2329.02,2646.49,2379.56,2341.17,2329.17,2289.58,90,88,88,87,1.7995,4,0.1,0.07,11315,81,2329.0182,0,317.6946,88,12,0,LC,LC,LC,LC,,,LC,LC,LC,,LC,,,National status,,Likely not endemic,more than 10km from the coast,,PP,LC & PP,1294,0.178,0.985,0.073,NOT,0,0,0%,0%,0%,0%,0%,0%,100%,0%,0%
South Africa,East Griqualand Grassland,Sub-Escarpment Grassland Bioregion,Grassland,Gs12,Sub-Escarpment Grassland,23,8727.99,4719.43,8728.25,5237.35,4869.22,4719.59,4312.78,60,56,54,49,18.4915,18,0.4,0.29,16728,166,4965.7554,132.2307,3630.0006,58,43,3,LC,LC,EN,LC,LC,LC,LC,LC,LC,,EN,B1(i),Restricted distribution & rate of loss,Global & National status,LC - EN (B1) RoL for B1,Endemic,more than 10km from the coast,,PP,EN & PP,255,0.551,0.999,0.217,NOT,-246,-5.2,83%,0%,0%,17%,0%,0%,0%,0%,0%
South Africa,Eastern Coastal Shale Band Vegetation,Eastern Fynbos-Renosterveld Bioregion,Fynbos,FFb6,Shale Fynbos,27,78.03,29.86,78.04,34.52,31.18,30.02,26.48,44,40,38,34,0.1609,23,0.5,0.4,4369,11,28.7208,2.4057,46.9035,40,63,8,LC,VU,EN,EN,VU,LC,LC,LC,EN,B1B2,EN,"B1(i), B2(i)",Restricted distribution & rate of loss,Global & National status,,Endemic,Semi-Coastal Types,,PP,EN & PP,187,0.703,0.943,0.296,NOT,1,3.3,82%,0%,0%,0%,0%,0%,0%,0%,18%
South Africa,Eastern Free State Clay Grassland,Mesic Highveld Grassland Bioregion,Grassland,Gm3,Mesic Highveld Grassland,24,14027.56,5661.35,15063.86,6890.21,6203.8,6030.98,5355.86,46,41,40,36,30.687,22,0.4,0.42,30427,238,6030.9198,0,9032.9967,40,60,0,LC,VU,VU,LC,,,LC,LC,VU,A3B1,VU,"A3, B1(i)","Historical decline in extent (national data), Restricted distribution & rate of loss",Global & National status,,"Likely endemic to ZA, Ls, Sz",more than 10km from the coast,,NP,VU & NP,197,0.795,1,0.35,FRAG_MHIGH,0,0,0%,100%,0%,0%,0%,0%,0%,0%,0%
South Africa,Eastern Free State Sandy Grassland,Mesic Highveld Grassland Bioregion,Grassland,Gm4,Mesic Highveld Grassland,24,11278.31,6273.05,14254.51,8119.96,7678.78,7511.39,7033.23,57,54,53,49,21.7347,13,0.3,0.23,35392,257,7514.3556,2.4516,6737.8698,53,47,0,LC,LC,LC,LC,,,LC,LC,LC,,LC,,,Global & National status,,"Likely endemic to ZA, Ls, Sz",more than 10km from the coast,,PP,LC & PP,346,0.53,0.999,0.29,NOT,-3,0,0%,100%,0%,0%,0%,0%,0%,0%,0%
South Africa,Eastern Gariep Plains Desert,Gariep Desert Bioregion,Desert,Dg9,Plains Desert,34,1217.98,1201.37,1217.98,1210.99,1203.19,1201.37,1193.81,99,99,99,98,0.3436,1,0,0.03,6385,50,1201.3668,0,16.6545,99,1,0,LC,LC,LC,LC,,,LC,LC,LC,,LC,,,National status,,Likely not endemic,more than 10km from the coast,,NP,LC & NP,2001,0.031,0.786,0.005,NOT,0,0,0%,0%,0%,0%,0%,0%,0%,100%,0%
South Africa,Eastern Gariep Rocky Desert,Gariep Desert Bioregion,Desert,Dg10,Rocky Desert,34,2094.7,2085.67,2094.7,2091.81,2090.49,2085.67,2080.85,100,100,100,99,0.2194,1,0,0,7811,68,2085.7347,0,9.0603,100,0,0,LC,LC,LC,LC,,,LC,LC,LC,,LC,,,National status,,Likely not endemic,more than 10km from the coast,,NP,LC & NP,2001,0.02,0.12,0.001,NOT,0,0,0%,0%,0%,0%,0%,0%,0%,100%,0%
South Africa,Eastern Gwarrieveld,Albany Thicket,Albany Thicket,AT25,Thicket Nama and Succulent Karoo Mosaics,19,2128.94,2113.65,2128.96,2116.88,2115.74,2114.14,2111.98,99,99,99,99,0.098,0,0,0,11402,68,2110.0842,3.5613,15.2955,99,1,0,LC,LC,LC,LC,,LC,LC,LC,LC,,LC,,,Global & National status,,Endemic,more than 10km from the coast,,PP,LC & PP,2001,0.008,0.819,0.009,NOT,4,0.2,100%,0%,0%,0%,0%,0%,0%,0%,0%
South Africa,Eastern Highveld Grassland,Mesic Highveld Grassland Bioregion,Grassland,Gm12,Mesic Highveld Grassland,24,12772.47,3888.45,12772.49,4776.92,4200.99,3888.45,3190.36,37,33,30,25,31.7311,33,0.7,0.5,23000,178,6100.2108,0,6672.2598,48,52,0,VU,EN,VU,LC,VU,,LC,LC,VU,"A3,A3CITY,A3MPL,B1",EN,A3,Historical decline in extent (national data),Global & National status,VU - EN (A3) hist hab loss,Endemic,more than 10km from the coast,,PP,EN & PP,123,0.87,1,0.341,FRAG_MHIGH,-2212,-56.9,0%,0%,3%,0%,0%,97%,0%,0%,0%
South Africa,Eastern Inland Shale Band Vegetation,Eastern Fynbos-Renosterveld Bioregion,Fynbos,FFb5,Shale Fynbos,27,108.39,96.24,108.41,97.43,96.57,96.24,95.3,90,89,89,88,0.0427,2,0,0.04,4514,35,96.156,0.0351,12.2022,89,11,0,LC,LC,LC,LC,LC,LC,LC,LC,LC,,LC,,,Global & National status,,Endemic,more than 10km from the coast,,WP,LC & WP,2001,0.053,0.773,0.05,NOT,0,0,94%,0%,0%,0%,0%,0%,0%,0%,6%
South Africa,Eastern Little Karoo,Rainshadow Valley Karoo Bioregion,Succulent Karoo,SKv11,Little Karoo,16,1578.46,1379.61,1578.46,1413.96,1397.48,1379.67,1352.72,90,89,87,86,1.2249,4,0.1,0.05,4756,52,1224.7317,6.1137,347.6844,78,22,0,LC,LC,LC,LC,LC,LC,LC,LC,LC,,LC,,,Global & National status,,Endemic,more than 10km from the coast,,NP,LC & NP,1126,0.142,0.988,0.058,NOT,155,11.2,0%,0%,0%,0%,0%,0%,0%,0%,100%
South Africa,Eastern Lower Karoo,Lower Karoo Bioregion,Nama-Karoo,NKl2,Grassy Sandy Plains Nama Karoo,16,8321.27,8187,8321.27,8214.32,8199.08,8190.32,8171.46,99,99,98,98,0.8573,1,0,0.01,18163,154,8142.1767,39.5442,139.5675,98,2,0,LC,LC,LC,LC,,LC,LC,LC,LC,,LC,,,Global & National status,,Endemic,more than 10km from the coast,,PP,LC & PP,2001,0.026,0.931,0.013,NOT,48,0.6,96%,0%,0%,0%,0%,0%,0%,0%,4%
South Africa,Eastern Ruens Shale Renosterveld,East Coast Renosterveld Bioregion,Fynbos,FRs13,Shale Renosterveld,27,2762.7,409.46,2762.7,605.79,456.04,409.46,255.2,22,17,15,9,7.0117,58,1.2,1.03,4611,49,288.9621,222.6474,2251.1592,19,90,44,EN,EN,EN,VU,EN,EN,EN,VU,EN,"A2b,A3,A3WC,B1,B1thrsp_inv,B1thrsp_ovgr",EN,"A2b, A3, A3alt, B1(i), B1(iii), D3","Decline in extent 1990-2040, Historical decline in extent (national and regional data), Restricted distribution & rate of loss & threatening processes, Historical disruption of biotic processes",Global & National status,,Endemic,less than 5% of extent within 10km of coast,,NP,EN & NP,58,0.983,0.999,0.617,FRAG_VHIGH,121,29.6,0%,0%,0%,0%,0%,0%,0%,0%,100%
South Africa,Eastern Upper Karoo,Upper Karoo Bioregion,Nama-Karoo,NKu4,Grassy Sandy Plains Nama Karoo,21,49834.17,48095.84,49834.23,48354.3,48182.46,48098.39,47897.33,97,97,97,96,9.1394,1,0,0.02,100911,737,47958.8913,67.5639,1807.7112,96,4,0,LC,LC,LC,LC,LC,LC,LC,LC,LC,,LC,,,Global & National status,,Endemic,more than 10km from the coast,,PP,LC & PP,2001,0.034,0.984,0.022,NOT,140,0.3,35%,0%,0%,0%,0%,0%,0%,55%,10%
South Africa,Eastern Valley Bushveld,Sub-Escarpment Savanna Bioregion,Savanna,SVs6,Sub-Escarpment Savanna,25,10185.44,7081.38,10185.44,7318.85,7162.42,7081.57,6895.14,72,70,70,68,8.4743,6,0.1,0.09,64113,298,7832.9736,84.069,2268.477,78,23,1,LC,LC,LC,LC,LC,LC,LC,LC,LC,,LC,,,Global & National status,,Endemic,less than 5% of extent within 10km of coast,,NP,LC & NP,836,0.213,0.983,0.146,NOT,-751,-10.6,69%,0%,0%,31%,0%,0%,0%,0%,0%
South Africa,Eenriet Plains Succulent Shrubland,Richtersveld Bioregion,Succulent Karoo,SKr17,Upland Vygieveld,28,260.73,260.14,260.78,260.51,260.45,260.2,259.96,100,100,100,100,0.011,0,0,0,504,11,260.1414,0,0.5886,100,0,0,LC,LC,LC,LC,,,LC,LC,LC,,LC,,,Global & National status,,Endemic,more than 10km from the coast,,NP,LC & NP,2001,0.019,0.02,0.002,NOT,0,0,0%,0%,0%,0%,0%,0%,0%,100%,0%
South Africa,Egoli Granite Grassland,Mesic Highveld Grassland Bioregion,Grassland,Gm10,Mesic Highveld Grassland,24,1093.18,196.51,1093.18,320.31,244.71,196.6,99.4,29,22,18,9,4.4181,69,1.4,0.98,1199,18,196.5114,0,896.6889,18,82,0,EN,EN,CR,EN,,,LC,LC,CR,Restricted distribution & rate of loss,CR,B1(i),Restricted distribution & rate of loss,Global & National status,,Endemic,more than 10km from the coast,,PP,CR & PP,44,0.921,1,0.447,FRAG_HIGH,0,0,0%,0%,100%,0%,0%,0%,0%,0%,0%
South Africa,Elands Forest Thicket,Albany Thicket,Albany Thicket,AT26,Thicket Forest Mosaics,19,40.44,30.1,40.47,32.36,30.85,30.35,28.76,80,76,75,71,0.0718,11,0.2,0.2,695,6,30.0951,0,10.3428,74,26,0,LC,LC,LC,LC,,LC,LC,LC,LC,,LC,,,Global & National status,,Endemic,Semi-Coastal Types,,PP,LC & PP,422,0.07,0.898,0.167,NOT,0,0,100%,0%,0%,0%,0%,0%,0%,0%,0%
South Africa,Elgin Shale Fynbos,Southwest Fynbos Bioregion,Fynbos,FFh6,Shale Fynbos,30,279.46,70.51,279.46,98.38,82.81,70.51,48.62,35,30,25,17,0.9951,51,1,0.66,1251,13,33.4557,30.2823,215.721,23,88,48,EN,EN,CR,EN,EN,VU,CR,EN,CR,"B1,B1thrsp_inv",CR,"B1(i), B1(iii)",Restricted distribution & rate of loss & threatening processes,Global & National status,,Endemic,less than 5% of extent within 10km of coast,,PP,CR & PP,71,0.943,0.999,0.465,FRAG_HIGH,37,52.5,0%,0%,0%,0%,0%,0%,0%,0%,100%
South Africa,Elim Ferricrete Fynbos,Southwest Fynbos Bioregion,Fynbos,FFf1,Ferricrete Fynbos,30,693.88,239.01,693.88,280.65,258.78,239.05,206.37,40,37,34,30,1.4856,26,0.5,0.32,3001,25,191.6217,27.4365,474.8328,32,72,13,LC,VU,EN,VU,VU,VU,EN,VU,EN,"B1thrsp_inv,B1thrsp_ovgr",EN,"B1(i), B1(iii)",Restricted distribution & rate of loss & threatening processes,Global & National status,,Endemic,Semi-Coastal Types,,PP,EN & PP,161,0.85,0.997,0.325,FRAG_MHIGH,47,19.7,0%,0%,0%,0%,0%,0%,0%,0%,100%
South Africa,Escarpment Arid Thicket,Albany Thicket,Albany Thicket,AT27,Arid Thicket,19,1239.92,1232.15,1239.92,1234.4,1233.19,1232.3,1230.65,100,99,99,99,0.0748,0,0,0,16503,67,817.353,414.7947,7.8192,99,34,34,LC,LC,LC,LC,,LC,LC,LC,LC,,LC,,,Global & National status,,Endemic,more than 10km from the coast,,MP,LC & MP,2001,0,0.62,0.006,NOT,415,33.7,100%,0%,0%,0%,0%,0%,0%,0%,0%
South Africa,Escarpment Mesic Thicket,Albany Thicket,Albany Thicket,AT28,Mesic Thicket,19,1030.45,909.89,1030.53,920.37,913.66,910.02,901.89,89,89,88,88,0.3696,2,0,0.03,8440,54,713.169,196.7175,120.5667,88,31,22,LC,LC,LC,LC,,LC,LC,LC,LC,,LC,,,Global & National status,,Endemic,more than 10km from the coast,,PP,LC & PP,2001,0.369,0.923,0.051,NOT,197,21.6,100%,0%,0%,0%,0%,0%,0%,0%,0%
South Africa,Escarpment Valley Thicket,Albany Thicket,Albany Thicket,AT29,Valley Thicket,19,784.61,769.23,784.63,771.76,770.29,769.25,767.28,98,98,98,98,0.0897,1,0,0.01,1794,23,433.4751,335.7522,15.3873,98,45,44,LC,LC,LC,LC,,LC,LC,LC,LC,,LC,,,Global & National status,,Endemic,more than 10km from the coast,,WP,LC & WP,2001,0.018,0.927,0.015,NOT,336,43.7,100%,0%,0%,0%,0%,0%,0%,0%,0%
South Africa,Fish Arid Thicket,Albany Thicket,Albany Thicket,AT30,Arid Thicket,19,674.02,627.76,674.02,633.7,629.63,627.82,623.19,94,93,93,92,0.2101,2,0,0.03,902,15,547.6014,80.1621,46.2888,93,19,13,LC,LC,LC,LC,,LC,LC,LC,LC,,LC,,,Global & National status,,Endemic,more than 10km from the coast,,WP,LC & WP,2001,0.066,0.991,0.031,NOT,80,12.7,100%,0%,0%,0%,0%,0%,0%,0%,0%
South Africa,Fish Mesic Thicket,Albany Thicket,Albany Thicket,AT31,Mesic Thicket,19,241.29,210.93,241.37,212.88,212.02,211.25,209.97,88,88,88,87,0.0583,1,0,0.02,5027,19,207.1665,3.762,30.3642,87,14,2,LC,LC,LC,LC,,LC,LC,LC,LC,,LC,,,Global & National status,,Endemic,5-20% of extent within 10km of coast,,PP,LC & PP,2001,0.125,0.874,0.074,NOT,4,1.9,100%,0%,0%,0%,0%,0%,0%,0%,0%
South Africa,Fish Valley Thicket,Albany Thicket,Albany Thicket,AT32,Valley Thicket,19,3596.3,3457.97,3596.31,3489.11,3467.06,3457.97,3433.49,97,96,96,95,1.1124,2,0,0.03,16748,110,2106.9216,1351.1556,138.2193,96,41,39,LC,LC,LC,LC,,LC,LC,LC,LC,,LC,,,Global & National status,,Endemic,more than 10km from the coast,,MP,LC & MP,2001,0.019,0.979,0.023,NOT,1351,39.1,100%,0%,0%,0%,0%,0%,0%,0%,0%
South Africa,Frankfort Highveld Grassland,Mesic Highveld Grassland Bioregion,Grassland,Gm6,Mesic Highveld Grassland,24,9891.6,5498.52,9891.6,6018.71,5606.92,5498.52,5089.8,61,57,56,51,18.5783,15,0.3,0.29,13982,138,5552.7264,0,4338.9594,56,44,0,LC,LC,LC,LC,LC,,LC,LC,LC,,LC,,,Global & National status,,Endemic,more than 10km from the coast,,NP,LC & NP,296,0.469,1,0.193,NOT,-54,-1,0%,95%,0%,0%,0%,5%,0%,0%,0%
South Africa,Fynbos Riparian Vegetation,Alluvial Vegetation,Azonal Vegetation,AZa1,Alluvial Vegetation,31,18.67,18.21,18.67,18.28,18.27,18.21,18.16,98,98,98,97,0.0024,1,0,0,549,5,18.1116,0.0963,0.5085,97,3,1,LC,LC,LC,LC,LC,LC,LC,LC,LC,,LC,,,Global & National status,,Endemic,more than 10km from the coast,,WP,LC & WP,2001,0.075,0.933,0.018,NOT,0,0,0%,0%,0%,0%,0%,0%,0%,0%,100%
South Africa,Gabbro Grassy Bushveld,Lowveld Bioregion,Savanna,SVl6,Arid Lowveld,19,760.25,758.02,760.25,758.55,758.12,758.02,757.6,100,100,100,100,0.0191,0,0,0,5282,32,759.5694,0,0.7524,100,0,0,LC,LC,LC,LC,LC,,LC,LC,LC,,LC,,,Global & National status,,Endemic,more than 10km from the coast,,WP,LC & WP,2001,0.008,0.278,0.004,NOT,-2,-0.3,0%,0%,0%,0%,0%,100%,0%,0%,0%
South Africa,Gamka Arid Thicket,Albany Thicket,Albany Thicket,AT33,Arid Thicket,19,491.86,484.95,491.87,486.57,485.82,484.97,483.72,99,99,99,98,0.057,1,0,0.01,5380,38,445.5909,28.7127,17.5545,96,9,6,LC,LC,LC,LC,LC,LC,LC,LC,LC,,LC,,,Global & National status,,Endemic,more than 10km from the coast,,PP,LC & PP,2001,0.114,0.909,0.011,NOT,39,8,16%,0%,0%,0%,0%,0%,0%,0%,84%
South Africa,Gamka Karoo,Lower Karoo Bioregion,Nama-Karoo,NKl1,Gamka Karoo,16,20205.82,20118.07,20205.9,20140.66,20132.65,20118.75,20101.53,100,100,100,99,0.7827,0,0,0,28787,276,19506.3057,375.7509,323.7606,98,3,2,LC,LC,LC,LC,LC,LC,LC,LC,LC,,LC,,,Global & National status,,Endemic,more than 10km from the coast,,PP,LC & PP,2001,0.008,0.959,0.004,NOT,612,3,10%,0%,0%,0%,0%,0%,0%,0%,90%
South Africa,Gamka Valley Thicket,Albany Thicket,Albany Thicket,AT34,Valley Thicket,19,167.51,161.89,167.54,163.54,163.01,161.9,160.6,98,97,97,96,0.0589,2,0,0.14,366,9,153.0279,0.1872,14.2929,91,9,0,LC,LC,LC,LC,LC,LC,LC,LC,LC,,LC,,,Global & National status,,Endemic,5-20% of extent within 10km of coast,,NP,LC & NP,2001,0.408,0.985,0.118,NOT,9,5.6,0%,0%,0%,0%,0%,0%,0%,0%,100%
South Africa,Garden Route Granite Fynbos,Eastern Fynbos-Renosterveld Bioregion,Fynbos,FFg5,Granite Fynbos,23,498.34,182.92,498.34,235.32,202.8,182.97,141.84,47,41,37,28,1.8697,40,0.8,0.58,916,15,137.9547,64.0386,296.3925,41,72,32,VU,VU,CR,EN,VU,VU,LC,LC,CR,Restricted distribution & rate of loss,CR,B1(i),Restricted distribution & rate of loss,Global & National status,,Endemic,Coastal Types,,NP,CR & NP,98,0.637,0.996,0.338,NOT,45,24.6,0%,0%,0%,0%,0%,0%,0%,0%,100%
South Africa,Garden Route Shale Fynbos,Eastern Fynbos-Renosterveld Bioregion,Fynbos,FFh9,Shale Fynbos,23,564.65,249.89,564.74,297.7,270.51,250.17,212.83,53,48,44,38,1.6974,29,0.6,0.38,5100,30,206.0451,72.6876,285.9192,49,64,26,LC,VU,EN,VU,VU,LC,LC,LC,VU,"A3,A3WC",EN,B1(i),Restricted distribution & rate of loss,Global & National status,VU - EN (B1) RoL for B1,Endemic,Semi-Coastal Types,,PP,EN & PP,147,0.653,0.977,0.285,NOT,44,17.6,7%,0%,0%,0%,0%,0%,0%,0%,93%
South Africa,Gauteng Shale Mountain Bushveld,Central Bushveld Bioregion,Savanna,SVcb10,Central Bushveld,24,1024.99,702.48,1024.99,771.59,721.6,702.59,648.38,75,70,69,63,2.4642,16,0.3,0.27,8223,41,702.4797,0,322.5177,69,31,0,LC,LC,LC,LC,,,LC,LC,LC,,LC,,,Global & National status,,Endemic,more than 10km from the coast,,PP,LC & PP,285,0.541,0.999,0.177,NOT,0,0,0%,0%,83%,0%,0%,0%,17%,0%,0%
South Africa,Geluk Grassland Thicket,Albany Thicket,Albany Thicket,AT35,Thicket Grassland & Savanna Mosaics,19,30.15,18.55,30.15,19.53,18.73,18.55,17.78,65,62,62,59,0.035,9,0.2,0.17,83,6,18.5742,0.0045,11.574,62,38,0,LC,LC,LC,LC,,LC,LC,LC,LC,,LC,,,Global & National status,,Endemic,more than 10km from the coast,,WP,LC & WP,531,0.593,0.985,0.183,NOT,0,0,100%,0%,0%,0%,0%,0%,0%,0%,0%
South Africa,Ghaap Plateau Vaalbosveld,Eastern Kalahari Bushveld Bioregion,Savanna,SVk7,Western Central Bushveld,16,15482.87,15096.22,15482.87,15170.59,15126.5,15096.22,15037.78,98,98,98,97,2.6562,1,0,0.01,19570,203,15096.2742,0,386.6553,98,2,0,LC,LC,LC,LC,,,LC,LC,LC,,LC,,,Global & National status,,Endemic,more than 10km from the coast,,NP,LC & NP,2001,0.025,0.998,0.01,NOT,0,0,0%,0%,0%,0%,0%,0%,41%,59%,0%
South Africa,Goariep Mountain Succulent Shrubland,Richtersveld Bioregion,Succulent Karoo,SKr3,Namaqualand Klipkop,28,170.77,170.77,170.77,170.77,170.77,170.77,170.76,100,100,100,100,0.0001,0,0,0,186,5,170.7696,0,0.0072,100,0,0,LC,LC,LC,LC,,,LC,LC,LC,,LC,,,Global & National status,,Endemic,more than 10km from the coast,,WP,LC & WP,2001,0.023,0.023,0,NOT,0,0,0%,0%,0%,0%,0%,0%,0%,100%,0%
South Africa,Gold Reef Mountain Bushveld,Central Bushveld Bioregion,Savanna,SVcb9,Central Bushveld,24,2030.92,1600.73,2030.92,1687.71,1637.85,1600.93,1532.74,83,81,79,75,3.0994,9,0.2,0.12,25196,85,1606.8807,0,424.0827,79,21,0,LC,LC,LC,LC,,,LC,LC,LC,,LC,,,Global & National status,,Endemic,more than 10km from the coast,,MP,LC & MP,517,0.112,0.995,0.105,NOT,-6,-0.4,0%,10%,25%,0%,0%,2%,63%,0%,0%
South Africa,Gordonia Duneveld,Kalahari Duneveld Bioregion,Savanna,SVkd1,Kalahari Duneveld,16,37063.4,37027.99,37063.4,37039.74,37035.71,37027.99,37018.76,100,100,100,100,0.4196,0,0,0,105550,642,37029.0546,0,35.397,100,0,0,LC,LC,LC,LC,,,LC,LC,LC,,LC,,,National status,,Likely not endemic,more than 10km from the coast,,MP,LC & MP,2001,0.008,0.679,0.001,NOT,-1,0,0%,0%,0%,0%,0%,0%,0%,100%,0%
South Africa,Gordonia Kameeldoring Bushveld,Kalahari Duneveld Bioregion,Savanna,SVkd2,Kalahari Duneveld,16,2242.35,2241.81,2242.35,2242.09,2242.09,2241.81,2241.59,100,100,100,100,0.0101,0,0,0,17786,64,2241.8829,0,0.5454,100,0,0,LC,LC,LC,LC,,,LC,LC,LC,,LC,,,National status,,Likely not endemic,more than 10km from the coast,,WP,LC & WP,2001,0.007,0.008,0,NOT,0,0,0%,0%,0%,0%,0%,0%,0%,100%,0%
South Africa,Gordonia Plains Shrubland,Eastern Kalahari Bushveld Bioregion,Savanna,SVk16,Western Central Bushveld,16,7918.57,7910.83,7918.57,7912.88,7912.83,7910.83,7909.21,100,100,100,100,0.0735,0,0,0,42382,151,7910.8803,0,7.7463,100,0,0,LC,LC,LC,LC,,,LC,LC,LC,,LC,,,National status,,Unsure - needs research,more than 10km from the coast,,MP,LC & MP,2001,0.005,0.221,0.001,NOT,0,0,0%,0%,0%,0%,0%,0%,0%,100%,0%
South Africa,Goukamma Dune Thicket,Albany Thicket,Albany Thicket,AT36,Dune Thicket mosaics,19,91.78,64.71,91.78,69.36,67.11,64.71,61.06,76,73,71,67,0.1661,12,0.2,0.12,738,9,54.2772,9.819,27.7029,70,41,15,LC,LC,LC,LC,LC,LC,LC,LC,LC,,LC,,,Global & National status,,Endemic,Coastal Types,,WP,LC & WP,389,0.256,0.961,0.106,NOT,10,15.5,0%,0%,0%,0%,0%,0%,0%,0%,100%
South Africa,Gouritz Valley Thicket,Albany Thicket,Albany Thicket,AT37,Valley Thicket,19,176.84,107.21,176.85,122.69,113.09,107.38,95.34,69,64,61,54,0.5471,22,0.4,0.28,1742,13,100.071,17.4564,59.3163,66,43,15,LC,LC,CR,EN,LC,LC,LC,LC,LC,,CR,B1(i),Restricted distribution & rate of loss,Global & National status,LC - CR (B1) RoL for B1,Endemic,Semi-Coastal Types,,PP,CR & PP,196,0.667,0.959,0.245,NOT,7,6.5,0%,0%,0%,0%,0%,0%,0%,0%,100%
South Africa,Graafwater Sandstone Fynbos,Northwest Fynbos Bioregion,Fynbos,FFs2,Sandstone Fynbos,29,1343.11,950.33,1343.11,1030.82,975.68,950.33,887.08,77,73,71,66,2.8747,14,0.3,0.22,5016,53,993.8565,1.3275,348.0516,74,26,0,LC,LC,LC,LC,LC,LC,LC,LC,LC,,LC,,,Global & National status,,Endemic,less than 5% of extent within 10km of coast,,PP,LC & PP,331,0.892,0.983,0.126,NOT,-44,-4.6,0%,0%,0%,0%,0%,0%,0%,0%,100%
South Africa,Grahamstown Grassland Thicket,Albany Thicket,Albany Thicket,AT38,Thicket Grassland & Savanna Mosaics,19,1290.82,857.9,1290.84,909.08,870.09,857.9,817.68,70,67,66,63,1.8279,10,0.2,0.18,3600,41,857.916,0.3249,432.5823,66,34,0,LC,LC,LC,LC,,LC,LC,LC,LC,,LC,,,Global & National status,,Endemic,5-20% of extent within 10km of coast,,PP,LC & PP,469,0.753,0.999,0.148,NOT,0,0,100%,0%,0%,0%,0%,0%,0%,0%,0%
South Africa,Granite Lowveld,Lowveld Bioregion,Savanna,SVl3,Arid Lowveld,19,15823.07,12051.33,19839.12,15755.37,15162.46,15035.65,14470.15,79,76,76,73,25.7044,8,0.2,0.16,48295,319,15294.4137,0.5373,4544.0226,77,23,0,LC,LC,LC,LC,LC,,LC,LC,LC,,LC,,,Global & National status,,"Likely endemic to ZA, Ls, Sz",more than 10km from the coast,,WP,LC & WP,585,0.421,1,0.122,NOT,-259,-1.7,0%,0%,0%,0%,49%,51%,0%,0%,0%
South Africa,Grassridge Bontveld,Albany Thicket,Albany Thicket,AT39,Thicket Grassland & Savanna Mosaics,19,245.83,220.02,245.85,225.72,222.4,220.02,215.55,92,90,89,88,0.2035,5,0.1,0.06,1193,16,204.5151,0.5859,40.7259,83,17,0,LC,LC,LC,LC,,LC,LC,LC,LC,,LC,,,Global & National status,,Endemic,Semi-Coastal Types,,MP,LC & MP,1081,0.028,0.947,0.045,NOT,16,7.3,100%,0%,0%,0%,0%,0%,0%,0%,0%
South Africa,Gravelotte Rocky Bushveld,Lowveld Bioregion,Savanna,SVl7,Arid Lowveld,19,323.5,287.8,323.5,293.26,288.93,287.8,283.51,91,89,89,88,0.1949,3,0.1,0.06,6197,36,287.7984,0,35.7021,89,11,0,LC,LC,LC,LC,,,LC,LC,LC,,LC,,,Global & National status,,Endemic,more than 10km from the coast,,PP,LC & PP,1476,0.321,0.717,0.05,NOT,0,0,0%,0%,0%,0%,100%,0%,0%,0%,0%
South Africa,Greyton Shale Fynbos,Southwest Fynbos Bioregion,Fynbos,FFh7,Shale Fynbos,30,266.58,149.73,266.63,165.55,156.25,149.78,137.39,62,59,56,52,0.5632,17,0.3,0.23,1043,13,101.0781,33.2118,132.2928,50,62,25,LC,LC,LC,LC,VU,LC,CR,EN,LC,,CR,B1(iii),Restricted distribution & threatening processes,Global & National status,LC - CR (B1s) species data,Endemic,more than 10km from the coast,,PP,CR & PP,266,0.291,0.993,0.171,NOT,49,32.7,0%,0%,0%,0%,0%,0%,0%,0%,100%
South Africa,Groot Brak Dune Strandveld,South Strandveld Bioregion,Fynbos,FS9,Dune Strandveld,36,28.19,12.63,28.19,14.89,13.56,12.63,10.85,53,48,45,38,0.0808,27,0.5,0.32,331,3,5.9238,6.7779,15.5052,45,79,53,LC,VU,CR,EN,VU,VU,LC,LC,VU,"A3WC,D3WC",CR,B1(i),Restricted distribution & rate of loss,Global & National status,"VU - CR (B1, B2) RoL for B",Endemic,Coastal Types,,PP,CR & PP,156,0.566,0.917,0.349,NOT,7,55.4,0%,0%,0%,0%,0%,0%,0%,0%,100%
South Africa,Grootrivier Quartzite Fynbos,Eastern Fynbos-Renosterveld Bioregion,Fynbos,FFq5,Quartzite Fynbos,23,388.88,388.46,388.88,388.57,388.53,388.46,388.38,100,100,100,100,0.0038,0,0,0,4600,41,386.2809,2.1294,0.5013,100,1,1,LC,LC,LC,LC,LC,LC,LC,LC,LC,,LC,,,Global & National status,,Endemic,more than 10km from the coast,,NP,LC & NP,2001,0.001,0.378,0.001,NOT,2,0.5,91%,0%,0%,0%,0%,0%,0%,0%,9%
South Africa,Hamburg Dune Thicket,Albany Thicket,Albany Thicket,AT56,Dune Thicket mosaics,19,701.66,471.61,701.66,499.1,480.25,471.61,450.01,71,68,67,64,0.9819,10,0.2,0.16,1886,30,472.0257,0.0054,229.6692,67,33,0,LC,LC,LC,LC,,LC,LC,LC,LC,,LC,,,Global & National status,,Endemic,Coastal Types,,PP,LC & PP,480,0.285,0.87,0.13,NOT,0,0,100%,0%,0%,0%,0%,0%,0%,0%,0%
South Africa,Hangklip Sand Fynbos,Southwest Fynbos Bioregion,Fynbos,FFd6,Sand Fynbos,30,88.68,53.02,88.68,60.38,56.36,53.08,47.35,68,64,60,53,0.2607,22,0.4,0.29,1804,9,42.5844,6.6456,39.4857,55,52,13,LC,LC,CR,EN,LC,LC,CR,EN,CR,B1thrsp_inv,CR,"B1(i), B1(iii)",Restricted distribution & rate of loss & threatening processes,Global & National status,,Endemic,Coastal Types,,MP,CR & MP,204,0.555,0.957,0.173,NOT,10,18.8,0%,0%,0%,0%,0%,0%,0%,0%,100%
South Africa,Hantam Karoo,Trans-Escarpment Succulent Karoo Bioregion,Succulent Karoo,SKt2,Shale Shrubland,18,7632.56,7331.2,7632.56,7359.09,7340.08,7331.9,7310.54,96,96,96,96,0.9711,1,0,0.01,11371,120,7331.1723,0,301.3974,96,4,0,LC,LC,LC,LC,,,LC,LC,LC,,LC,,,Global & National status,,Endemic,more than 10km from the coast,,NP,LC & NP,2001,0.055,0.994,0.018,NOT,1,0,0%,0%,0%,0%,0%,0%,0%,100%,0%
South Africa,Hantam Plateau Dolerite Renosterveld,Karoo Renosterveld Bioregion,Fynbos,FRd2,Dolerite Renosterveld,27,578.89,565.63,578.89,566.58,565.95,565.64,564.91,98,98,98,98,0.0335,0,0,0,1997,24,565.6257,0,13.284,98,2,0,LC,LC,LC,LC,,,LC,LC,LC,,LC,,,Global & National status,,Endemic,more than 10km from the coast,,NP,LC & NP,2001,0,0.831,0.009,NOT,0,0,0%,0%,0%,0%,0%,0%,0%,100%,0%
South Africa,Hartenbos Dune Thicket,Albany Thicket,Albany Thicket,AT40,Dune Thicket mosaics,19,650.69,515.95,650.69,552.42,542.59,515.95,487.29,85,83,79,75,1.3025,12,0.2,0.07,4431,26,482.6754,70.9821,97.1334,85,26,13,LC,LC,LC,LC,LC,LC,LC,LC,LC,,LC,,,Global & National status,,Endemic,Coastal Types,,PP,LC & PP,396,0.113,0.983,0.071,NOT,33,6.4,0%,0%,0%,0%,0%,0%,0%,0%,100%
South Africa,Hawequas Sandstone Fynbos,Southwest Fynbos Bioregion,Fynbos,FFs10,Sandstone Fynbos,30,1050.64,1009.8,1050.64,1016,1012.95,1010.3,1005.82,97,96,96,96,0.2036,1,0,0.01,2424,27,1003.284,10.4517,36.9036,96,5,1,LC,LC,LC,LC,LC,LC,LC,LC,LC,,LC,,,Global & National status,,Endemic,more than 10km from the coast,,WP,LC & WP,2001,0.066,0.965,0.016,NOT,7,0.7,0%,0%,0%,0%,0%,0%,0%,0%,100%
South Africa,Helskloof Canyon Desert,Gariep Desert Bioregion,Desert,Dg6,Rocky Desert,34,8.23,8.23,8.23,8.23,8.23,8.23,8.23,100,100,100,100,0,0,0,0,13,2,8.2296,0,0,100,0,0,LC,LC,LC,LC,,,LC,LC,LC,,LC,,,National status,,Likely not endemic,more than 10km from the coast,,WP,LC & WP,2001,0.024,0.511,0,NOT,0,0,0%,0%,0%,0%,0%,0%,0%,100%,0%
South Africa,Highveld Alluvial Vegetation,Alluvial Vegetation,Azonal Vegetation,AZa5,Alluvial Vegetation,31,4670.76,3091.01,4670.86,3277.31,3159.74,3092.09,2946.56,70,68,66,63,6.6152,10,0.2,0.15,63409,207,3091.0131,0,1579.7511,66,34,0,LC,LC,LC,LC,,,LC,LC,LC,,LC,,,Global & National status,,Endemic,more than 10km from the coast,,PP,LC & PP,467,0.706,0.999,0.136,NOT,1,0,0%,61%,0%,0%,0%,0%,38%,1%,0%
South Africa,Hopefield Sand Fynbos,Southwest Fynbos Bioregion,Fynbos,FFd3,Sand Fynbos,30,1009.56,644.63,1009.59,705.83,659.62,644.63,596.55,70,65,64,59,2.1857,15,0.3,0.27,2214,26,574.2918,47.0952,388.1718,62,43,8,LC,LC,LC,LC,LC,LC,LC,LC,LC,,LC,,,Global & National status,,Endemic,Semi-Coastal Types,,PP,LC & PP,295,0.53,0.995,0.147,NOT,70,10.9,0%,0%,0%,0%,0%,0%,0%,0%,100%
South Africa,Humansdorp Shale Renosterveld,Eastern Fynbos-Renosterveld Bioregion,Fynbos,FRs19,Shale Renosterveld,29,372.05,158.52,372.05,176.56,161.51,158.52,144.34,47,43,43,39,0.6443,18,0.4,0.36,2060,17,158.8689,0.9459,212.2911,43,57,1,LC,VU,EN,EN,,LC,LC,LC,VU,"A3,A3CITY",EN,"B1(i), B2(i)",Restricted distribution & rate of loss,Global & National status,VU - EN (B1) Rol for B,Endemic,Semi-Coastal Types,,NP,EN & NP,246,0.841,0.992,0.258,NOT,0,0,100%,0%,0%,0%,0%,0%,0%,0%,0%
South Africa,Income Sandy Grassland,Sub-Escarpment Grassland Bioregion,Grassland,Gs7,Sub-Escarpment Grassland,23,4653.61,2286.7,4653.67,2636.63,2349.35,2287.2,2012.65,57,50,49,43,12.4796,24,0.5,0.45,8065,76,2729.6694,454.1382,1469.8053,68,41,14,LC,VU,EN,LC,LC,,LC,LC,EN,Restricted distribution & rate of loss,EN,B1(i),Restricted distribution & rate of loss,Global & National status,,Endemic,more than 10km from the coast,,NP,EN & NP,183,0.716,1,0.265,NOT,-442,-19.3,0%,0%,0%,100%,0%,0%,0%,0%,0%
South Africa,Ironwood Dry Forest,Zonal & Intrazonal Forests,Forests,FOz9,Forest,36,68.83,68.72,81.68,81.31,81.31,81.31,81.3,100,100,100,100,0.0002,0,0,0,40117,19,81.2952,0,0.3708,100,0,0,LC,LC,LC,LC,,,LC,LC,LC,,LC,,,National status,,Likely not endemic,more than 10km from the coast,esc,WP,LC & WP,2001,0.022,0.164,0.017,NOT,0,0,0%,0%,0%,0%,100%,0%,0%,0%,0%
South Africa,Ithala Quartzite Sourveld,Sub-Escarpment Grassland Bioregion,Grassland,Gs2,Sub-Escarpment Grassland,27,1057.96,822.98,1545.49,1300.16,1261.47,1246.79,1204.86,84,82,81,78,1.906,7,0.1,0.12,11632,61,1296.6543,51.9507,196.947,87,16,4,LC,LC,LC,LC,LC,,LC,LC,LC,,LC,,,Global & National status,,"Likely endemic to ZA, Ls, Sz",more than 10km from the coast,,PP,LC & PP,654,0.213,0.991,0.132,NOT,-50,-4,0%,0%,0%,78%,0%,22%,0%,0%,0%
South Africa,Kaalrug Mountain Bushveld,Lowveld Bioregion,Savanna,SVl12,Moist Sour Lowveld,24,464.18,365.41,468.38,384.37,372.38,369.15,357.18,82,80,79,76,0.5439,7,0.1,0.13,1250,18,391.509,0,76.7988,84,16,0,LC,LC,LC,LC,LC,,LC,LC,LC,,LC,,,Global & National status,,"Likely endemic to ZA, Ls, Sz",more than 10km from the coast,,MP,LC & MP,679,0.333,0.948,0.07,NOT,-22,-6,0%,0%,0%,0%,0%,100%,0%,0%,0%
South Africa,Kahams Mountain Desert,Gariep Desert Bioregion,Desert,Dg5,Mountain Desert,34,592.26,592.2,592.26,592.26,592.26,592.2,592.15,100,100,100,100,0.0022,0,0,0,862,14,592.2108,0,0.0612,100,0,0,LC,LC,LC,LC,,,LC,LC,LC,,LC,,,National status,,Likely not endemic,more than 10km from the coast,,WP,LC & WP,2001,0.021,0.021,0,NOT,0,0,0%,0%,0%,0%,0%,0%,0%,100%,0%
South Africa,Kalahari Karroid Shrubland,Bushmanland Bioregion,Nama-Karoo,NKb5,Gravel Plains Nama Karoo,21,8634.15,8565.36,8634.15,8592.16,8582.55,8565.36,8544.3,100,99,99,99,0.9571,1,0,0,34329,202,8566.2837,0,69.0021,99,1,0,LC,LC,LC,LC,,,LC,LC,LC,,LC,,,National status,,Likely not endemic,more than 10km from the coast,,NP,LC & NP,2001,0.025,0.921,0.003,NOT,-1,0,0%,0%,0%,0%,0%,0%,0%,100%,0%
South Africa,Kamiesberg Granite Fynbos,Namaqualand Cape Shrublands Bioregion,Fynbos,FFg1,Granite Fynbos,27,64.82,64.05,64.82,64.17,64.08,64.05,63.96,99,99,99,99,0.0042,0,0,0.01,644,7,64.053,0,0.7794,99,1,0,LC,LC,LC,LC,,,LC,LC,LC,,LC,,,Global & National status,,Endemic,more than 10km from the coast,,NP,LC & NP,2001,0.021,0.293,0.009,NOT,0,0,0%,0%,0%,0%,0%,0%,0%,100%,0%
South Africa,Kamiesberg Mountains Shrubland,Namaqualand Hardeveld Bioregion,Succulent Karoo,SKn6,Mountain Shrubland,28,396.74,391.68,396.87,392.73,391.96,391.79,391.06,99,99,99,99,0.0334,0,0,0.01,4381,28,392.2947,0.0162,4.4334,99,1,0,LC,LC,LC,LC,,,LC,LC,LC,,LC,,,Global & National status,,Endemic,more than 10km from the coast,,NP,LC & NP,2001,0.027,0.243,0.014,NOT,-1,-0.3,0%,0%,0%,0%,0%,0%,0%,97%,3%
South Africa,Kango Conglomerate Fynbos,Western Fynbos-Renosterveld Bioregion,Fynbos,FFt1,Conglomerate Fynbos,27,404.93,396.01,404.93,397.72,396.64,396.01,394.66,98,98,98,97,0.0612,1,0,0.01,1184,22,378.7749,0.6003,25.6023,94,6,0,LC,LC,LC,LC,LC,LC,LC,LC,LC,,LC,,,Global & National status,,Endemic,more than 10km from the coast,,PP,LC & PP,2001,0.015,0.927,0.016,NOT,17,4.3,0%,0%,0%,0%,0%,0%,0%,0%,100%
South Africa,Kango Limestone Renosterveld,Western Fynbos-Renosterveld Bioregion,Fynbos,FRl1,Limestone Renosterveld,29,501.7,434.64,501.7,446.35,439.53,434.64,425.44,89,88,87,85,0.4181,5,0.1,0.06,1149,18,390.3696,1.1133,110.2257,78,22,0,LC,LC,LC,LC,LC,LC,LC,LC,LC,,LC,,,Global & National status,,Endemic,more than 10km from the coast,,PP,LC & PP,1040,0.475,0.991,0.073,NOT,44,10.1,0%,0%,0%,0%,0%,0%,0%,0%,100%
South Africa,KaNgwane Montane Grassland,Mesic Highveld Grassland Bioregion,Grassland,Gm16,Sub-Escarpment Grassland,24,6121.53,2510.43,9654.18,5975.48,5573.19,5385.12,4921.27,62,58,56,51,21.0841,18,0.4,0.28,18439,154,6189.0417,12.2832,3452.8446,64,36,0,LC,LC,EN,LC,LC,,LC,LC,LC,,EN,B1(i),Restricted distribution & rate of loss,Global & National status,LC - EN (B1) RoL for B1,"Likely endemic to ZA, Ls, Sz",more than 10km from the coast,,NP,EN & NP,255,0.591,1,0.231,NOT,-804,-14.9,0%,0%,0%,1%,0%,99%,0%,0%,0%
South Africa,Karoo Escarpment Grassland,Dry Highveld Grassland Bioregion,Grassland,Gh1,Dry Highveld Grassland,24,8370.42,8150.78,8370.62,8182.46,8162.49,8151.04,8126.35,98,98,97,97,1.1222,1,0,0.01,51936,231,8149.8672,1.0512,219.4983,97,3,0,LC,LC,LC,LC,,LC,LC,LC,LC,,LC,,,Global & National status,,Endemic,more than 10km from the coast,,MP,LC & MP,2001,0.007,0.904,0.02,NOT,1,0,95%,0%,0%,0%,0%,0%,0%,3%,2%
South Africa,Kasouga Dune Thicket,Albany Thicket,Albany Thicket,AT41,Dune Thicket mosaics,19,307.46,209.88,307.54,220.27,212.44,209.88,201.71,72,69,68,66,0.3713,8,0.2,0.15,1703,20,208.0116,1.9692,97.4826,68,32,1,LC,LC,LC,LC,,LC,LC,LC,LC,,LC,,,Global & National status,,Endemic,Coastal Types,,MP,LC & MP,565,0.471,0.964,0.111,NOT,2,1,100%,0%,0%,0%,0%,0%,0%,0%,0%
South Africa,Kathu Bushveld,Eastern Kalahari Bushveld Bioregion,Savanna,SVk12,Western Central Bushveld,16,7452.5,7290.23,7452.6,7345.58,7325.66,7290.4,7247.05,99,98,98,97,1.9706,1,0,0.01,12581,116,7290.225,0,162.2718,98,2,0,LC,LC,LC,LC,,,LC,LC,LC,,LC,,,National status,,Likely not endemic,more than 10km from the coast,,PP,LC & PP,2001,0.026,0.996,0.005,NOT,0,0,0%,0%,0%,0%,0%,0%,0%,100%,0%
South Africa,Kimberley Thornveld,Eastern Kalahari Bushveld Bioregion,Savanna,SVk4,Western Central Bushveld,16,19593.15,14206.79,19593.22,14901.6,14415.41,14207.65,13662.4,76,74,73,70,24.7841,8,0.2,0.14,43764,320,14206.7907,0,5386.3587,73,27,0,LC,LC,LC,LC,,,LC,LC,LC,,LC,,,Global & National status,,Endemic,more than 10km from the coast,,PP,LC & PP,573,0.18,0.999,0.059,NOT,1,0,0%,36%,0%,0%,0%,0%,25%,40%,0%
South Africa,Klawer Sandy Shrubland,Namaqualand Sandveld Bioregion,Succulent Karoo,SKs13,Spiney Grassland,29,201.12,110.68,201.12,130.94,115.42,110.69,94.78,65,57,55,47,0.7232,28,0.6,0.49,846,12,109.2312,5.2749,86.6583,57,46,5,LC,LC,CR,EN,LC,LC,LC,LC,CR,Restricted distribution & rate of loss,CR,B1(i),Restricted distribution & rate of loss,Global & National status,,Endemic,more than 10km from the coast,,NP,CR & NP,153,0.487,0.993,0.163,NOT,1,0.9,0%,0%,0%,0%,0%,0%,0%,0%,100%
South Africa,Klerksdorp Thornveld,Dry Highveld Grassland Bioregion,Grassland,Gh13,Dry Highveld Grassland,24,3932.27,2234.66,3932.27,2388.47,2289.12,2234.66,2113.82,61,58,57,54,5.4932,11,0.2,0.17,16158,82,2235.0708,0,1697.2272,57,43,0,LC,LC,LC,LC,,,LC,LC,LC,,LC,,,National status,,Unsure - needs research,more than 10km from the coast,,PP,LC & PP,407,0.585,1,0.158,NOT,0,0,0%,0%,0%,0%,0%,0%,100%,0%,0%
South Africa,Knersvlakte Dolomite Vygieveld,Knersvlakte Bioregion,Succulent Karoo,SKk6,Lowland Vygieveld,28,59.78,57.16,59.84,58.23,57.82,57.25,56.49,97,97,96,94,0.0347,3,0.1,0.03,1787,11,54.3618,2.2806,3.1383,95,9,4,LC,LC,LC,LC,LC,LC,LC,LC,LC,,LC,,,Global & National status,,Endemic,more than 10km from the coast,,MP,LC & MP,1649,0.106,0.293,0.024,NOT,3,5.2,0%,0%,0%,0%,0%,0%,0%,0%,100%
South Africa,Knersvlakte Quartz Vygieveld,Knersvlakte Bioregion,Succulent Karoo,SKk3,Lowland Vygieveld,28,1320.88,1300.61,1320.88,1305.09,1303.08,1301.14,1298.03,99,99,99,98,0.1413,1,0,0.01,6979,48,1221.9282,53.7669,45.2232,97,7,4,LC,LC,LC,LC,LC,LC,LC,LC,LC,,LC,,,Global & National status,,Endemic,less than 5% of extent within 10km of coast,,WP,LC & WP,2001,0.022,0.745,0.01,NOT,79,6.1,0%,0%,0%,0%,0%,0%,0%,0%,100%
South Africa,Knersvlakte Shale Vygieveld,Knersvlakte Bioregion,Succulent Karoo,SKk4,Shale Shrubland,28,983.52,980.01,983.58,981.73,981.48,980.68,979.86,100,100,100,100,0.0374,0,0,0,8023,40,950.8275,21.8493,10.8387,99,3,2,LC,LC,LC,LC,LC,LC,LC,LC,LC,,LC,,,Global & National status,,Endemic,more than 10km from the coast,,PP,LC & PP,2001,0.013,0.338,0.004,NOT,30,3.1,0%,0%,0%,0%,0%,0%,0%,28%,72%
South Africa,Knysna Sand Fynbos,Eastern Fynbos-Renosterveld Bioregion,Fynbos,FFd10,Sand Fynbos,23,152.11,31.52,152.12,38.31,34.65,31.66,26.43,25,23,21,17,0.2376,31,0.6,0.42,399,7,13.3632,27.7416,111.0096,27,91,67,VU,EN,CR,EN,EN,EN,LC,LC,CR,Restricted distribution & rate of loss,CR,B1(i),Restricted distribution & rate of loss,Global & National status,,Endemic,Semi-Coastal Types,,PP,CR & PP,133,0.857,0.983,0.336,FRAG_MHIGH,18,56.9,0%,0%,0%,0%,0%,0%,0%,0%,100%
South Africa,Kobee Succulent Shrubland,Knersvlakte Bioregion,Succulent Karoo,SKk9,Shale Shrubland,29,142.75,140.34,142.75,142.12,140.51,140.34,138.94,100,98,98,97,0.0637,2,0,0.05,2491,20,138.798,1.647,2.3193,98,3,1,LC,LC,LC,LC,LC,LC,LC,LC,LC,,LC,,,Global & National status,,Endemic,more than 10km from the coast,,NP,LC & NP,2001,0.013,0.771,0.018,NOT,2,1.4,0%,0%,0%,0%,0%,0%,0%,28%,72%
South Africa,Koedoesberge-Moordenaars Karoo,Rainshadow Valley Karoo Bioregion,Succulent Karoo,SKv6,Shale Shrubland,19,4714.48,4683.02,4714.48,4690.16,4687.14,4683.02,4677.41,99,99,99,99,0.255,0,0,0,9099,84,4635.4914,0.8613,78.2091,98,2,0,LC,LC,LC,LC,LC,LC,LC,LC,LC,,LC,,,Global & National status,,Endemic,more than 10km from the coast,,NP,LC & NP,2001,0.028,0.992,0.005,NOT,48,1,0%,0%,0%,0%,0%,0%,0%,23%,77%
South Africa,Koedoeskloof Karroid Thicket,Albany Thicket,Albany Thicket,AT42,Thicket Nama and Succulent Karoo Mosaics,19,59.85,53.35,59.85,54.67,53.84,53.35,52.31,91,90,89,87,0.0471,4,0.1,0.06,255,5,51.6204,0.0432,8.2242,86,14,0,LC,LC,LC,LC,,LC,LC,LC,LC,,LC,,,Global & National status,,Endemic,more than 10km from the coast,,NP,LC & NP,1133,0.027,0.946,0.044,NOT,2,3.7,100%,0%,0%,0%,0%,0%,0%,0%,0%
South Africa,Kogelberg Sandstone Fynbos,Southwest Fynbos Bioregion,Fynbos,FFs11,Sandstone Fynbos,30,914.23,765.87,914.23,780.06,770.8,766.16,755.23,85,84,84,83,0.4966,3,0.1,0.05,1659,24,739.9674,38.412,135.8982,85,19,5,LC,LC,LC,LC,LC,LC,CR,VU,CR,B1thrsp_inv,CR,B1(iii),Restricted distribution & threatening processes,Global & National status,,Endemic,Semi-Coastal Types,,WP,CR & WP,1543,0.177,0.991,0.041,NOT,26,3.4,0%,0%,0%,0%,0%,0%,0%,0%,100%
South Africa,Koranna-Langeberg Mountain Bushveld,Eastern Kalahari Bushveld Bioregion,Savanna,SVk15,Western Central Bushveld,16,1620.87,1618.22,1620.87,1618.65,1618.56,1618.25,1617.93,100,100,100,100,0.0143,0,0,0,12234,82,1618.218,0,2.6748,100,0,0,LC,LC,LC,LC,,,LC,LC,LC,,LC,,,Global & National status,,Endemic,more than 10km from the coast,,PP,LC & PP,2001,0.009,0.133,0.001,NOT,0,0,0%,0%,0%,0%,0%,0%,0%,100%,0%
South Africa,Kosiesberg Succulent Shrubland,Richtersveld Bioregion,Succulent Karoo,SKr12,Upland Vygieveld,28,612.15,612.04,612.17,612.1,612.1,612.06,612.02,100,100,100,100,0.0015,0,0,0,1222,17,612.0351,0,0.1188,100,0,0,LC,LC,LC,LC,,,LC,LC,LC,,LC,,,Global & National status,,Endemic,more than 10km from the coast,,NP,LC & NP,2001,0.021,0.51,0,NOT,0,0,0%,0%,0%,0%,0%,0%,0%,100%,0%
South Africa,Kouebokkeveld Alluvium Fynbos,Northwest Fynbos Bioregion,Fynbos,FFa1,Alluvium Fynbos,29,180.03,54.41,180.08,72.19,61.34,54.49,40.58,40,34,30,23,0.6322,44,0.9,0.63,877,10,47.8143,0.0459,132.1695,27,73,0,VU,EN,CR,EN,EN,VU,LC,LC,CR,Restricted distribution & rate of loss,CR,B1(i),Restricted distribution & rate of loss,Global & National status,,Endemic,more than 10km from the coast,,PP,CR & PP,86,0.805,0.997,0.3,FRAG_MHIGH,7,12.8,0%,0%,0%,0%,0%,0%,0%,0%,100%
South Africa,Kouebokkeveld Shale Fynbos,Northwest Fynbos Bioregion,Fynbos,FFh1,Shale Fynbos,29,427.98,201.72,428.02,229.41,212.83,201.72,179.97,54,50,47,42,0.9887,22,0.4,0.3,1731,19,208.5912,1.3968,217.9926,49,51,1,LC,VU,CR,EN,VU,LC,LC,LC,VU,"A3,A3WC",CR,B1(i),Restricted distribution & rate of loss,Global & National status,VU - CR (B1) RoL for B1,Endemic,more than 10km from the coast,,MP,CR & MP,204,0.532,0.998,0.208,NOT,-7,-3.5,0%,0%,0%,0%,0%,0%,0%,0%,100%
South Africa,Kouga Grassy Sandstone Fynbos,Eastern Fynbos-Renosterveld Bioregion,Fynbos,FFs28,Sandstone Fynbos,23,4052.03,3707.95,4052.13,3752.09,3721.76,3707.98,3673.32,93,92,92,91,1.5754,2,0,0.03,10451,102,3696.3162,7.6959,348.0183,91,9,0,LC,LC,LC,LC,,LC,LC,LC,LC,,LC,,,Global & National status,,Endemic,less than 5% of extent within 10km of coast,,WP,LC & WP,2001,0.518,0.953,0.038,NOT,12,0.3,95%,0%,0%,0%,0%,0%,0%,0%,5%
South Africa,Kouga Sandstone Fynbos,Eastern Fynbos-Renosterveld Bioregion,Fynbos,FFs27,Sandstone Fynbos,23,2402.89,2165.44,2402.92,2197.25,2182.99,2165.44,2140.44,91,91,90,89,1.1362,3,0.1,0.03,8576,69,2153.4552,4.3353,245.0997,90,10,0,LC,LC,LC,LC,LC,LC,LC,LC,LC,,LC,,,Global & National status,,Endemic,less than 5% of extent within 10km of coast,,WP,LC & WP,1906,0.072,0.984,0.032,NOT,12,0.6,63%,0%,0%,0%,0%,0%,0%,0%,37%
South Africa,Kuruman Mountain Bushveld,Eastern Kalahari Bushveld Bioregion,Savanna,SVk10,Western Central Bushveld,16,4361.66,4279.52,4361.66,4312.54,4289.4,4279.6,4253.71,99,98,98,98,1.1765,1,0,0.02,31276,166,4279.5225,0,82.2069,98,2,0,LC,LC,LC,LC,,,LC,LC,LC,,LC,,,Global & National status,,Endemic,more than 10km from the coast,,NP,LC & NP,2001,0.012,0.819,0.008,NOT,0,0,0%,0%,0%,0%,0%,0%,5%,95%,0%
South Africa,Kuruman Thornveld,Eastern Kalahari Bushveld Bioregion,Savanna,SVk9,Western Central Bushveld,16,5801.09,5562.59,5801.21,5645.24,5588.64,5562.65,5497.76,97,96,96,95,2.9496,3,0.1,0.04,12025,104,5562.5904,0,238.4946,96,4,0,LC,LC,LC,LC,,,LC,LC,LC,,LC,,,Global & National status,,Endemic,more than 10km from the coast,,NP,LC & NP,1886,0.041,0.987,0.013,NOT,0,0,0%,0%,0%,0%,0%,0%,0%,100%,0%
South Africa,Kuruman Vaalbosveld,Eastern Kalahari Bushveld Bioregion,Savanna,SVk8,Western Central Bushveld,16,3947.95,3754.49,3948,3779.82,3765.21,3754.61,3734.79,96,95,95,95,0.9006,1,0,0.02,5289,61,3754.4877,0,193.4631,95,5,0,LC,LC,LC,LC,,,LC,LC,LC,,LC,,,Global & National status,,Endemic,more than 10km from the coast,,NP,LC & NP,2001,0.048,0.997,0.017,NOT,0,0,0%,0%,0%,0%,0%,0%,19%,81%,0%
South Africa,Kwaggarug Mountain Desert,Gariep Desert Bioregion,Desert,Dg4,Mountain Desert,34,107.79,107.25,107.79,107.51,107.51,107.25,107.04,100,100,99,99,0.0094,0,0,0,144,6,107.2593,0,0.5517,99,1,0,LC,LC,LC,LC,,,LC,LC,LC,,LC,,,National status,,Likely not endemic,more than 10km from the coast,,WP,LC & WP,2001,0.024,0.756,0.003,NOT,0,0,0%,0%,0%,0%,0%,0%,0%,100%,0%
South Africa,KwaZulu-Natal Coastal Belt Grassland,Indian Ocean Coastal Belt,Indian Ocean Coastal Belt,CB3,Coastal Grassland,25,4141.55,695.98,4141.56,1124.1,806.57,695.98,359.61,27,19,17,9,15.2899,68,1.4,1.19,8429,76,1555.6311,104.4171,2481.4971,40,62,6,EN,EN,EN,LC,VU,,LC,LC,EN,"A2b,A3,A3KZN,B1",EN,"A2b, A3, B1(i)","Decline in extent 1990-2040, Historical decline in extent (national data),  Restricted distribution & rate of loss ",Global & National status,,Endemic,Coastal Types,,NP,EN & NP,46,0.952,0.999,0.57,FRAG_VHIGH,-860,-123.6,0%,0%,0%,100%,0%,0%,0%,0%,0%
South Africa,KwaZulu-Natal Coastal Belt Thornveld,Indian Ocean Coastal Belt,Indian Ocean Coastal Belt,CB6,Coastal Grassland,25,1121.13,416.87,1121.13,483.41,440.73,416.98,364.79,43,39,37,33,2.3725,25,0.5,0.37,5828,45,785.3877,27.423,308.3796,72,30,3,LC,VU,EN,VU,LC,,LC,LC,VU,A3,EN,B1(i),Restricted distribution & rate of loss,Global & National status,VU - EN (B1) Rol for B1,Endemic,5-20% of extent within 10km of coast,,NP,EN & NP,176,0.804,0.993,0.356,FRAG_MHIGH,-368,-88.3,0%,0%,0%,100%,0%,0%,0%,0%,0%
South Africa,KwaZulu-Natal Highland Thornveld,Sub-Escarpment Grassland Bioregion,Grassland,Gs6,Sub-Escarpment Grassland,23,5227.49,3281.68,5227.49,3608.61,3363.2,3281.68,3024.81,69,64,63,58,11.6761,16,0.3,0.28,41790,133,3784.1589,286.6194,1156.7196,78,28,7,LC,LC,LC,LC,LC,,LC,LC,LC,,LC,,,Global & National status,,Endemic,more than 10km from the coast,,PP,LC & PP,281,0.429,0.998,0.192,NOT,-502,-15.3,0%,0%,0%,100%,0%,0%,0%,0%,0%
South Africa,KwaZulu-Natal Hinterland Thornveld,Sub-Escarpment Savanna Bioregion,Savanna,SVs3,Sub-Escarpment Savanna,25,1533.49,1023.23,1533.49,1109.08,1057.03,1023.23,955.78,72,69,67,62,3.0659,14,0.3,0.2,9051,55,1265.1192,30.2013,238.194,84,18,2,LC,LC,LC,LC,LC,,LC,LC,LC,,LC,,,Global & National status,,Endemic,more than 10km from the coast,,NP,LC & NP,334,0.378,0.995,0.19,NOT,-242,-23.7,0%,0%,0%,100%,0%,0%,0%,0%,0%
South Africa,KwaZulu-Natal Sandstone Sourveld,Sub-Escarpment Savanna Bioregion,Savanna,SVs5,Sub-Escarpment Savanna,25,1812.56,257.38,1812.74,375.51,287.55,257.39,164.59,21,16,14,9,4.2183,56,1.1,0.98,7371,55,549.6318,18.9576,1243.9683,31,70,3,EN,EN,EN,LC,VU,,LC,LC,EN,"A3,A3KZN,B1",EN,"A2b, A3, B1(i)","Decline in extent 1990-2040, Historical decline in extent (national data),  Restricted distribution & rate of loss ",Global & National status,,Endemic,more than 10km from the coast,,NP,EN & NP,61,0.959,0.999,0.454,FRAG_HIGH,-292,-113.4,0%,0%,0%,100%,0%,0%,0%,0%,0%
South Africa,Lambert’s Bay Strandveld,West Strandveld Bioregion,Fynbos,FS1,Dune Strandveld,24,354.28,238.28,354.28,269.78,248.61,238.54,214,76,70,67,60,1.1156,21,0.4,0.33,1246,14,249.8292,3.1257,101.3445,71,29,1,LC,LC,CR,EN,LC,LC,LC,LC,LC,,CR,B1(i),Restricted distribution & rate of loss,Global & National status,LC - CR (B1) RoL for B1,Endemic,Coastal Types,,PP,CR & PP,214,0.624,0.981,0.09,NOT,-11,-4.6,0%,0%,0%,0%,0%,0%,0%,0%,100%
South Africa,Langebaan Dune Strandveld,West Strandveld Bioregion,Fynbos,FS5,Dune Strandveld,24,341.86,293.27,341.86,305.57,297.33,293.6,284.2,89,87,86,83,0.4274,7,0.1,0.09,4117,32,290.2032,4.7988,47.2662,86,15,2,LC,LC,LC,LC,LC,LC,EN,VU,LC,,EN,B1(iii),Restricted distribution & threatening processes,Global & National status,LC - EN (B1s) species data,Endemic,Coastal Types,,WP,EN & WP,687,0.106,0.946,0.051,NOT,3,1,0%,0%,0%,0%,0%,0%,0%,0%,100%
South Africa,Langkloof Shale Renosterveld,Eastern Fynbos-Renosterveld Bioregion,Fynbos,FRs17,Shale Renosterveld,29,207.13,65.67,207.13,81.96,73.42,65.67,52.87,40,35,32,26,0.5819,35,0.7,0.43,3233,23,49.9023,2.6847,154.5606,25,76,5,VU,VU,EN,VU,EN,VU,LC,LC,EN,"A3WC,B1,B2",EN,"A3alt, B1(i)","Historical decline in extent (regional data), Restricted distribution & rate of loss",Global & National status,,Endemic,more than 10km from the coast,,NP,EN & NP,113,0.891,0.999,0.371,FRAG_MHIGH,16,24.4,28%,0%,0%,0%,0%,0%,0%,0%,72%
South Africa,Lebombo Summit Sourveld,Lowveld Bioregion,Savanna,SVl17,Moist Sour Lowveld,24,127.57,36.66,134.58,56.99,45.75,43.23,32.43,42,34,32,24,0.4912,43,0.9,0.82,2030,14,79.1343,0.4941,54.8712,59,41,1,VU,VU,EN,EN,LC,,LC,LC,EN,"B1,B2",EN,"B1(i), B2(i)",Restricted distribution & rate of loss,National status,,Likely not endemic,more than 10km from the coast,,NP,EN & NP,88,0.922,0.994,0.376,FRAG_MHIGH,-36,-83.3,0%,0%,0%,93%,0%,7%,0%,0%,0%
South Africa,Legogote Sour Bushveld,Lowveld Bioregion,Savanna,SVl9,Moist Sour Lowveld,19,3562.42,1137.4,3562.42,1337.04,1193.75,1137.4,980.54,38,34,32,28,7.13,27,0.5,0.45,8675,65,1714.59,0,1847.9763,48,52,0,LC,VU,EN,LC,VU,,LC,LC,EN,Restricted distribution & rate of loss,EN,B1(i),Restricted distribution & rate of loss,Global & National status,,Endemic,more than 10km from the coast,,PP,EN & PP,160,0.924,0.999,0.253,NOT,-577,-50.7,0%,0%,0%,0%,1%,99%,0%,0%,0%
South Africa,Leipoldtville Sand Fynbos,Northwest Fynbos Bioregion,Fynbos,FFd2,Sand Fynbos,29,2055.64,775.97,2055.64,1027.61,818.68,775.97,578.25,50,40,38,28,8.9871,44,0.9,0.85,5482,47,862.4988,4.5054,1188.7173,42,58,1,VU,VU,EN,VU,VU,LC,LC,LC,EN,Restricted distribution & rate of loss,EN,B1(i),Restricted distribution & rate of loss,Global & National status,,Endemic,5-20% of extent within 10km of coast,,NP,EN & NP,86,0.863,0.998,0.217,NOT,-87,-11.2,0%,0%,0%,0%,0%,0%,0%,0%,100%
South Africa,Lekkersing Succulent Shrubland,Richtersveld Bioregion,Succulent Karoo,SKr4,Lowland Vygieveld,28,836.18,827.88,836.3,828.66,828.63,828.05,827.57,99,99,99,99,0.0218,0,0,0,2973,28,827.8848,0,8.2971,99,1,0,LC,LC,LC,LC,,,LC,LC,LC,,LC,,,Global & National status,,Endemic,more than 10km from the coast,,MP,LC & MP,2001,0.023,0.923,0.004,NOT,0,0,0%,0%,0%,0%,0%,0%,0%,100%,0%
South Africa,Leolo Summit Sourveld,Mesic Highveld Grassland Bioregion,Grassland,Gm20,Mesic Highveld Grassland,24,20.34,19.01,20.34,19.43,19.19,19.01,18.67,96,94,93,92,0.0152,4,0.1,0.05,60,2,19.0314,0,1.3221,94,6,0,LC,LC,LC,LC,,,LC,LC,LC,,LC,,,Global & National status,,Endemic,more than 10km from the coast,,NP,LC & NP,1253,0.049,0.372,0.045,NOT,0,0,0%,0%,0%,0%,100%,0%,0%,0%,0%
South Africa,Lesotho Highland Basalt Grassland,Drakensberg Grassland Bioregion,Grassland,Gd8,High Altitude Grassland,27,4029.44,3971.88,20169.17,17303.67,17296.97,17293.47,17285.46,86,86,86,86,0.3642,0,0,0,46129,358,17298.1719,2.2446,2868.9012,86,14,0,LC,LC,LC,LC,,LC,LC,LC,LC,,LC,,,Global & National status,,"Likely endemic to ZA, Ls, Sz",more than 10km from the coast,,NP,LC & NP,2001,0.18,0.999,0.218,NOT,-5,0,88%,11%,0%,0%,0%,0%,0%,0%,0%
South Africa,Limpopo Ridge Bushveld,Mopane Bioregion,Savanna,SVmp2,Mopane Bushveld,19,2779.39,2696.12,2779.63,2718.08,2700.13,2696.4,2679.37,98,97,97,96,0.7741,1,0,0.03,16157,108,2696.1228,0,83.268,97,3,0,LC,LC,LC,LC,,,LC,LC,LC,,LC,,,National status,,Likely not endemic,more than 10km from the coast,,WP,LC & WP,2001,0.033,0.929,0.021,NOT,0,0,0%,0%,0%,0%,100%,0%,0%,0%,0%
South Africa,Limpopo Sweet Bushveld,Central Bushveld Bioregion,Savanna,SVcb19,Central Bushveld,19,12011.98,10749.17,12011.98,11139.31,10821.21,10749.17,10442.63,93,90,89,87,13.9337,6,0.1,0.12,26677,183,10750.4235,0,1262.9223,89,11,0,LC,LC,LC,LC,,,LC,LC,LC,,LC,,,National status,,Likely not endemic,more than 10km from the coast,,PP,LC & PP,771,0.103,0.998,0.036,NOT,-1,0,0%,0%,0%,0%,100%,0%,0%,0%,0%
South Africa,Little Karoo Quartz Vygieveld,Rainshadow Valley Karoo Bioregion,Succulent Karoo,SKv10,Little Karoo,16,240.08,227.68,240.08,230.77,229.67,227.68,225.25,96,96,95,94,0.1105,2,0,0.02,4400,29,209.5497,1.1889,29.4381,88,13,1,LC,LC,LC,LC,LC,LC,LC,LC,LC,,LC,,,Global & National status,,Endemic,more than 10km from the coast,,PP,LC & PP,2001,0.1,0.622,0.03,NOT,18,7.9,0%,0%,0%,0%,0%,0%,0%,0%,100%
South Africa,Loerie Conglomerate Fynbos,Eastern Fynbos-Renosterveld Bioregion,Fynbos,FFt2,Conglomerate Fynbos,23,211.12,182.77,211.19,184.38,183.3,182.83,181.61,87,87,87,86,0.0554,2,0,0.02,943,11,182.709,0.063,28.3509,87,13,0,LC,LC,LC,LC,,LC,LC,LC,LC,,LC,,,Global & National status,,Endemic,5-20% of extent within 10km of coast,,PP,LC & PP,2001,0.076,0.894,0.039,NOT,0,0,100%,0%,0%,0%,0%,0%,0%,0%,0%
South Africa,Long Tom Pass Montane Grassland,Mesic Highveld Grassland Bioregion,Grassland,Gm31,High Altitude Grassland,24,1048.19,539.45,1048.19,581.39,554.31,539.81,507.13,55,53,51,48,1.485,13,0.3,0.19,1690,22,636.6672,0,411.5466,61,39,0,LC,LC,LC,LC,LC,,LC,LC,LC,,LC,,,Global & National status,,Endemic,more than 10km from the coast,,WP,LC & WP,363,0.673,0.998,0.083,NOT,-97,-18,0%,0%,0%,0%,1%,99%,0%,0%,0%
South Africa,Loskop Mountain Bushveld,Central Bushveld Bioregion,Savanna,SVcb13,Central Bushveld,24,2066.33,1929.95,2066.33,1955.3,1938.78,1929.95,1910.03,95,94,93,92,0.9054,2,0,0.04,6586,64,1982.2797,0,84.0726,96,4,0,LC,LC,LC,LC,LC,,LC,LC,LC,,LC,,,Global & National status,,Endemic,more than 10km from the coast,,MP,LC & MP,2001,0.067,0.969,0.03,NOT,-52,-2.7,0%,0%,17%,0%,22%,61%,0%,0%,0%
South Africa,Loskop Thornveld,Central Bushveld Bioregion,Savanna,SVcb14,Central Bushveld,19,759.88,448.36,759.94,461.21,451.51,448.41,438.35,61,59,59,58,0.457,5,0.1,0.09,1984,25,465.651,0,294.2298,61,39,0,LC,LC,LC,LC,LC,,LC,LC,LC,,LC,,,Global & National status,,Endemic,more than 10km from the coast,,PP,LC & PP,981,0.762,0.999,0.136,NOT,-17,-3.8,0%,0%,0%,0%,85%,15%,0%,0%,0%
South Africa,Lourensford Alluvium Fynbos,Southwest Fynbos Bioregion,Fynbos,FFa4,Alluvium Fynbos,30,35.84,5.81,35.85,13.1,8,5.81,0.08,37,22,16,0,0.2603,99,2,1.63,99,3,2.2932,0,33.5421,6,94,0,CR,EN,CR,EN,CR,EN,CR,EN,CR,"A2b,A3CITY,A3WC,B1,B1thrsp_inv,B1thrsp_ovgr",CR,"A2b, A3alt, B1(i), B1(iii)","Decline in extent 1990-2040, Historical decline in extent (regional data), Restricted distribution & rate of loss & threatening processes",Global & National status,,Endemic,Semi-Coastal Types,,PP,CR & PP,22,0.932,0.998,0.616,FRAG_VHIGH,4,68.9,0%,0%,0%,0%,0%,0%,0%,0%,100%
South Africa,Low Escarpment Moist Grassland,Sub-Escarpment Grassland Bioregion,Grassland,Gs3,High Altitude Grassland,23,1742.25,1568.31,1742.29,1606.4,1581.3,1568.42,1538.58,92,91,90,88,1.3563,4,0.1,0.07,16225,61,1613.6775,21.1419,107.4312,94,7,1,LC,LC,LC,LC,LC,,LC,LC,LC,,LC,,,Global & National status,,Endemic,more than 10km from the coast,,PP,LC & PP,1156,0.242,0.976,0.056,NOT,-45,-2.9,0%,12%,0%,78%,0%,10%,0%,0%,0%
South Africa,Lower Gariep Alluvial Vegetation,Alluvial Vegetation,Azonal Vegetation,AZa3,Alluvial Vegetation,31,866.65,545.11,867.84,593.61,564.91,546.16,508.87,68,65,63,59,1.6949,14,0.3,0.2,42980,96,545.1075,0,321.5403,63,37,0,LC,LC,LC,LC,,,LC,LC,LC,,LC,,,National status,,Likely not endemic,more than 10km from the coast,,PP,LC & PP,322,0.497,0.999,0.163,NOT,1,0.2,0%,0%,0%,0%,0%,0%,0%,100%,0%
South Africa,Lower Gariep Broken Veld,Bushmanland Bioregion,Nama-Karoo,NKb1,Lower Gariep Broken Veld,21,4671,4641.36,4671.13,4657.21,4647.32,4641.46,4629.09,100,99,99,99,0.5626,1,0,0.01,54574,218,4641.3567,0,29.6478,99,1,0,LC,LC,LC,LC,,,LC,LC,LC,,LC,,,National status,,Likely not endemic,more than 10km from the coast,,PP,LC & PP,2001,0.013,0.33,0.003,NOT,0,0,0%,0%,0%,0%,0%,0%,0%,100%,0%
South Africa,Lowveld Riverine Forest,Azonal Forests,Forests,FOa1,Forest,36,132.58,90.39,176.56,150.35,135.02,133.98,121.11,85,76,76,69,0.5847,19,0.4,0.43,78389,34,139.0527,5.904,31.6422,82,21,4,LC,LC,LC,VU,LC,,LC,LC,VU,B2,VU,B2(i),Restricted distribution & rate of loss,National status,,Likely not endemic,less than 5% of extent within 10km of coast,,WP,VU & WP,229,0.234,0.904,0.112,NOT,-5,-3.7,0%,0%,0%,76%,24%,0%,0%,0%,0%
South Africa,Lowveld Rugged Mopaneveld,Mopane Bioregion,Savanna,SVmp6,Mopane Bushveld,19,3154.03,2451.55,3154.11,2561.94,2467.93,2451.55,2364.83,81,78,78,75,3.9422,8,0.2,0.15,7553,58,2452.9203,0,701.1117,78,22,0,LC,LC,LC,LC,LC,,LC,LC,LC,,LC,,,Global & National status,,Endemic,more than 10km from the coast,,WP,LC & WP,622,0.377,0.999,0.07,NOT,-1,0,0%,0%,0%,0%,91%,9%,0%,0%,0%
South Africa,Lydenburg Thornveld,Mesic Highveld Grassland Bioregion,Grassland,Gm21,Mesic Highveld Grassland,24,1551.1,1202.88,1551.1,1247.71,1219.87,1202.88,1167.65,80,79,78,75,1.6012,6,0.1,0.09,3445,39,1328.2686,0,222.8391,86,14,0,LC,LC,LC,LC,LC,,LC,LC,LC,,LC,,,Global & National status,,Endemic,more than 10km from the coast,,PP,LC & PP,751,0.255,0.994,0.08,NOT,-125,-10.4,0%,0%,0%,0%,32%,68%,0%,0%,0%
South Africa,Mabela Sandy Grassland,Sub-Escarpment Grassland Bioregion,Grassland,Gs13,Sub-Escarpment Grassland,23,492.91,155.27,492.92,186.71,169.8,155.31,130.64,38,34,32,27,1.1213,30,0.6,0.38,1427,17,210.2895,13.7016,268.9155,45,57,6,VU,VU,CR,EN,,LC,LC,LC,VU,"A3,A3KZN",CR,B1(i),Restricted distribution & rate of loss,Global & National status,VU - CR (B1) RoL for B1,Endemic,more than 10km from the coast,,NP,CR & NP,139,0.803,0.999,0.275,NOT,-55,-35.4,99%,0%,0%,1%,0%,0%,0%,0%,0%
South Africa,Madikwe Dolomite Bushveld,Central Bushveld Bioregion,Savanna,SVcb2,Central Bushveld,19,974.02,949.58,974.02,956.93,950.38,949.58,943.8,98,98,97,97,0.2627,1,0,0.03,6255,34,949.6656,0,24.4197,97,3,0,LC,LC,LC,LC,,,LC,LC,LC,,LC,,,National status,,Likely not endemic,more than 10km from the coast,,WP,LC & WP,2001,0.198,0.886,0.012,NOT,0,0,0%,0%,0%,0%,23%,0%,77%,0%,0%
South Africa,Mafikeng Bushveld,Eastern Kalahari Bushveld Bioregion,Savanna,SVk1,Western Central Bushveld,16,14382.73,8880,14382.76,9240.78,8964.53,8880.42,8597.27,64,62,62,60,12.8702,7,0.1,0.12,28619,205,8879.9994,0,5502.7296,62,38,0,LC,LC,LC,LC,,,LC,LC,LC,,LC,,,National status,,Likely not endemic,more than 10km from the coast,,NP,LC & NP,690,0.421,1,0.087,NOT,0,0,0%,0%,0%,0%,0%,0%,97%,3%,0%
South Africa,Makatini Clay Thicket,Lowveld Bioregion,Savanna,SVl21,Arid Lowveld,19,334.98,272.05,335.09,289.89,275.16,272.05,258.04,87,82,81,77,0.6369,11,0.2,0.21,4167,29,289.8648,16.605,28.5129,91,13,5,LC,LC,LC,LC,LC,,LC,LC,LC,,LC,,,National status,,Likely not endemic,more than 10km from the coast,,WP,LC & WP,427,0.01,0.842,0.154,NOT,-18,-6.6,0%,0%,0%,100%,0%,0%,0%,0%,0%
South Africa,Makhado Sweet Bushveld,Central Bushveld Bioregion,Savanna,SVcb20,Central Bushveld,19,10110.95,6367.8,10110.95,7019.81,6478.17,6367.8,5855.5,69,64,63,58,23.2863,17,0.3,0.32,15242,146,6367.8726,0,3743.0856,63,37,0,LC,LC,LC,LC,,,LC,LC,LC,,LC,,,Global & National status,,Endemic,more than 10km from the coast,,PP,LC & PP,273,0.404,1,0.116,NOT,0,0,0%,0%,0%,0%,100%,0%,0%,0%,0%
South Africa,Makuleke Sandy Bushveld,Lowveld Bioregion,Savanna,SVl1,Arid Lowveld,19,2090.62,1597.58,2090.62,1702.47,1606.08,1597.58,1515.16,81,77,76,72,3.7461,11,0.2,0.24,11702,54,1597.8249,0,492.8085,76,24,0,LC,LC,LC,LC,,,LC,LC,LC,,LC,,,National status,,Unsure - needs research,more than 10km from the coast,,WP,LC & WP,426,0.313,0.998,0.073,NOT,0,0,0%,0%,0%,0%,98%,2%,0%,0%,0%
South Africa,Malelane Mountain Bushveld,Lowveld Bioregion,Savanna,SVl11,Moist Sour Lowveld,24,630.57,599.59,630.57,611.69,602.62,599.59,590.09,97,96,95,94,0.4319,4,0.1,0.06,1301,18,602.9883,0,27.5985,96,4,0,LC,LC,LC,LC,LC,,LC,LC,LC,,LC,,,Global & National status,,Endemic,more than 10km from the coast,,WP,LC & WP,1388,0.054,0.943,0.016,NOT,-3,-0.5,0%,0%,0%,0%,0%,100%,0%,0%,0%
South Africa,Mamabolo Mountain Bushveld,Central Bushveld Bioregion,Savanna,SVcb24,Central Bushveld,24,666.83,598.95,666.89,606.9,601.21,599.02,592.83,91,90,90,89,0.2813,2,0,0.04,6722,40,598.9455,0,67.8843,90,10,0,LC,LC,LC,LC,,,LC,LC,LC,,LC,,,Global & National status,,Endemic,more than 10km from the coast,,PP,LC & PP,2001,0.611,0.903,0.041,NOT,0,0,0%,0%,0%,0%,100%,0%,0%,0%,0%
South Africa,Mangrove Forest,Azonal Forests,Forests,FOa3,Coastal Forest,26,43.02,36.95,43.02,40.6,37.4,36.95,34.08,94,87,86,79,0.1302,16,0.3,0.03,32856,6,37.6974,0.9045,4.4307,90,12,2,LC,LC,LC,LC,LC,,LC,LC,LC,,LC,,,National status,,Unsure - needs research,Coastal Types,esc,WP,LC & WP,284,0.006,-0.105,0.037,NOT,-1,-2.7,5%,0%,0%,95%,0%,0%,0%,0%,0%
South Africa,Maputaland Coastal Belt,Indian Ocean Coastal Belt,Indian Ocean Coastal Belt,CB1,Coastal Grassland,25,2354.79,863.22,2354.79,1048.24,915.96,863.22,717.84,45,39,37,30,6.6079,32,0.6,0.5,8611,71,919.9827,365.3244,1069.6185,55,61,28,VU,VU,EN,LC,LC,,LC,LC,EN,Restricted distribution & rate of loss,EN,B1(i),Restricted distribution & rate of loss,National status,,Likely not endemic,Coastal Types,,MP,EN & MP,131,0.503,0.988,0.207,NOT,-57,-6.6,0%,0%,0%,100%,0%,0%,0%,0%,0%
South Africa,Maputaland Pallid Sandy Bushveld,Lowveld Bioregion,Savanna,SVl25,Arid Lowveld,25,660.56,477.55,660.62,520.84,492.17,477.97,444.29,79,75,72,67,1.5311,15,0.3,0.23,1962,24,513.8262,90.2214,56.5128,91,22,15,LC,LC,LC,LC,LC,,LC,LC,LC,,LC,,,National status,,Likely not endemic,more than 10km from the coast,,MP,LC & MP,312,0.514,0.985,0.173,NOT,-36,-7.5,0%,0%,0%,100%,0%,0%,0%,0%,0%
South Africa,Maputaland Wooded Grassland,Indian Ocean Coastal Belt,Indian Ocean Coastal Belt,CB2,Coastal Grassland,25,1122.13,412.5,1122.14,501.31,434.86,412.63,342.95,45,39,37,31,3.1674,32,0.6,0.58,4908,31,400.428,150.1569,571.545,49,64,27,VU,VU,EN,VU,VU,,LC,LC,EN,Restricted distribution & rate of loss,EN,B1(i),Restricted distribution & rate of loss,National status,,Likely not endemic,Semi-Coastal Types,,MP,EN & MP,130,0.598,0.993,0.171,NOT,12,2.9,0%,0%,0%,100%,0%,0%,0%,0%,0%
South Africa,Marikana Thornveld,Central Bushveld Bioregion,Savanna,SVcb6,Central Bushveld,19,2528.64,878.47,2528.7,1149.94,968.66,878.47,665.17,45,38,35,26,9.6954,42,0.8,0.66,4700,49,878.7456,0,1649.8899,35,65,0,VU,VU,EN,VU,,,LC,LC,EN,Restricted distribution & rate of loss,EN,B1(i),Restricted distribution & rate of loss,Global & National status,,Endemic,more than 10km from the coast,,PP,EN & PP,91,0.921,1,0.337,FRAG_MHIGH,0,0,0%,0%,40%,0%,0%,0%,60%,0%,0%
South Africa,Matjiesfontein Quartzite Fynbos,Western Fynbos-Renosterveld Bioregion,Fynbos,FFq3,Quartzite Fynbos,27,1268.01,1250.22,1268.23,1252.48,1251.62,1250.47,1248.89,99,99,99,98,0.0718,0,0,0,7693,62,1239.2442,0.7677,27.9954,98,2,0,LC,LC,LC,LC,LC,LC,LC,LC,LC,,LC,,,Global & National status,,Endemic,more than 10km from the coast,,PP,LC & PP,2001,0.011,0.474,0.01,NOT,11,0.9,0%,0%,0%,0%,0%,0%,0%,0%,100%
South Africa,Matjiesfontein Shale Fynbos,Western Fynbos-Renosterveld Bioregion,Fynbos,FFh2,Shale Fynbos,27,106.53,101.37,106.53,102.03,101.73,101.37,100.85,96,95,95,95,0.0237,1,0,0.01,431,10,99.9045,0.0261,6.6078,94,6,0,LC,LC,LC,LC,LC,LC,LC,LC,LC,,LC,,,Global & National status,,Endemic,more than 10km from the coast,,WP,LC & WP,2001,0.007,0.849,0.025,NOT,1,1,0%,0%,0%,0%,0%,0%,0%,0%,100%
South Africa,Matjiesfontein Shale Renosterveld,Western Fynbos-Renosterveld Bioregion,Fynbos,FRs6,Shale Renosterveld,27,2095.93,1815.4,2095.93,1840.56,1826.03,1815.4,1795.63,88,87,87,86,0.8987,2,0,0.03,6226,65,1805.3946,2.4858,288.0981,86,14,0,LC,LC,LC,LC,LC,LC,LC,LC,LC,,LC,,,Global & National status,,Endemic,more than 10km from the coast,,PP,LC & PP,2001,0.452,0.97,0.049,NOT,10,0.6,0%,0%,0%,0%,0%,0%,0%,0%,100%
South Africa,Midlands Mistbelt Grassland,Sub-Escarpment Grassland Bioregion,Grassland,Gs9,Sub-Escarpment Grassland,23,6972.11,2057.74,6972.23,2600.35,2224.72,2057.89,1631.68,37,32,30,23,19.3736,37,0.7,0.6,22907,137,2769.507,65.6568,4136.9427,41,60,2,VU,EN,VU,LC,VU,,LC,LC,VU,"A2b,A3,A3KZN,B1",EN,A3,Historical decline in extent (national data),Global & National status,LC - EN (A3) hist loss (bBut A3alt gives VU),Endemic,more than 10km from the coast,,PP,EN & PP,106,0.899,0.999,0.309,FRAG_MHIGH,-712,-34.6,19%,0%,0%,81%,0%,0%,0%,0%,0%
South Africa,Moist Coast Hinterland Grassland,Sub-Escarpment Grassland Bioregion,Grassland,Gs20,Coastal Grassland,25,6280.58,2293.33,6280.58,2643.91,2413.29,2293.33,2017.87,42,38,37,32,12.5208,24,0.5,0.36,24478,158,3180.2328,148.3407,2952.1971,53,49,4,LC,VU,VU,LC,LC,,LC,LC,VU,"A3,A3KZN",VU,"A3, B1(i)","Historical decline in extent (national data), Restricted distribution & rate of loss",Global & National status, ,Endemic,more than 10km from the coast,,NP,VU & NP,183,0.856,0.999,0.312,FRAG_MHIGH,-887,-38.7,30%,0%,0%,70%,0%,0%,0%,0%,0%
South Africa,Molopo Bushveld,Eastern Kalahari Bushveld Bioregion,Savanna,SVk11,Western Central Bushveld,16,22765.89,21818.27,22765.89,21928.98,21863.87,21818.54,21731.77,96,96,96,95,3.9442,1,0,0.01,26223,275,21818.2716,0,947.7018,96,4,0,LC,LC,LC,LC,,,LC,LC,LC,,LC,,,National status,,Likely not endemic,more than 10km from the coast,,PP,LC & PP,2001,0.042,0.999,0.012,NOT,0,0,0%,0%,0%,0%,0%,0%,69%,31%,0%
South Africa,Mons Ruber Fynbos Thicket,Albany Thicket,Albany Thicket,AT43,Thicket Fynbos Mosaic,19,286.19,266.83,286.19,270.78,268.86,266.86,263.78,95,94,93,92,0.1401,3,0.1,0.03,1219,13,250.866,0.2556,35.0667,88,12,0,LC,LC,LC,LC,LC,LC,LC,LC,LC,,LC,,,Global & National status,,Endemic,more than 10km from the coast,,NP,LC & NP,1905,0.068,0.967,0.038,NOT,16,6,0%,0%,0%,0%,0%,0%,0%,0%,100%
South Africa,Montagu Shale Fynbos,Southern Fynbos Bioregion,Fynbos,FFh8,Shale Fynbos,30,186.77,145.03,186.77,150.81,147.28,145.06,140.55,81,79,78,75,0.2052,7,0.1,0.1,2530,15,148.1814,2.4282,36.1593,81,21,2,LC,LC,LC,LC,LC,LC,LC,LC,LC,,LC,,,Global & National status,,Endemic,more than 10km from the coast,,PP,LC & PP,707,0.071,0.988,0.087,NOT,-3,-2.1,0%,0%,0%,0%,0%,0%,0%,0%,100%
South Africa,Montagu Shale Renosterveld,Western Fynbos-Renosterveld Bioregion,Fynbos,FRs7,Shale Renosterveld,27,1607.85,1299.12,1607.91,1343.04,1320.41,1299.19,1264.74,84,82,81,79,1.5661,6,0.1,0.07,8762,57,1237.338,24.0966,346.4181,78,23,2,LC,LC,LC,LC,LC,LC,LC,LC,LC,,LC,,,Global & National status,,Endemic,more than 10km from the coast,,PP,LC & PP,830,0.241,0.994,0.075,NOT,62,4.8,0%,0%,0%,0%,0%,0%,0%,0%,100%
South Africa,Mooi River Highland Grassland,Sub-Escarpment Grassland Bioregion,Grassland,Gs8,Sub-Escarpment Grassland,23,2862.39,1683.26,2862.43,1978.46,1746.01,1683.76,1452.2,69,61,59,51,10.5252,27,0.5,0.49,9407,62,1948.6854,30.9213,882.7875,69,32,2,LC,LC,EN,LC,LC,,LC,LC,EN,Restricted distribution & rate of loss,EN,B1(i),Restricted distribution & rate of loss,Global & National status,,Endemic,more than 10km from the coast,,PP,EN & PP,160,0.452,1,0.177,NOT,-265,-15.7,0%,0%,0%,100%,0%,0%,0%,0%,0%
South Africa,Moot Plains Bushveld,Central Bushveld Bioregion,Savanna,SVcb8,Central Bushveld,19,2900.81,1890.55,2900.82,2076.37,1966.05,1890.59,1744.62,72,68,65,60,6.6352,16,0.3,0.22,8616,70,1890.549,0,1010.2572,65,35,0,LC,LC,LC,LC,,,LC,LC,LC,,LC,,,Global & National status,,Endemic,more than 10km from the coast,,PP,LC & PP,285,0.4,0.999,0.162,NOT,0,0,0%,0%,14%,0%,0%,0%,86%,0%,0%
South Africa,Mopane Basalt Shrubland,Mopane Bioregion,Savanna,SVmp4,Mopane Bushveld,19,2804.66,2800.04,2804.72,2800.53,2800.21,2800.11,2799.78,100,100,100,100,0.0149,0,0,0,4705,56,2800.035,0,4.6242,100,0,0,LC,LC,LC,LC,,,LC,LC,LC,,LC,,,National status,,Likely not endemic,more than 10km from the coast,,WP,LC & WP,2001,0.006,0.29,0.002,NOT,0,0,0%,0%,0%,0%,96%,4%,0%,0%,0%
South Africa,Mopane Gabbro Shrubland,Mopane Bioregion,Savanna,SVmp8,Mopane Bushveld,19,310.43,310.23,310.43,310.26,310.24,310.23,310.21,100,100,100,100,0.0009,0,0,0,2374,25,310.2912,0,0.1899,100,0,0,LC,LC,LC,LC,LC,,LC,LC,LC,,LC,,,Global & National status,,Endemic,more than 10km from the coast,,WP,LC & WP,2001,0.004,0.171,0.001,NOT,0,0,0%,0%,0%,0%,88%,12%,0%,0%,0%
South Africa,Mossel Bay Shale Renosterveld,East Coast Renosterveld Bioregion,Fynbos,FRs14,Shale Renosterveld,27,866.49,330.41,866.49,402.4,349.32,330.75,274.46,46,40,38,32,2.5588,32,0.6,0.55,1834,24,333.387,63.2052,469.9386,46,62,16,VU,VU,CR,VU,VU,LC,LC,LC,CR,Restricted distribution & rate of loss,CR,B1(i),Restricted distribution & rate of loss,Global & National status,,Endemic,Semi-Coastal Types,,NP,CR & NP,129,0.645,0.997,0.34,NOT,-3,-0.9,0%,0%,0%,0%,0%,0%,0%,0%,100%
South Africa,Motherwell Karroid Thicket,Albany Thicket,Albany Thicket,AT44,Thicket Nama and Succulent Karoo Mosaics,19,163.41,65.95,163.41,88.7,73.19,65.95,48.08,54,45,40,29,0.8123,46,0.9,0.73,545,7,39.2049,0.8991,123.3684,25,76,2,VU,VU,CR,EN,,VU,LC,LC,CR,Restricted distribution & rate of loss,CR,B1(i),Restricted distribution & rate of loss,Global & National status,,Endemic,Semi-Coastal Types,,NP,CR & NP,81,0.782,0.995,0.257,NOT,27,40.9,100%,0%,0%,0%,0%,0%,0%,0%,0%
South Africa,Mthatha Moist Grassland,Sub-Escarpment Grassland Bioregion,Grassland,Gs14,Sub-Escarpment Grassland,23,5281.55,2178.5,5281.55,2477.8,2259.02,2178.5,1943.34,47,43,41,37,10.6892,22,0.4,0.37,11297,96,2178.9306,0,3102.7221,41,59,0,LC,VU,EN,LC,,LC,LC,LC,VU,A3,EN,B1(i),Restricted distribution & rate of loss,Global & National status,VU - EN (B1) Rol  for B1,Endemic,more than 10km from the coast,,NP,EN & NP,204,0.821,0.999,0.286,NOT,0,0,100%,0%,0%,0%,0%,0%,0%,0%,0%
South Africa,Muscadel Riviere,Inland Saline Vegetation,Azonal Vegetation,AZi8,Inland Saline Vegetation,16,407.17,149.18,407.26,182.13,164.99,149.18,123.28,45,41,37,30,1.1769,32,0.6,0.39,5914,31,68.6169,1.2168,337.3398,17,83,2,VU,VU,EN,VU,EN,VU,LC,LC,EN,A3WC,EN,"A3alt, B1(i)","Historical decline in extent (regional data), Restricted distribution & rate of loss",Global & National status,,Endemic,more than 10km from the coast,,NP,EN & NP,127,0.864,0.999,0.352,FRAG_MHIGH,81,54.3,0%,0%,0%,0%,0%,0%,0%,0%,100%
South Africa,Musina Mopane Bushveld,Mopane Bioregion,Savanna,SVmp1,Mopane Bushveld,19,8796.29,8061.97,8796.29,8282.94,8087.05,8061.97,7888.34,94,92,92,90,7.8919,5,0.1,0.1,13594,138,8062.0362,0,734.2947,92,8,0,LC,LC,LC,LC,,,LC,LC,LC,,LC,,,National status,,Likely not endemic,more than 10km from the coast,,MP,LC & MP,1022,0.088,0.999,0.04,NOT,0,0,0%,0%,0%,0%,100%,0%,0%,0%,0%
South Africa,Muzi Palm Veld and Wooded Grassland,Lowveld Bioregion,Savanna,SVl26,Arid Lowveld,25,703.51,524.64,703.53,601.25,538.39,524.64,464.44,85,77,75,66,2.7362,23,0.5,0.44,1456,21,352.8063,284.8365,65.8683,91,50,45,LC,LC,CR,VU,LC,,LC,LC,CR,Restricted distribution & rate of loss,CR,B1(i),Restricted distribution & rate of loss,National status,,Likely not endemic,more than 10km from the coast,,PP,CR & PP,192,0.283,0.997,0.157,NOT,172,32.8,0%,0%,0%,100%,0%,0%,0%,0%,0%
South Africa,Namaqualand Arid Grassland,Namaqualand Sandveld Bioregion,Succulent Karoo,SKs11,Bushmanland Grassland,26,286.97,286.92,287.01,286.99,286.98,286.97,286.95,100,100,100,100,0.0006,0,0,0,7915,19,284.3577,0.0252,2.5875,99,1,0,LC,LC,LC,LC,LC,LC,LC,LC,LC,,LC,,,Global & National status,,Endemic,more than 10km from the coast,,WP,LC & WP,2001,0.014,0.092,0,NOT,3,1,0%,0%,0%,0%,0%,0%,0%,34%,66%
South Africa,Namaqualand Blomveld,Namaqualand Hardeveld Bioregion,Succulent Karoo,SKn3,Lowland Vygieveld,28,3108.02,2898.75,3108.35,2918.81,2905.69,2899.27,2883.91,94,93,93,93,0.698,1,0,0.02,12562,104,2897.532,0.1692,210.321,93,7,0,LC,LC,LC,LC,LC,,LC,LC,LC,,LC,,,Global & National status,,Endemic,more than 10km from the coast,,PP,LC & PP,2001,0.067,0.777,0.027,NOT,2,0.1,0%,0%,0%,0%,0%,0%,0%,92%,8%
South Africa,Namaqualand Coastal Duneveld,Namaqualand Sandveld Bioregion,Succulent Karoo,SKs8,Strandveld,26,868.07,735.13,868.07,757.78,752.93,735.23,717.51,87,87,85,83,0.8053,5,0.1,0.03,2550,32,734.8707,0,133.2702,85,15,0,LC,LC,LC,LC,,,LC,LC,LC,,LC,,,Global & National status,,Endemic,Coastal Types,,MP,LC & MP,913,0.079,0.979,0.054,NOT,0,0,0%,0%,0%,0%,0%,0%,0%,100%,0%
South Africa,Namaqualand Granite Renosterveld,Namaqualand Cape Shrublands Bioregion,Fynbos,FRg1,Granite Renosterveld,27,305.48,253.86,305.48,262.04,255.22,253.86,247.43,86,84,83,81,0.2922,6,0.1,0.11,6571,26,253.5534,0.0099,52.0452,83,17,0,LC,LC,LC,LC,LC,,LC,LC,LC,,LC,,,Global & National status,,Endemic,more than 10km from the coast,,NP,LC & NP,869,0.349,0.822,0.121,NOT,0,0,0%,0%,0%,0%,0%,0%,0%,95%,5%
South Africa,Namaqualand Heuweltjie Strandveld,Namaqualand Sandveld Bioregion,Succulent Karoo,SKs14,Lowland Vygieveld,26,838.87,646.8,838.94,664.43,651.3,647.07,633.44,79,78,77,76,0.6199,5,0.1,0.08,6667,47,619.263,0.342,219.2616,74,26,0,LC,LC,LC,LC,LC,LC,LC,LC,LC,,LC,,,Global & National status,,Endemic,Coastal Types,,PP,LC & PP,1044,0.19,0.942,0.045,NOT,28,4.3,0%,0%,0%,0%,0%,0%,0%,35%,65%
South Africa,Namaqualand Heuweltjieveld,Namaqualand Hardeveld Bioregion,Succulent Karoo,SKn4,Lowland Vygieveld,28,5040.64,4594.46,5040.68,4632.24,4605.97,4594.46,4564.78,92,91,91,91,1.3492,1,0,0.02,17246,136,4566.7908,0.4905,473.3604,91,9,0,LC,LC,LC,LC,LC,LC,LC,LC,LC,,LC,,,Global & National status,,Endemic,more than 10km from the coast,,PP,LC & PP,2001,0.156,0.896,0.032,NOT,28,0.6,0%,0%,0%,0%,0%,0%,0%,64%,36%
South Africa,Namaqualand Inland Duneveld,Namaqualand Sandveld Bioregion,Succulent Karoo,SKs9,Strandveld,26,917.39,887.92,917.49,905.64,891.96,888.08,874.28,99,97,97,95,0.6273,3,0.1,0.06,6904,48,882.1827,0.0873,35.1153,96,4,0,LC,LC,LC,LC,LC,LC,LC,LC,LC,,LC,,,Global & National status,,Endemic,Coastal Types,,PP,LC & PP,1416,0.038,0.885,0.013,NOT,6,0.7,0%,0%,0%,0%,0%,0%,0%,81%,19%
South Africa,Namaqualand Klipkoppe Shrubland,Namaqualand Hardeveld Bioregion,Succulent Karoo,SKn1,Namaqualand Klipkop,28,7581.84,7350.08,7581.84,7372.47,7358.49,7350.08,7332.49,97,97,97,97,0.7997,1,0,0.01,39267,204,7354.4067,0.1224,227.376,97,3,0,LC,LC,LC,LC,LC,LC,LC,LC,LC,,LC,,,Global & National status,,Endemic,more than 10km from the coast,,PP,LC & PP,2001,0.037,0.551,0.016,NOT,-4,-0.1,0%,0%,0%,0%,0%,0%,0%,89%,11%
South Africa,Namaqualand Riviere,Inland Saline Vegetation,Azonal Vegetation,AZi1,Inland Saline Vegetation,24,1363.82,1206.89,1363.95,1228.36,1215.04,1207.15,1190.49,90,89,89,87,0.7573,3,0.1,0.04,37826,196,1154.7927,46.7073,162.3168,88,15,4,LC,LC,LC,LC,LC,LC,LC,LC,LC,,LC,,,Global & National status,,Endemic,less than 5% of extent within 10km of coast,,PP,LC & PP,1594,0.319,0.986,0.045,NOT,52,4.3,0%,0%,0%,0%,0%,0%,0%,50%,50%
South Africa,Namaqualand Sand Fynbos,Northwest Fynbos Bioregion,Fynbos,FFd1,Sand Fynbos,29,1301,1109.45,1301,1127.15,1113.31,1109.52,1095.67,87,86,85,84,0.6295,3,0.1,0.05,6271,50,1158.2991,0.594,142.1244,89,11,0,LC,LC,LC,LC,LC,LC,LC,LC,LC,,LC,,,Global & National status,,Endemic,Coastal Types,,PP,LC & PP,1763,0.095,0.911,0.03,NOT,-49,-4.4,0%,0%,0%,0%,0%,0%,0%,54%,46%
South Africa,Namaqualand Seashore Vegetation,Seashore Vegetation,Azonal Vegetation,AZd2,Seashore Vegetation,26,13.19,9.59,13.21,10.93,10.84,9.69,8.72,83,82,73,66,0.0442,20,0.4,0.04,2669,0,9.4833,0,3.7035,72,28,0,LC,LC,EN,CR,LC,LC,LC,LC,LC,,CR,B2(i),Restricted distribution & rate of loss,Global & National status,"LC - CR (B1, B2) Rol for B2",Endemic,Coastal Types,,PP,CR & PP,219,0.814,0.877,0.148,NOT,0,0,0%,0%,0%,0%,0%,0%,0%,88%,12%
South Africa,Namaqualand Shale Shrubland,Namaqualand Hardeveld Bioregion,Succulent Karoo,SKn2,Shale Shrubland,24,539.35,534.91,539.35,535.44,535.15,534.91,534.5,99,99,99,99,0.019,0,0,0,1098,18,534.9501,0,4.4055,99,1,0,LC,LC,LC,LC,,,LC,LC,LC,,LC,,,Global & National status,,Endemic,more than 10km from the coast,,NP,LC & NP,2001,0.027,0.513,0.004,NOT,0,0,0%,0%,0%,0%,0%,0%,0%,100%,0%
South Africa,Namaqualand Spinescent Grassland,Namaqualand Sandveld Bioregion,Succulent Karoo,SKs12,Spiney Grassland,26,469.91,424.97,469.91,427.91,426.51,424.97,422.67,91,91,90,90,0.1048,1,0,0.01,2418,19,385.2108,0.0666,84.6513,82,18,0,LC,LC,LC,LC,LC,LC,LC,LC,LC,,LC,,,Global & National status,,Endemic,less than 5% of extent within 10km of coast,,PP,LC & PP,2001,0.14,0.92,0.019,NOT,40,9.4,0%,0%,0%,0%,0%,0%,0%,0%,100%
South Africa,Namaqualand Strandveld,Namaqualand Sandveld Bioregion,Succulent Karoo,SKs7,Strandveld,26,3151.64,2550.85,3151.64,2613.27,2571.53,2550.85,2501.81,83,82,81,79,2.2292,4,0.1,0.07,13767,95,2602.3104,1.0359,548.3502,83,17,0,LC,LC,LC,LC,LC,LC,LC,LC,LC,,LC,,,Global & National status,,Endemic,Coastal Types,,PP,LC & PP,1144,0.104,0.979,0.035,NOT,-51,-2,0%,0%,0%,0%,0%,0%,0%,67%,33%
South Africa,Namib Lichen Fields,Southern Namib Desert Bioregion,Desert,Dn2,Coastal Desert,36,1.53,1.01,1.53,1.24,1.22,1.01,0.84,81,80,66,55,0.008,32,0.6,0.05,1,0,1.0242,0,0.5166,66,34,0,VU,LC,CR,CR,,,LC,LC,LC,,CR,"B1(i), B2(i)",Restricted distribution & rate of loss,National status,"LC - CR (B1, B2) Rol for B1 and 2",Unsure - needs research,Semi-Coastal Types,,NP,CR & NP,127,0.22,0.901,0.285,NOT,0,0,0%,0%,0%,0%,0%,0%,0%,100%,0%
South Africa,Namib Seashore Vegetation,Seashore Vegetation,Azonal Vegetation,AZd1,Seashore Vegetation,26,6.44,0.33,6.44,0.59,0.56,0.35,0.15,9,9,5,2,0.0088,74,1.5,0.25,51,0,0.333,0,6.1065,5,95,0,EN,CR,CR,CR,,,LC,LC,CR,A3,CR,"A3, B1(i), B2(i)","Historical decline in extent (national & data), Restricted distribution & rate of loss",Global & National status,,Endemic,Coastal Types,,NP,CR & NP,39,0.968,0.988,0.57,FRAG_VHIGH,0,0,0%,0%,0%,0%,0%,0%,0%,100%,0%
South Africa,Nanaga Savanna Thicket,Albany Thicket,Albany Thicket,AT45,Thicket Grassland & Savanna Mosaics,19,696.98,433.5,697,451.4,437.33,433.5,419.44,65,63,62,60,0.6393,7,0.1,0.13,2694,24,433.53,0.1458,263.3067,62,38,0,LC,LC,LC,LC,,LC,LC,LC,LC,,LC,,,Global & National status,,Endemic,5-20% of extent within 10km of coast,,MP,LC & MP,678,0.534,0.995,0.153,NOT,0,0,100%,0%,0%,0%,0%,0%,0%,0%,0%
South Africa,Nardouw Sandstone Fynbos,Western Fynbos-Renosterveld Bioregion,Fynbos,FFs32,Sandstone Fynbos,29,547.97,361.44,547.97,412.79,366.28,361.44,321.1,75,67,66,59,1.8337,22,0.4,0.47,1295,16,348.129,13.4424,186.4557,66,36,4,LC,LC,CR,EN,LC,LC,LC,LC,CR,Restricted distribution & rate of loss,CR,B1(i),Restricted distribution & rate of loss,Global & National status,,Endemic,more than 10km from the coast,,NP,CR & NP,197,0.264,0.998,0.207,NOT,13,3.6,0%,0%,0%,0%,0%,0%,0%,33%,67%
South Africa,Ngongoni Veld,Sub-Escarpment Savanna Bioregion,Savanna,SVs4,Sub-Escarpment Savanna,25,803.11,334.1,803.11,369.52,343.73,334.1,306.27,46,43,42,38,1.265,17,0.3,0.29,4273,25,334.2807,0,468.8442,42,58,0,LC,VU,LC,LC,,LC,LC,LC,VU,A3,VU,"A3, A3alt",Historical decline in extent (national & regional data),Global & National status,,Endemic,more than 10km from the coast,,NP,VU & NP,264,0.774,0.997,0.295,NOT,0,0,100%,0%,0%,0%,0%,0%,0%,0%,0%
South Africa,Nieuwoudtville Shale Renosterveld,Karoo Renosterveld Bioregion,Fynbos,FRs2,Shale Renosterveld,27,218.8,105.19,218.82,118.26,106.37,105.19,94.93,54,49,48,43,0.4666,20,0.4,0.42,704,9,105.3495,0,113.4549,48,52,0,LC,VU,CR,EN,,,LC,LC,CR,Restricted distribution & rate of loss,CR,B1(i),Restricted distribution & rate of loss,Global & National status,,Endemic,more than 10km from the coast,,PP,CR & PP,225,0.376,0.903,0.239,NOT,0,0,0%,0%,0%,0%,0%,0%,0%,100%,0%
South Africa,Nieuwoudtville-Roggeveld Dolerite Renosterveld,Karoo Renosterveld Bioregion,Fynbos,FRd1,Dolerite Renosterveld,27,219.49,197.97,219.54,202.45,198.61,197.97,194.45,92,90,90,89,0.1599,4,0.1,0.08,3601,20,197.9937,0,21.4929,90,10,0,LC,LC,LC,LC,,,LC,LC,LC,,LC,,,Global & National status,,Endemic,more than 10km from the coast,,PP,LC & PP,1238,0.675,0.995,0.056,NOT,0,0,0%,0%,0%,0%,0%,0%,0%,100%,0%
South Africa,Noms Mountain Desert,Gariep Desert Bioregion,Desert,Dg1,Mountain Desert,34,335.94,333.06,335.95,335.66,335.66,333.06,331.01,100,100,99,99,0.093,1,0,0,473,8,333.0621,0,2.8764,99,1,0,LC,LC,LC,LC,,,LC,LC,LC,,LC,,,National status,,Likely not endemic,more than 10km from the coast,,WP,LC & WP,2001,0.023,0.837,0.001,NOT,0,0,0%,0%,0%,0%,0%,0%,0%,100%,0%
South Africa,Norite Koppies Bushveld,Central Bushveld Bioregion,Savanna,SVcb7,Central Bushveld,24,260.1,216.79,260.1,235.97,224.66,216.83,201.8,91,86,83,78,0.6834,14,0.3,0.2,1714,20,216.792,0,43.3287,83,17,0,LC,LC,LC,LC,,,LC,LC,LC,,LC,,,Global & National status,,Endemic,more than 10km from the coast,,PP,LC & PP,317,0.116,0.952,0.125,NOT,0,0,0%,0%,16%,0%,0%,0%,84%,0%,0%
South Africa,North Hex Sandstone Fynbos,Northwest Fynbos Bioregion,Fynbos,FFs7,Sandstone Fynbos,29,394.05,371.54,394.05,375.78,373.3,371.54,368.21,95,95,94,93,0.1514,2,0,0.03,1024,13,366.2001,0.2691,27.6129,93,7,0,LC,LC,LC,LC,LC,LC,LC,LC,LC,,LC,,,Global & National status,,Endemic,more than 10km from the coast,,WP,LC & WP,2001,0.119,0.974,0.022,NOT,5,1.3,0%,0%,0%,0%,0%,0%,0%,0%,100%
South Africa,North Kammanassie Sandstone Fynbos,Western Fynbos-Renosterveld Bioregion,Fynbos,FFs25,Sandstone Fynbos,27,332.59,331.01,332.61,331.32,331.19,331.03,330.79,100,100,100,99,0.0106,0,0,0,695,14,328.4946,0.0009,4.0977,99,1,0,LC,LC,LC,LC,LC,LC,LC,LC,LC,,LC,,,Global & National status,,Endemic,more than 10km from the coast,,WP,LC & WP,2001,0.007,0.582,0.004,NOT,3,0.9,0%,0%,0%,0%,0%,0%,0%,0%,100%
South Africa,North Langeberg Sandstone Fynbos,Southern Fynbos Bioregion,Fynbos,FFs15,Sandstone Fynbos,30,994.75,909.08,994.78,927.86,916.6,909.39,894.88,93,92,91,90,0.6596,4,0.1,0.05,7884,52,884.5074,19.1304,91.1124,91,11,2,LC,LC,LC,LC,LC,LC,LC,LC,LC,,LC,,,Global & National status,,Endemic,5-20% of extent within 10km of coast,,WP,LC & WP,1379,0.075,0.965,0.043,NOT,25,2.7,0%,0%,0%,0%,0%,0%,0%,0%,100%
South Africa,North Outeniqua Sandstone Fynbos,Eastern Fynbos-Renosterveld Bioregion,Fynbos,FFs18,Sandstone Fynbos,23,878.82,734.5,878.82,753.58,744.06,734.52,719.54,86,85,84,82,0.6807,5,0.1,0.05,1779,26,687.5163,0.8604,190.4868,78,22,0,LC,LC,LC,LC,LC,LC,LC,LC,LC,,LC,,,Global & National status,,Endemic,more than 10km from the coast,,PP,LC & PP,1079,0.164,0.998,0.073,NOT,47,6.4,0%,0%,0%,0%,0%,0%,0%,0%,100%
South Africa,North Rooiberg Sandstone Fynbos,Western Fynbos-Renosterveld Bioregion,Fynbos,FFs21,Sandstone Fynbos,27,318.25,318.03,318.25,318.16,318.12,318.03,317.92,100,100,100,100,0.0049,0,0,0,1068,18,316.2951,0.0729,1.9494,99,1,0,LC,LC,LC,LC,LC,LC,LC,LC,LC,,LC,,,Global & National status,,Endemic,more than 10km from the coast,,WP,LC & WP,2001,0.006,0.235,0.001,NOT,2,0.6,0%,0%,0%,0%,0%,0%,0%,0%,100%
South Africa,North Sonderend Sandstone Fynbos,Southwest Fynbos Bioregion,Fynbos,FFs13,Sandstone Fynbos,30,531.49,521.15,531.53,524.04,522.83,521.23,519.02,99,98,98,98,0.1004,1,0,0.01,1500,19,512.9001,6.9237,11.6622,98,3,1,LC,LC,LC,LC,LC,LC,LC,LC,LC,,LC,,,Global & National status,,Endemic,more than 10km from the coast,,WP,LC & WP,2001,0.028,0.742,0.014,NOT,8,1.5,0%,0%,0%,0%,0%,0%,0%,0%,100%
South Africa,North Swartberg Sandstone Fynbos,Western Fynbos-Renosterveld Bioregion,Fynbos,FFs23,Sandstone Fynbos,27,852.22,846.58,852.22,847.84,847.26,846.59,845.61,99,99,99,99,0.0445,0,0,0,4462,43,825.7707,18.4149,8.0433,99,3,2,LC,LC,LC,LC,LC,LC,LC,LC,LC,,LC,,,Global & National status,,Endemic,more than 10km from the coast,,WP,LC & WP,2001,0,0.366,0.004,NOT,21,2.5,5%,0%,0%,0%,0%,0%,0%,0%,95%
South Africa,Northern Afrotemperate Forest,Zonal & Intrazonal Forests,Forests,FOz2,Forest,22,193.86,162.52,194.03,165.69,163.1,162.82,160.56,85,84,84,83,0.1026,3,0.1,0.06,159851,51,165.8871,0.4932,27.4905,86,14,0,LC,LC,LC,LC,LC,,LC,LC,LC,,LC,,,Global & National status,,Endemic,more than 10km from the coast,esc,WP,LC & WP,1586,0.131,0.557,0.056,NOT,-3,-1.8,0%,3%,0%,33%,0%,61%,3%,0%,0%
South Africa,Northern Coastal Forest,Zonal & Intrazonal Forests,Forests,FOz7,Coastal Forest,18,679.14,516.38,679.27,559.38,522.07,516.38,482.59,82,77,76,71,1.5358,14,0.3,0.29,25620,85,562.9392,34.2423,81.9558,88,17,6,LC,LC,LC,LC,LC,,LC,LC,LC,,LC,,,National status,,Likely not endemic,Coastal Types,,WP,LC & WP,336,0.099,0.718,0.144,NOT,-47,-9.1,0%,0%,0%,100%,0%,0%,0%,0%,0%
South Africa,Northern Drakensberg Highland Grassland,Drakensberg Grassland Bioregion,Grassland,Gd5,High Altitude Grassland,27,1218.63,1109.59,1237.67,1128.52,1122.19,1117.53,1108.9,91,91,90,90,0.3924,2,0,0.02,6762,47,1111.7259,11.0808,114.8274,91,10,1,LC,LC,LC,LC,LC,,LC,LC,LC,,LC,,,Global & National status,,"Likely endemic to ZA, Ls, Sz",more than 10km from the coast,,WP,LC & WP,2001,0.312,0.954,0.044,NOT,6,0.5,0%,42%,0%,58%,0%,0%,0%,0%,0%
South Africa,Northern Escarpment Afromontane Fynbos,Mesic Highveld Grassland Bioregion,Grassland,Gm24,High Altitude Grassland,27,9.99,9.33,10,9.4,9.39,9.34,9.29,94,94,93,93,0.0023,1,0,0,5164,4,9.8577,0,0.1341,99,1,0,LC,LC,LC,LC,LC,,LC,LC,LC,,LC,,,Global & National status,,Endemic,more than 10km from the coast,,WP,LC & WP,2001,0.003,0.649,0.027,NOT,-1,-10.7,0%,0%,0%,0%,20%,80%,0%,0%,0%
South Africa,Northern Escarpment Dolomite Grassland,Mesic Highveld Grassland Bioregion,Grassland,Gm22,High Altitude Grassland,27,939.15,354.69,939.15,395.44,366.87,354.7,322.7,42,39,38,34,1.4548,18,0.4,0.3,3129,24,474.3297,0,464.9121,51,49,0,LC,VU,EN,VU,LC,,LC,LC,VU,A3,EN,B1(i),Restricted distribution & rate of loss,Global & National status,VU - EN (B1) RoL for B1,Endemic,more than 10km from the coast,,PP,EN & PP,244,0.722,0.998,0.141,NOT,-120,-33.8,0%,0%,0%,0%,3%,97%,0%,0%,0%
South Africa,Northern Escarpment Quartzite Sourveld,Mesic Highveld Grassland Bioregion,Grassland,Gm23,High Altitude Grassland,27,1373.69,763.06,1373.83,794.83,774.25,763.06,738.09,58,56,56,54,1.1348,7,0.1,0.11,12554,48,878.5611,0,495.1314,64,36,0,LC,LC,LC,LC,LC,,LC,LC,LC,,LC,,,Global & National status,,Endemic,more than 10km from the coast,,MP,LC & MP,672,0.826,0.984,0.07,NOT,-116,-15.2,0%,0%,0%,0%,32%,68%,0%,0%,0%
South Africa,Northern Free State Shrubland,Mesic Highveld Grassland Bioregion,Grassland,Gm7,Mesic Highveld Grassland,28,30.02,27.63,30.04,28.21,27.81,27.63,27.18,94,93,92,90,0.0206,4,0.1,0.06,13732,9,27.8289,0,2.196,93,7,0,LC,LC,LC,LC,LC,,LC,LC,LC,,LC,,,Global & National status,,Endemic,more than 10km from the coast,,PP,LC & PP,1341,0.035,0.349,0.079,NOT,0,0,0%,79%,0%,0%,0%,21%,0%,0%,0%
South Africa,Northern Inland Shale Band Vegetation,Northwest Fynbos Bioregion,Fynbos,FFb1,Shale Fynbos,29,279.04,258.95,279.14,263.7,261.02,258.95,255.22,94,94,93,91,0.1697,3,0.1,0.04,8815,52,260.1351,0.1791,18.7218,93,7,0,LC,LC,LC,LC,LC,LC,LC,LC,LC,,LC,,,Global & National status,,Endemic,more than 10km from the coast,,WP,LC & WP,1526,0.015,0.887,0.034,NOT,-1,-0.4,0%,0%,0%,0%,0%,0%,0%,0%,100%
South Africa,Northern Knersvlakte Vygieveld,Knersvlakte Bioregion,Succulent Karoo,SKk1,Lowland Vygieveld,28,1673.81,1670.18,1673.85,1671.27,1670.86,1670.23,1669.42,100,100,100,100,0.0371,0,0,0,4499,41,1653.3684,0.6291,19.8117,99,1,0,LC,LC,LC,LC,LC,LC,LC,LC,LC,,LC,,,Global & National status,,Endemic,more than 10km from the coast,,MP,LC & MP,2001,0.017,0.562,0.001,NOT,17,1,0%,0%,0%,0%,0%,0%,0%,26%,74%
South Africa,Northern KwaZulu-Natal Moist Grassland,Sub-Escarpment Grassland Bioregion,Grassland,Gs4,Sub-Escarpment Grassland,24,7440.21,4262.99,7440.21,4782.65,4398.55,4262.99,3854.68,64,59,57,52,18.5593,19,0.4,0.33,24880,169,5149.4031,220.1247,2070.9108,72,31,4,LC,LC,VU,LC,LC,,LC,LC,LC,,VU,B1(i),Restricted distribution & rate of loss,Global & National status,LC - VU (B1) Rol for B1,Endemic,more than 10km from the coast,,PP,VU & PP,230,0.685,0.998,0.187,NOT,-886,-20.8,0%,0%,0%,100%,0%,0%,0%,0%,0%
South Africa,Northern Lebombo Bushveld,Lowveld Bioregion,Savanna,SVl15,Arid Lowveld,24,1333.03,1331.46,1335.53,1335.02,1334.42,1333.99,1333.19,100,100,100,100,0.0366,0,0,0,4848,44,1331.7795,0,1.2474,100,0,0,LC,LC,LC,LC,LC,,LC,LC,LC,,LC,,,National status,,Likely not endemic,more than 10km from the coast,,WP,LC & WP,2001,0.006,0.904,0.002,NOT,2,0.1,0%,0%,0%,0%,33%,67%,0%,0%,0%
South Africa,Northern Mistbelt Forest,Zonal & Intrazonal Forests,Forests,FOz4,Forest,22,378.96,278.88,389.29,291.79,289.67,289.32,287.37,75,74,74,74,0.0883,2,0,0.03,47212,51,318.294,0,70.9731,82,18,0,LC,LC,LC,LC,LC,,LC,LC,LC,,LC,,,Global & National status,,"Likely endemic to ZA, Ls, Sz",more than 10km from the coast,esc,WP,LC & WP,2001,0.094,0.583,0.107,NOT,-29,-10,0%,0%,0%,0%,42%,58%,0%,0%,0%
South Africa,Northern Nababiepsberge Mountain Desert,Gariep Desert Bioregion,Desert,Dg7,Mountain Desert,34,246.99,244.49,247.02,246.01,245.44,244.53,243.38,100,99,99,99,0.0527,1,0,0.01,290,5,244.4922,0,2.4993,99,1,0,LC,LC,LC,LC,,,LC,LC,LC,,LC,,,National status,,Likely not endemic,more than 10km from the coast,,NP,LC & NP,2001,0.026,0.935,0.007,NOT,0,0,0%,0%,0%,0%,0%,0%,0%,100%,0%
South Africa,Northern Richtersveld Scorpionstailveld,Richtersveld Bioregion,Succulent Karoo,SKr7,Lowland Vygieveld,28,327.11,327.06,327.15,327.13,327.13,327.11,327.09,100,100,100,100,0.0009,0,0,0,2187,19,327.0618,0,0.0486,100,0,0,LC,LC,LC,LC,,,LC,LC,LC,,LC,,,National status,,Unsure - needs research,more than 10km from the coast,,WP,LC & WP,2001,0.022,0.413,0,NOT,0,0,0%,0%,0%,0%,0%,0%,0%,100%,0%
South Africa,Northern Richtersveld Yellow Duneveld,Namaqualand Sandveld Bioregion,Succulent Karoo,SKs2,Strandveld,26,536.07,526.53,536.07,528.92,528.73,526.53,524.65,99,99,98,98,0.0856,1,0,0,812,14,526.6395,0,9.4716,98,2,0,LC,LC,LC,LC,,,LC,LC,LC,,LC,,,Global & National status,,Endemic,Coastal Types,,NP,LC & NP,2001,0.039,0.936,0.01,NOT,0,0,0%,0%,0%,0%,0%,0%,0%,100%,0%
South Africa,Northern Upper Karoo,Upper Karoo Bioregion,Nama-Karoo,NKu3,Northern Upper Karoo,21,42273.62,39881.76,42273.64,40344.13,39970.53,39885.35,39524.89,95,95,94,93,16.3848,2,0,0.04,88502,635,39881.7639,0,2391.8571,94,6,0,LC,LC,LC,LC,,,LC,LC,LC,,LC,,,Global & National status,,Endemic,more than 10km from the coast,,NP,LC & NP,2001,0.027,0.994,0.023,NOT,4,0,0%,19%,0%,0%,0%,0%,0%,81%,0%
South Africa,Northern Zululand Mistbelt Grassland,Sub-Escarpment Grassland Bioregion,Grassland,Gs1,Sub-Escarpment Grassland,23,539.23,283.32,539.23,341.37,298.91,283.32,237.71,63,55,53,44,2.0732,30,0.6,0.52,3860,23,313.155,10.2825,215.7876,60,42,3,VU,LC,EN,VU,LC,,LC,LC,EN,Restricted distribution & rate of loss,EN,B1(i),Restricted distribution & rate of loss,Global & National status,,Endemic,more than 10km from the coast,,PP,EN & PP,137,0.679,0.993,0.155,NOT,-30,-10.6,0%,0%,0%,100%,0%,0%,0%,0%,0%
South Africa,Northern Zululand Sourveld,Lowveld Bioregion,Savanna,SVl22,Moist Sour Lowveld,19,4770.62,3365.07,5173.73,3863.43,3736.96,3689.23,3552.36,75,72,71,69,6.2212,8,0.2,0.14,14428,124,3987.0279,418.9167,767.8215,85,23,10,LC,LC,LC,LC,LC,,LC,LC,LC,,LC,,,Global & National status,,"Likely endemic to ZA, Ls, Sz",more than 10km from the coast,,PP,LC & PP,593,0.7,0.997,0.143,NOT,-298,-8.1,0%,0%,0%,100%,0%,0%,0%,0%,0%
South Africa,Nossob Bushveld,Kalahari Duneveld Bioregion,Savanna,SVkd4,Kalahari Duneveld,16,762.45,762.33,762.46,762.35,762.35,762.34,762.32,100,100,100,100,0.0006,0,0,0,1931,27,762.3288,0,0.1251,100,0,0,LC,LC,LC,LC,,,LC,LC,LC,,LC,,,National status,,Likely not endemic,more than 10km from the coast,,WP,LC & WP,2001,0.011,0.011,0,NOT,0,0,0%,0%,0%,0%,0%,0%,0%,100%,0%
South Africa,Nwambyia-Pumbe Sandy Bushveld,Lowveld Bioregion,Savanna,SVl2,Arid Lowveld,19,181.32,181.31,181.69,181.67,181.67,181.67,181.67,100,100,100,100,0,0,0,0,1311,9,181.2969,0,0.027,100,0,0,LC,LC,LC,LC,LC,,LC,LC,LC,,LC,,,National status,,Likely not endemic,more than 10km from the coast,,WP,LC & WP,2001,0.004,0.447,0,NOT,0,0,0%,0%,0%,0%,86%,14%,0%,0%,0%
South Africa,Ohrigstad Mountain Bushveld,Central Bushveld Bioregion,Savanna,SVcb26,Central Bushveld,24,1999.98,1760.24,1999.98,1812.23,1770.61,1760.24,1719.38,91,89,88,86,1.857,5,0.1,0.1,8353,57,1768.9392,0,231.0561,88,12,0,LC,LC,LC,LC,LC,,LC,LC,LC,,LC,,,Global & National status,,Endemic,more than 10km from the coast,,MP,LC & MP,948,0.196,0.962,0.04,NOT,-9,-0.5,0%,0%,0%,0%,91%,9%,0%,0%,0%
South Africa,Olifants Sandstone Fynbos,Northwest Fynbos Bioregion,Fynbos,FFs3,Sandstone Fynbos,29,498.27,470.59,498.27,474.25,472.06,470.59,467.72,95,95,94,94,0.1306,1,0,0.02,2777,25,479.8989,1.1556,17.2503,97,4,0,LC,LC,LC,LC,LC,LC,LC,LC,LC,,LC,,,Global & National status,,Endemic,more than 10km from the coast,,WP,LC & WP,2001,0,0.919,0.024,NOT,-9,-1.9,0%,0%,0%,0%,0%,0%,0%,0%,100%
South Africa,Olifantshoek Plains Thornveld,Eastern Kalahari Bushveld Bioregion,Savanna,SVk13,Western Central Bushveld,16,8517.62,8440.86,8517.83,8458.78,8451.21,8440.97,8426.97,99,99,99,99,0.6363,0,0,0,20740,177,8440.8633,0,76.7592,99,1,0,LC,LC,LC,LC,,,LC,LC,LC,,LC,,,Global & National status,,Endemic,more than 10km from the coast,,PP,LC & PP,2001,0.013,0.965,0.005,NOT,0,0,0%,0%,0%,0%,0%,0%,0%,100%,0%
South Africa,Oograbies Plains Sandy Grassland,Namaqualand Sandveld Bioregion,Succulent Karoo,SKs6,Bushmanland Grassland,26,123.28,123.04,123.31,123.2,123.2,123.07,122.98,100,100,100,100,0.0044,0,0,0,210,5,123.0381,0,0.2376,100,0,0,LC,LC,LC,LC,,,LC,LC,LC,,LC,,,Global & National status,,Endemic,more than 10km from the coast,,NP,LC & NP,2001,0.022,0.022,0.002,NOT,0,0,0%,0%,0%,0%,0%,0%,0%,100%,0%
South Africa,Oudtshoorn Karroid Thicket,Albany Thicket,Albany Thicket,AT46,Thicket Nama and Succulent Karoo Mosaics,19,571.92,553.69,571.93,557.4,556.02,553.82,551.01,97,97,97,96,0.1278,1,0,0.01,3773,31,532.7568,1.2897,37.8702,93,7,0,LC,LC,LC,LC,LC,LC,LC,LC,LC,,LC,,,Global & National status,,Endemic,more than 10km from the coast,,WP,LC & WP,2001,0.018,0.903,0.016,NOT,21,3.8,0%,0%,0%,0%,0%,0%,0%,0%,100%
South Africa,Overberg Dune Strandveld,South Strandveld Bioregion,Fynbos,FS7,Dune Strandveld,36,347.53,324.25,347.54,330.43,327.32,324.34,319.55,95,94,93,92,0.2176,3,0.1,0.04,6319,25,306.7326,1.6695,39.1266,89,12,1,LC,LC,LC,LC,LC,LC,EN,VU,EN,B1thrsp_inv,EN,B1(iii),Restricted distribution & threatening processes,Global & National status,,Endemic,Coastal Types,,WP,EN & WP,1490,0.171,0.875,0.02,NOT,18,5.5,0%,0%,0%,0%,0%,0%,0%,0%,100%
South Africa,Overberg Sandstone Fynbos,Southwest Fynbos Bioregion,Fynbos,FFs12,Sandstone Fynbos,30,1179.55,1053.9,1179.68,1074.69,1066.67,1054.17,1038.05,91,90,89,88,0.7327,3,0.1,0.03,3368,37,967.7493,45.621,166.1778,86,18,5,LC,LC,LC,LC,LC,LC,LC,LC,LC,,LC,,,Global & National status,,Endemic,Semi-Coastal Types,,PP,LC & PP,1439,0.112,0.971,0.046,NOT,86,8.2,0%,0%,0%,0%,0%,0%,0%,0%,100%
South Africa,Paulpietersburg Moist Grassland,Mesic Highveld Grassland Bioregion,Grassland,Gm15,Sub-Escarpment Grassland,24,4216.71,2011.2,4216.71,2623.41,2148.07,2011.26,1530.29,62,51,48,36,21.8623,42,0.8,0.76,11671,100,2454.6654,86.706,1675.5327,60,42,3,VU,VU,EN,LC,LC,,LC,LC,EN,Restricted distribution & rate of loss,EN,B1(i),Restricted distribution & rate of loss,Global & National status,,Endemic,more than 10km from the coast,,PP,EN & PP,92,0.88,0.999,0.227,NOT,-443,-22,0%,0%,0%,69%,0%,31%,0%,0%,0%
South Africa,Peninsula Granite Fynbos,Southwest Fynbos Bioregion,Fynbos,FFg3,Granite Fynbos,30,91.83,31.85,91.83,37.63,34.38,31.88,27.37,41,37,35,30,0.2051,27,0.5,0.36,413,5,39.3597,0,52.4943,43,57,0,LC,VU,CR,EN,VU,LC,CR,EN,CR,B1thrsp_inv,CR,"B1(i), B1(iii)",Restricted distribution & rate of loss & threatening processes,Global & National status,,Endemic,Coastal Types,,MP,CR & MP,155,0.842,0.988,0.269,NOT,-7,-22,0%,0%,0%,0%,0%,0%,0%,0%,100%
South Africa,Peninsula Sandstone Fynbos,Southwest Fynbos Bioregion,Fynbos,FFs9,Sandstone Fynbos,30,219.44,203.77,219.45,206.6,205,203.98,201.92,94,93,93,92,0.0935,2,0,0.03,482,12,210.2103,0,9.225,96,4,0,LC,LC,LC,LC,LC,LC,CR,EN,CR,B1thrsp_inv,CR,B1(iii),Restricted distribution & threatening processes,Global & National status,,Endemic,Semi-Coastal Types,,WP,CR & WP,2001,0.065,0.899,0.036,NOT,-6,-2.9,0%,0%,0%,0%,0%,0%,0%,0%,100%
South Africa,Peninsula Shale Fynbos,Southwest Fynbos Bioregion,Fynbos,FFh11,Shale Fynbos,30,12.61,5.57,12.63,6.12,6.03,5.59,5.17,48,48,44,41,0.019,15,0.3,0.07,18,1,6.5601,0,6.0498,52,48,0,LC,VU,LC,LC,LC,LC,LC,LC,VU,"A3,A3WC",VU,A3,Historical decline in extent (national data),Global & National status,A3alt gives lower TS but follow precautionary,Endemic,Semi-Coastal Types,,WP,VU & WP,295,0.59,0.946,0.198,NOT,-1,-17.9,0%,0%,0%,0%,0%,0%,0%,0%,100%
South Africa,Peninsula Shale Renosterveld,West Coast Renosterveld Bioregion,Fynbos,FRs10,Shale Renosterveld,26,25.28,3,25.28,4.11,3.69,3.02,2.15,16,15,12,9,0.0392,48,1,0.4,39,1,2.7189,0,22.5639,11,89,0,VU,EN,CR,CR,EN,VU,CR,CR,CR,"B1thrsp_inv, B2thrsp_inv",CR,"B1(i), B2(i), B1(iii), B2(iii)",Restricted distribution & rate of loss & threatening processes,Global & National status,,Endemic,Coastal Types,,PP,CR & PP,77,0.907,0.995,0.463,FRAG_HIGH,0,0,0%,0%,0%,0%,0%,0%,0%,0%,100%
South Africa,Phalaborwa-Timbavati Mopaneveld,Mopane Bioregion,Savanna,SVmp7,Mopane Bushveld,19,2225.54,2035.79,2225.61,2094.32,2045.7,2035.9,1989.99,94,92,91,89,2.0866,5,0.1,0.1,4419,46,2038.2849,0,187.2513,92,8,0,LC,LC,LC,LC,LC,,LC,LC,LC,,LC,,,Global & National status,,Endemic,more than 10km from the coast,,WP,LC & WP,976,0.141,0.997,0.021,NOT,-2,-0.1,0%,0%,0%,0%,63%,37%,0%,0%,0%
South Africa,Piketberg Quartz Succulent Shrubland,Knersvlakte Bioregion,Succulent Karoo,SKk8,Lowland Vygieveld,26,2.85,0.57,2.86,0.86,0.62,0.59,0.38,30,22,21,13,0.0096,56,1.1,1.16,1107,0,0.6507,0.2178,1.98,30,77,25,EN,EN,CR,CR,EN,VU,LC,LC,CR,"B1,B2",CR,"B1(i), B2(i)",Restricted distribution & rate of loss,Global & National status,,Endemic,more than 10km from the coast,,NP,CR & NP,61,0.914,0.964,0.578,FRAG_VHIGH,0,0,0%,0%,0%,0%,0%,0%,0%,0%,100%
South Africa,Piketberg Sandstone Fynbos,Northwest Fynbos Bioregion,Fynbos,FFs6,Sandstone Fynbos,29,422.82,371.97,422.88,383.25,377.45,372.1,363.33,91,89,88,86,0.3985,5,0.1,0.06,853,13,366.4188,1.7595,54.6453,87,13,0,LC,LC,LC,LC,LC,LC,LC,LC,LC,,LC,,,Global & National status,,Endemic,more than 10km from the coast,,PP,LC & PP,934,0.144,0.964,0.062,NOT,6,1.6,0%,0%,0%,0%,0%,0%,0%,0%,100%
South Africa,Pilanesberg Mountain Bushveld,Central Bushveld Bioregion,Savanna,SVcb5,Central Bushveld,24,434.98,418.95,434.98,422.22,419.18,418.95,416.39,97,96,96,96,0.1166,1,0,0.03,496,9,418.9617,0,16.0227,96,4,0,LC,LC,LC,LC,,,LC,LC,LC,,LC,,,Global & National status,,Endemic,more than 10km from the coast,,WP,LC & WP,2001,0.036,0.984,0.033,NOT,0,0,0%,0%,0%,0%,0%,0%,100%,0%,0%
South Africa,Platbakkies Succulent Shrubland,Namaqualand Hardeveld Bioregion,Succulent Karoo,SKn5,Upland Vygieveld,28,653.33,652.05,653.33,652.74,652.5,652.05,651.51,100,100,100,100,0.0247,0,0,0,2012,26,652.0635,0,1.2843,100,0,0,LC,LC,LC,LC,,,LC,LC,LC,,LC,,,Global & National status,,Endemic,more than 10km from the coast,,NP,LC & NP,2001,0.018,0.14,0.002,NOT,0,0,0%,0%,0%,0%,0%,0%,0%,100%,0%
South Africa,Polokwane Plateau Bushveld,Central Bushveld Bioregion,Savanna,SVcb23,Central Bushveld,19,4445.3,2565.96,4445.3,2832.21,2622.42,2565.96,2356.76,64,59,58,53,9.5089,17,0.3,0.31,6836,70,2566.1781,0,1879.1928,58,42,0,LC,LC,LC,LC,,,LC,LC,LC,,LC,,,Global & National status,,Endemic,more than 10km from the coast,,PP,LC & PP,270,0.563,1,0.17,NOT,0,0,0%,0%,0%,0%,100%,0%,0%,0%,0%
South Africa,Pondoland-Ugu Sandstone Coastal Sourveld,Indian Ocean Coastal Belt,Indian Ocean Coastal Belt,CB4,Coastal Grassland,25,1299.86,647.97,1299.9,707.93,666.99,647.97,600.86,54,51,50,46,2.1413,15,0.3,0.24,3074,35,692.3043,23.5584,583.9992,55,47,3,LC,VU,LC,LC,LC,LC,LC,LC,LC,A3,VU,A3,Historical decline in extent (national data),Global & National status,LC - VU (A3) hab loss,Endemic,Coastal Types,,PP,VU & PP,303,0.327,0.985,0.165,NOT,-44,-6.8,71%,0%,0%,29%,0%,0%,0%,0%,0%
South Africa,Postmasburg Thornveld,Eastern Kalahari Bushveld Bioregion,Savanna,SVk14,Western Central Bushveld,16,929.19,887.96,929.21,898.95,894.92,888.01,879.41,97,96,96,95,0.3907,2,0,0.02,1534,22,887.9553,0,41.2326,96,4,0,LC,LC,LC,LC,,,LC,LC,LC,,LC,,,Global & National status,,Endemic,more than 10km from the coast,,NP,LC & NP,2001,0.04,0.989,0.012,NOT,0,0,0%,0%,0%,0%,0%,0%,0%,100%,0%
South Africa,Potberg Ferricrete Fynbos,Southwest Fynbos Bioregion,Fynbos,FFf2,Ferricrete Fynbos,30,40.57,19.54,40.57,21.08,19.98,19.54,18.33,52,49,48,45,0.0551,13,0.3,0.23,106,3,14.7006,7.4754,18.4068,55,64,34,LC,VU,LC,LC,LC,LC,CR,EN,VU,A3,CR,B1(iii),Restricted distribution & threatening processes,Global & National status,VU - CR (B1s) species data,Endemic,Semi-Coastal Types,,PP,CR & PP,355,0.847,0.997,0.238,NOT,5,25.6,0%,0%,0%,0%,0%,0%,0%,0%,100%
South Africa,Potberg Sandstone Fynbos,Southwest Fynbos Bioregion,Fynbos,FFs17,Sandstone Fynbos,30,107.48,100.8,107.49,101.6,101.07,100.8,100.18,95,94,94,93,0.0285,1,0,0.02,160,7,93.033,5.2677,9.1782,91,13,5,LC,LC,LC,LC,LC,LC,LC,LC,LC,,LC,,,Global & National status,,Endemic,Coastal Types,,WP,LC & WP,2001,0.074,0.886,0.029,NOT,8,7.9,0%,0%,0%,0%,0%,0%,0%,0%,100%
South Africa,Poung Dolomite Mountain Bushveld,Central Bushveld Bioregion,Savanna,SVcb25,Central Bushveld,24,891.36,828.92,891.38,843.2,833.53,828.92,817.69,95,94,93,92,0.5103,3,0.1,0.05,5799,37,829.0827,0,62.2809,93,7,0,LC,LC,LC,LC,,,LC,LC,LC,,LC,,,Global & National status,,Endemic,more than 10km from the coast,,MP,LC & MP,1624,0.435,0.947,0.022,NOT,0,0,0%,0%,0%,0%,100%,0%,0%,0%,0%
South Africa,Pretoriuskop Sour Bushveld,Lowveld Bioregion,Savanna,SVl10,Moist Sour Lowveld,19,942.79,624.88,942.9,672.27,637.99,624.88,587.64,71,68,66,62,1.6927,13,0.3,0.21,2069,23,703.1331,0,239.661,75,25,0,LC,LC,LC,LC,LC,,LC,LC,LC,,LC,,,Global & National status,,Endemic,more than 10km from the coast,,WP,LC & WP,369,0.351,0.999,0.126,NOT,-78,-12.5,0%,0%,0%,0%,0%,100%,0%,0%,0%
South Africa,Prince Albert Succulent Karoo,Rainshadow Valley Karoo Bioregion,Succulent Karoo,SKv13,Little Karoo,16,2555.19,2519.87,2555.19,2526.71,2523.46,2520.51,2515.64,99,99,99,98,0.2213,0,0,0.01,5490,59,2489.0274,8.7345,57.4605,98,3,0,LC,LC,LC,LC,LC,LC,LC,LC,LC,,LC,,,Global & National status,,Endemic,more than 10km from the coast,,PP,LC & PP,2001,0.009,0.903,0.01,NOT,31,1.2,37%,0%,0%,0%,0%,0%,0%,0%,63%
South Africa,Queenstown Thornveld,Sub-Escarpment Grassland Bioregion,Grassland,Gs16,Sub-Escarpment Grassland,23,3606.19,3003.81,3606.33,3100.97,3030.87,3003.81,2927.47,86,84,83,81,3.47,6,0.1,0.09,6838,73,3003.8661,0,602.3196,83,17,0,LC,LC,LC,LC,,LC,LC,LC,LC,,LC,,,Global & National status,,Endemic,more than 10km from the coast,,NP,LC & NP,866,0.126,0.998,0.078,NOT,0,0,100%,0%,0%,0%,0%,0%,0%,0%,0%
South Africa,Rand Highveld Grassland,Mesic Highveld Grassland Bioregion,Grassland,Gm11,Mesic Highveld Grassland,24,10306.38,4432.24,10306.38,5086.99,4613.3,4432.27,3917.85,49,45,43,38,23.3827,23,0.5,0.39,46051,180,5058.6237,0,5247.9306,49,51,0,LC,VU,VU,LC,VU,,LC,LC,VU,"A3,A3CITY",VU,"A3, B1(i)","Historical decline in extent (national & data), Restricted distribution & rate of loss",Global & National status,,Endemic,more than 10km from the coast,,PP,VU & PP,190,0.854,1,0.232,NOT,-626,-14.1,0%,4%,24%,0%,8%,36%,27%,0%,0%
South Africa,Richtersberg Mountain Desert,Gariep Desert Bioregion,Desert,Dg2,Mountain Desert,34,361.41,361.38,361.42,361.42,361.42,361.41,361.4,100,100,100,100,0.0005,0,0,0,505,8,361.3797,0,0.0324,100,0,0,LC,LC,LC,LC,,,LC,LC,LC,,LC,,,National status,,Likely not endemic,more than 10km from the coast,,WP,LC & WP,2001,0.022,0.348,0,NOT,0,0,0%,0%,0%,0%,0%,0%,0%,100%,0%
South Africa,Richtersveld Coastal Duneveld,Namaqualand Sandveld Bioregion,Succulent Karoo,SKs1,Strandveld,26,508.06,316.16,508.06,352.32,347.7,316.16,287.75,69,68,62,57,1.2914,18,0.4,0.05,1249,20,316.2573,0,191.799,62,38,0,LC,LC,CR,EN,,,LC,LC,LC,,CR,B1(i),Restricted distribution & rate of loss,Global & National status,LC - CR (B1) RoL for B1,Endemic,Coastal Types,,PP,CR & PP,245,0.633,0.999,0.134,NOT,0,0,0%,0%,0%,0%,0%,0%,0%,100%,0%
South Africa,Richtersveld Red Duneveld,Namaqualand Sandveld Bioregion,Succulent Karoo,SKs5,Strandveld,26,566.06,565.75,566.06,565.99,565.85,565.75,565.56,100,100,100,100,0.0086,0,0,0,986,15,565.8183,0,0.3105,100,0,0,LC,LC,LC,LC,,,LC,LC,LC,,LC,,,National status,,Unsure - needs research,more than 10km from the coast,,PP,LC & PP,2001,0.022,0.512,0,NOT,0,0,0%,0%,0%,0%,0%,0%,0%,100%,0%
South Africa,Richtersveld Sandy Coastal Scorpionstailveld,Namaqualand Sandveld Bioregion,Succulent Karoo,SKs4,Lowland Vygieveld,26,449.05,442.12,449.09,443.79,443.27,442.12,440.81,99,99,98,98,0.0596,1,0,0.01,1230,19,442.1493,0,6.8985,98,2,0,LC,LC,LC,LC,,,LC,LC,LC,,LC,,,Global & National status,,Endemic,Coastal Types,,NP,LC & NP,2001,0.027,0.779,0.007,NOT,0,0,0%,0%,0%,0%,0%,0%,0%,100%,0%
South Africa,Richtersveld Sheet Wash Desert,Gariep Desert Bioregion,Desert,Dg3,Plains Desert,34,160.04,156.48,160.04,159.66,159.66,156.48,153.98,100,100,98,96,0.1137,4,0.1,0,840,13,156.5343,0,3.5523,98,2,0,LC,LC,LC,LC,,,LC,LC,LC,,LC,,,National status,,Likely not endemic,more than 10km from the coast,,WP,LC & WP,1376,0.023,0.535,0.005,NOT,0,0,0%,0%,0%,0%,0%,0%,0%,100%,0%
South Africa,Riethuis-Wallekraal Quartz Vygieveld,Namaqualand Sandveld Bioregion,Succulent Karoo,SKs10,Lowland Vygieveld,28,136.41,134.38,136.43,134.39,134.39,134.39,134.39,99,99,99,99,0.0001,0,0,0,239,4,134.3763,0,2.0313,99,1,0,LC,LC,LC,LC,,,LC,LC,LC,,LC,,,Global & National status,,Endemic,more than 10km from the coast,,WP,LC & WP,2001,0.04,0.678,0.005,NOT,0,0,0%,0%,0%,0%,0%,0%,0%,100%,0%
South Africa,Robertson Granite Fynbos,Southwest Fynbos Bioregion,Fynbos,FFg4,Granite Fynbos,30,16.99,14.22,16.99,14.8,14.29,14.22,13.76,87,84,84,81,0.0207,7,0.1,0.14,154,3,14.4054,0.0594,2.5209,85,15,0,LC,LC,LC,LC,LC,LC,LC,LC,LC,,LC,,,Global & National status,,Endemic,more than 10km from the coast,,WP,LC & WP,686,0.01,0.881,0.091,NOT,0,0,0%,0%,0%,0%,0%,0%,0%,0%,100%
South Africa,Robertson Granite Renosterveld,East Coast Renosterveld Bioregion,Fynbos,FRg3,Granite Renosterveld,27,19.23,18.9,19.23,19.06,18.91,18.9,18.77,99,98,98,98,0.0058,2,0,0.03,24,1,18.4509,0.1845,0.6021,97,4,1,LC,LC,LC,LC,LC,LC,LC,LC,LC,,LC,,,Global & National status,,Endemic,more than 10km from the coast,,WP,LC & WP,2001,0.027,0.757,0.024,NOT,0,0,0%,0%,0%,0%,0%,0%,0%,0%,100%
South Africa,Robertson Karoo,Rainshadow Valley Karoo Bioregion,Succulent Karoo,SKv7,Little Karoo,16,653.33,501.74,653.42,530.68,512.42,501.74,479,81,78,77,73,1.0334,10,0.2,0.14,2817,26,511.2846,4.797,137.2446,79,22,1,LC,LC,LC,LC,LC,LC,LC,LC,LC,,LC,,,Global & National status,,Endemic,more than 10km from the coast,,PP,LC & PP,486,0.075,0.978,0.084,NOT,-10,-2,0%,0%,0%,0%,0%,0%,0%,0%,100%
South Africa,Roggeveld Karoo,Trans-Escarpment Succulent Karoo Bioregion,Succulent Karoo,SKt3,Shale Shrubland,18,5357.93,5238.01,5357.99,5253.11,5242.9,5238.01,5226.14,98,98,98,98,0.5395,1,0,0.01,12481,99,5237.8821,0,120.0465,98,2,0,LC,LC,LC,LC,,,LC,LC,LC,,LC,,,Global & National status,,Endemic,more than 10km from the coast,,NP,LC & NP,2001,0.03,0.988,0.015,NOT,0,0,0%,0%,0%,0%,0%,0%,0%,100%,0%
South Africa,Roggeveld Shale Renosterveld,Karoo Renosterveld Bioregion,Fynbos,FRs3,Shale Renosterveld,27,3217.46,3152.26,3217.46,3162.49,3154.83,3152.35,3144.38,98,98,98,98,0.3622,1,0,0.01,12819,81,3149.7174,0,67.8231,98,2,0,LC,LC,LC,LC,,,LC,LC,LC,,LC,,,Global & National status,,Endemic,more than 10km from the coast,,PP,LC & PP,2001,0.017,0.945,0.017,NOT,3,0.1,0%,0%,0%,0%,0%,0%,0%,97%,3%
South Africa,Roodeberg Bushveld,Central Bushveld Bioregion,Savanna,SVcb18,Central Bushveld,19,6496.39,5157.75,6496.39,5383.31,5191.51,5157.85,4980.71,83,80,79,77,8.0522,7,0.1,0.15,10454,98,5157.7515,0,1338.6519,79,21,0,LC,LC,LC,LC,,,LC,LC,LC,,LC,,,National status,,Unsure - needs research,more than 10km from the coast,,PP,LC & PP,641,0.214,1,0.059,NOT,0,0,0%,0%,0%,0%,100%,0%,0%,0%,0%
South Africa,Rooiberg Quartz Vygieveld,Richtersveld Bioregion,Succulent Karoo,SKr11,Namaqualand Klipkop,28,129.25,128.81,129.25,128.96,128.94,128.81,128.69,100,100,100,100,0.0053,0,0,0,211,4,128.8584,0,0.4347,100,0,0,LC,LC,LC,LC,,,LC,LC,LC,,LC,,,Global & National status,,Endemic,more than 10km from the coast,,WP,LC & WP,2001,0.023,0.756,0.002,NOT,0,0,0%,0%,0%,0%,0%,0%,0%,100%,0%
South Africa,Rosyntjieberg Succulent Shrubland,Richtersveld Bioregion,Succulent Karoo,SKr8,Namaqualand Klipkop,28,50.55,50.53,50.56,50.56,50.56,50.54,50.53,100,100,100,100,0.0006,0,0,0,64,3,50.5287,0,0.0171,100,0,0,LC,LC,LC,LC,,,LC,LC,LC,,LC,,,National status,,Likely not endemic,more than 10km from the coast,,WP,LC & WP,2001,0.022,0.022,0,NOT,0,0,0%,0%,0%,0%,0%,0%,0%,100%,0%
South Africa,Ruens Silcrete Renosterveld,East Coast Renosterveld Bioregion,Fynbos,FRc2,Silcrete Renosterveld,27,209.72,29.16,209.72,42.39,32.01,29.16,18.78,20,15,14,9,0.4722,56,1.1,1.02,6163,11,19.1493,22.0347,168.5331,20,91,54,EN,EN,EN,EN,EN,EN,EN,EN,EN,"A2b,A3,A3WC,B1,B2,B1thrsp_inv,B1thrsp_ovgr,B2thrsp_inv,B2thrsp_ovgr",EN,"A2b, A3, A3alt, B1(i), B2(i), B1(iii), B2(iii), D3","Decline in extent 1990-2040, Historical decline in extent (national and regional data), Restricted distribution & rate of loss & threatening processes, Historical disruption of biotic processes",Global & National status,,Endemic,less than 5% of extent within 10km of coast,,NP,EN & NP,62,0.917,0.969,0.624,FRAG_VHIGH,10,34.3,0%,0%,0%,0%,0%,0%,0%,0%,100%
South Africa,Saldanha Flats Strandveld,West Strandveld Bioregion,Fynbos,FS3,Dune Strandveld,24,1643.4,593.85,1643.4,681.89,615.86,594.11,525.14,41,37,36,32,3.135,23,0.5,0.4,5139,44,560.8854,122.5062,960.0768,42,66,18,LC,VU,EN,VU,VU,LC,LC,LC,EN,Restricted distribution & rate of loss,EN,B1(i),Restricted distribution & rate of loss,Global & National status,,Endemic,Coastal Types,,PP,EN & PP,190,0.678,0.997,0.232,NOT,33,5.6,0%,0%,0%,0%,0%,0%,0%,0%,100%
South Africa,Saldanha Granite Strandveld,West Strandveld Bioregion,Fynbos,FS2,Dune Strandveld,24,298.56,79.94,298.56,96.49,85.07,80.02,67.08,32,28,27,22,0.5882,30,0.6,0.49,1095,12,83.4255,17.0928,198.3195,34,72,17,VU,EN,CR,EN,VU,VU,CR,EN,CR,"B1,B1thrsp_inv,B1thrsp_ovgr",CR,"B1(i), B1(iii)",Restricted distribution & rate of loss & threatening processes,Global & National status,,Endemic,Coastal Types,,PP,CR & PP,136,0.948,0.991,0.308,FRAG_MHIGH,-3,-3.7,0%,0%,0%,0%,0%,0%,0%,0%,100%
South Africa,Saldanha Limestone Strandveld,West Strandveld Bioregion,Fynbos,FS4,Dune Strandveld,24,61.54,49.7,61.54,51.1,50.4,49.84,48.85,83,82,81,79,0.045,4,0.1,0.06,782,10,47.6379,6.4854,7.4385,88,23,12,LC,LC,LC,LC,LC,LC,CR,EN,CR,B1thrsp_ovgr,CR,B1(iii),Restricted distribution & threatening processes,Global & National status,,Endemic,Coastal Types,,MP,CR & MP,1107,0.497,0.719,0.123,NOT,2,4,0%,0%,0%,0%,0%,0%,0%,0%,100%
South Africa,Saltaire Karroid Thicket,Albany Thicket,Albany Thicket,AT47,Thicket Nama and Succulent Karoo Mosaics,19,910.47,890.01,910.47,894.17,891.58,890.07,886.84,98,98,98,97,0.1465,1,0,0.01,2069,28,868.7763,21.2382,20.4894,98,5,2,LC,LC,LC,LC,,LC,LC,LC,LC,,LC,,,Global & National status,,Endemic,more than 10km from the coast,,PP,LC & PP,2001,0.023,0.953,0.022,NOT,21,2.4,100%,0%,0%,0%,0%,0%,0%,0%,0%
South Africa,Sand Forest,Zonal & Intrazonal Forests,Forests,FOz8,Forest,36,265.19,244.51,265.19,251.21,245.02,244.51,239.26,95,92,92,90,0.239,5,0.1,0.11,4725,32,245.0799,15.012,5.3199,98,8,6,LC,LC,LC,LC,LC,,LC,LC,LC,,LC,,,National status,,Likely not endemic,less than 5% of extent within 10km of coast,esc,WP,LC & WP,1023,0.028,0.171,0.067,NOT,-1,-0.4,0%,0%,0%,100%,0%,0%,0%,0%,0%
South Africa,Sardinia Forest Thicket,Albany Thicket,Albany Thicket,AT48,Thicket Forest Mosaics,19,25.25,16.04,25.25,16.44,16.16,16.04,15.72,65,64,64,62,0.0145,4,0.1,0.07,38,3,11.8224,2.1069,11.3301,55,53,15,LC,LC,LC,LC,,LC,LC,LC,VU,A3CITY,LC,, ,Global & National status,"LC - VU (A3alt) error in NBA, 45% loss (not >50%)",Endemic,Semi-Coastal Types,,NP,LC & NP,1106,0.436,0.969,0.142,NOT,4,24.9,100%,0%,0%,0%,0%,0%,0%,0%,0%
South Africa,Scarp Forest,Zonal & Intrazonal Forests,Forests,FOz5,Forest,22,825.79,753.27,1029.63,954.28,948.08,946.94,941.18,93,92,92,91,0.2619,1,0,0.03,178621,186,957.9978,16.011,55.2285,95,7,2,LC,LC,LC,LC,LC,LC,LC,LC,LC,,LC,,,National status,,Likely not endemic,5-20% of extent within 10km of coast,esc,MP,LC & MP,2001,0.116,0.587,0.102,NOT,-11,-1.2,45%,0%,0%,46%,0%,8%,0%,0%,0%
South Africa,Schmidtsdrif Thornveld,Eastern Kalahari Bushveld Bioregion,Savanna,SVk6,Western Central Bushveld,16,5038.92,4101.8,5038.92,4225.75,4137.95,4102.01,4004.79,84,82,81,79,4.4192,5,0.1,0.09,14838,97,4101.8031,0,937.2087,81,19,0,LC,LC,LC,LC,,,LC,LC,LC,,LC,,,Global & National status,,Endemic,more than 10km from the coast,,PP,LC & PP,928,0.073,1,0.04,NOT,0,0,0%,22%,0%,0%,0%,0%,9%,69%,0%
South Africa,Schweizer-Reneke Bushveld,Eastern Kalahari Bushveld Bioregion,Savanna,SVk3,Western Central Bushveld,16,2027.52,988.34,2027.52,1048.8,1004.36,988.82,941.69,52,50,49,46,2.1421,10,0.2,0.18,3014,36,988.3377,0,1039.1949,49,51,0,LC,VU,LC,LC,,,LC,LC,VU,A3,VU,A3,Historical decline in extent (national data),Global & National status,,Endemic,more than 10km from the coast,,PP,VU & PP,462,0.64,1,0.17,NOT,0,0,0%,0%,0%,0%,0%,0%,100%,0%,0%
South Africa,Sekhukhune Montane Grassland,Mesic Highveld Grassland Bioregion,Grassland,Gm19,Mesic Highveld Grassland,24,1380.81,858.1,1380.85,891.73,870.43,858.1,831.67,65,63,62,60,1.2011,7,0.1,0.1,2578,32,1003.8033,0,377.0037,73,27,0,LC,LC,LC,LC,LC,,LC,LC,LC,,LC,,,Global & National status,,Endemic,more than 10km from the coast,,NP,LC & NP,714,0.457,0.999,0.14,NOT,-146,-17,0%,0%,0%,0%,40%,60%,0%,0%,0%
South Africa,Sekhukhune Mountain Bushveld,Central Bushveld Bioregion,Savanna,SVcb28,Central Bushveld,24,2316.1,1809,2316.16,1954.44,1835.15,1809.04,1694.8,84,79,78,73,5.1928,13,0.3,0.25,6039,52,1809.6723,0,506.4237,78,22,0,LC,LC,LC,LC,,,LC,LC,LC,,LC,,,Global & National status,,Endemic,more than 10km from the coast,,PP,LC & PP,348,0.28,0.998,0.069,NOT,-1,-0.1,0%,0%,0%,0%,98%,2%,0%,0%,0%
South Africa,Sekhukhune Plains Bushveld,Central Bushveld Bioregion,Savanna,SVcb27,Central Bushveld,19,2522.8,1172.47,2522.84,1537.01,1214.5,1173.08,887.14,61,48,46,35,12.9973,42,0.8,0.87,4639,51,1172.4678,0,1350.3339,46,54,0,VU,VU,EN,LC,,,LC,LC,EN,Restricted distribution & rate of loss,EN,B1(i),Restricted distribution & rate of loss,Global & National status,,Endemic,more than 10km from the coast,,PP,EN & PP,90,0.758,1,0.224,NOT,1,0.1,0%,0%,0%,0%,100%,0%,0%,0%,0%
South Africa,Senqu Montane Shrubland,Mesic Highveld Grassland Bioregion,Grassland,Gm2,Mesic Highveld Grassland,28,720.24,606.17,3737.09,2812.58,2802.68,2797.85,2786.28,75,75,75,75,0.5261,1,0,0.01,13741,104,2797.9218,0,939.0429,75,25,0,LC,LC,LC,LC,,LC,LC,LC,LC,,LC,,,Global & National status,,"Likely endemic to ZA, Ls, Sz",more than 10km from the coast,,NP,LC & NP,2001,0.427,1,0.375,NOT,0,0,99%,1%,0%,0%,0%,0%,0%,0%,0%
South Africa,South Eastern Coastal Thornveld,Sub-Escarpment Savanna Bioregion,Savanna,SVs8,Sub-Escarpment Savanna,19,1589.89,919.79,1589.89,1010.8,951.46,919.79,848.28,64,60,58,53,3.2502,16,0.3,0.23,11275,58,908.703,7.5654,673.6536,58,43,1,LC,LC,LC,LC,,LC,LC,LC,LC,,LC,,,Global & National status,,Endemic,Semi-Coastal Types,,PP,LC & PP,283,0.628,0.976,0.192,NOT,11,1.2,100%,0%,0%,0%,0%,0%,0%,0%,0%
South Africa,South Hex Sandstone Fynbos,Northwest Fynbos Bioregion,Fynbos,FFs8,Sandstone Fynbos,29,319.74,315.92,319.74,317.08,316.6,316.04,315.22,99,99,99,99,0.0373,1,0,0.01,779,14,313.4304,1.3968,4.9419,98,2,0,LC,LC,LC,LC,LC,LC,LC,LC,LC,,LC,,,Global & National status,,Endemic,more than 10km from the coast,,WP,LC & WP,2001,0.012,0.9,0.009,NOT,3,0.9,0%,0%,0%,0%,0%,0%,0%,0%,100%
South Africa,South Kammanassie Sandstone Fynbos,Western Fynbos-Renosterveld Bioregion,Fynbos,FFs26,Sandstone Fynbos,27,304.18,287.46,304.18,290.17,288.6,287.46,285.32,95,95,95,94,0.0969,2,0,0.02,584,12,279.8802,0.0063,24.3261,92,8,0,LC,LC,LC,LC,LC,LC,LC,LC,LC,,LC,,,Global & National status,,Endemic,more than 10km from the coast,,WP,LC & WP,2001,0.349,0.979,0.037,NOT,8,2.8,0%,0%,0%,0%,0%,0%,0%,0%,100%
South Africa,South Langeberg Sandstone Fynbos,Southern Fynbos Bioregion,Fynbos,FFs16,Sandstone Fynbos,30,1223.72,1183.24,1223.79,1190.31,1186.86,1183.31,1177.81,97,97,97,96,0.25,1,0,0.01,5387,53,1177.3179,3.9591,42.4413,97,4,0,LC,LC,LC,LC,LC,LC,LC,LC,LC,,LC,,,Global & National status,,Endemic,more than 10km from the coast,,WP,LC & WP,2001,0.158,0.93,0.013,NOT,6,0.5,0%,0%,0%,0%,0%,0%,0%,0%,100%
South Africa,South Outeniqua Sandstone Fynbos,Eastern Fynbos-Renosterveld Bioregion,Fynbos,FFs19,Sandstone Fynbos,23,1571.21,1053.88,1571.23,1101.93,1077.48,1054.06,1016.44,70,69,67,65,1.7099,8,0.2,0.09,4156,43,868.7529,317.9016,384.5583,76,45,27,LC,LC,LC,LC,LC,LC,LC,LC,LC,,LC,,,Global & National status,,Endemic,5-20% of extent within 10km of coast,,WP,LC & WP,616,0.366,0.984,0.077,NOT,185,17.6,0%,0%,0%,0%,0%,0%,0%,0%,100%
South Africa,South Rooiberg Sandstone Fynbos,Western Fynbos-Renosterveld Bioregion,Fynbos,FFs22,Sandstone Fynbos,27,388.32,385.49,388.32,385.85,385.84,385.49,385.2,99,99,99,99,0.013,0,0,0,1169,16,382.7115,0.0342,5.5764,99,1,0,LC,LC,LC,LC,LC,LC,LC,LC,LC,,LC,,,Global & National status,,Endemic,more than 10km from the coast,,WP,LC & WP,2001,0.006,0.551,0.003,NOT,3,0.8,0%,0%,0%,0%,0%,0%,0%,0%,100%
South Africa,South Sonderend Sandstone Fynbos,Southwest Fynbos Bioregion,Fynbos,FFs14,Sandstone Fynbos,30,358.92,333.76,358.92,338.75,335.5,333.76,329.85,94,93,93,92,0.178,3,0.1,0.04,1129,15,310.7151,20.1681,28.0386,92,13,6,LC,LC,LC,LC,LC,LC,CR,EN,CR,B1thrsp_inv,CR,B1(iii),Restricted distribution & threatening processes,Global & National status,,Endemic,more than 10km from the coast,,WP,CR & WP,1875,0.103,0.971,0.029,NOT,23,6.9,0%,0%,0%,0%,0%,0%,0%,0%,100%
South Africa,South Swartberg Sandstone Fynbos,Western Fynbos-Renosterveld Bioregion,Fynbos,FFs24,Sandstone Fynbos,27,1084.77,1082.94,1084.77,1083.53,1083.35,1082.94,1082.48,100,100,100,100,0.0211,0,0,0,4344,49,1076.0985,1.8459,6.8967,99,1,0,LC,LC,LC,LC,LC,LC,LC,LC,LC,,LC,,,Global & National status,,Endemic,more than 10km from the coast,,WP,LC & WP,2001,0.005,0.296,0.002,NOT,7,0.6,3%,0%,0%,0%,0%,0%,0%,0%,97%
South Africa,Southern Afrotemperate Forest,Zonal & Intrazonal Forests,Forests,FOz1,Coastal Forest,22,775.22,619.88,775.32,626.13,622.1,619.88,614.97,81,80,80,79,0.2232,2,0,0.03,125193,57,600.5898,59.1525,115.4763,85,23,9,LC,LC,LC,LC,LC,LC,LC,LC,LC,,LC,,,Global & National status,,Endemic,Semi-Coastal Types,esc,WP,LC & WP,2001,0.187,0.776,0.077,NOT,19,3.1,18%,0%,0%,0%,0%,0%,0%,0%,81%
South Africa,Southern Cape Dune Fynbos,South Strandveld Bioregion,Fynbos,FFd11,Dune Strandveld,36,81.28,64.86,81.32,69.67,66.78,64.96,61.25,86,82,80,75,0.1684,12,0.2,0.17,1306,5,64.1772,0.594,16.5114,80,21,1,LC,LC,LC,LC,LC,LC,LC,LC,LC,,LC,,,Global & National status,,Endemic,Coastal Types,,PP,LC & PP,386,0.197,0.707,0.04,NOT,1,1.5,95%,0%,0%,0%,0%,0%,0%,0%,5%
South Africa,Southern Coastal Forest,Zonal & Intrazonal Forests,Forests,FOz6,Coastal Forest,21,185.16,151.06,185.25,153.66,151.79,151.23,149.32,83,82,82,81,0.0868,3,0.1,0.06,51504,16,150.7266,0.0639,34.3692,81,19,0,LC,LC,LC,LC,LC,LC,LC,LC,LC,,LC,,,Global & National status,,Endemic,Coastal Types,esc,WP,LC & WP,1743,0.583,0.618,0.099,NOT,1,0.7,95%,0%,0%,0%,0%,0%,0%,0%,5%
South Africa,Southern Drakensberg Highland Grassland,Drakensberg Grassland Bioregion,Grassland,Gd4,High Altitude Grassland,27,6646.16,6013.94,6646.97,6155.74,6054.95,6014.89,5904.22,93,91,90,89,5.0304,4,0.1,0.07,27706,175,5996.0142,22.7943,628.398,91,10,0,LC,LC,LC,LC,LC,LC,LC,LC,LC,,LC,,,Global & National status,,Endemic,more than 10km from the coast,,PP,LC & PP,1196,0.238,0.992,0.057,NOT,19,0.3,86%,0%,0%,14%,0%,0%,0%,0%,0%
South Africa,Southern Kalahari Mekgacha,Inland Saline Vegetation,Azonal Vegetation,AZi3,Inland Saline Vegetation,24,2156.45,2131.87,2157.81,2138.17,2136.85,2133.2,2129.29,99,99,99,99,0.1776,0,0,0,121633,169,2131.866,0,24.588,99,1,0,LC,LC,LC,LC,,,LC,LC,LC,,LC,,,National status,,Likely not endemic,more than 10km from the coast,,MP,LC & MP,2001,0.047,0.838,0.006,NOT,1,0,0%,0%,0%,0%,0%,0%,10%,90%,0%
South Africa,Southern Karoo Riviere,Inland Saline Vegetation,Azonal Vegetation,AZi6,Inland Saline Vegetation,24,5302.79,4571.95,5302.79,4679.1,4605.09,4571.95,4487.77,88,87,86,85,3.8266,4,0.1,0.07,78106,334,3989.4354,549.6318,764.0505,86,25,12,LC,LC,LC,LC,LC,LC,LC,LC,LC,,LC,,,Global & National status,,Endemic,more than 10km from the coast,,PP,LC & PP,1195,0.491,0.988,0.058,NOT,583,12.8,60%,0%,0%,0%,0%,0%,0%,3%,38%
South Africa,Southern KwaZulu-Natal Moist Grassland,Sub-Escarpment Grassland Bioregion,Grassland,Gs11,Sub-Escarpment Grassland,23,2342.1,1030.33,2342.1,1213.6,1074.21,1030.33,886.33,52,46,44,38,6.5454,27,0.5,0.48,5745,48,1430.9577,78.7878,832.4865,64,39,5,LC,VU,EN,VU,LC,,LC,LC,EN,Restricted distribution & rate of loss,EN,B1(i),Restricted distribution & rate of loss,Global & National status,,Endemic,more than 10km from the coast,,PP,EN & PP,157,0.841,0.995,0.233,NOT,-401,-38.9,0%,0%,0%,100%,0%,0%,0%,0%,0%
South Africa,Southern Lebombo Bushveld,Lowveld Bioregion,Savanna,SVl16,Arid Lowveld,24,1302.11,1049.29,2583.97,2319.99,2266.97,2256.14,2205.98,90,88,87,85,2.2803,5,0.1,0.1,5644,58,2357.3835,21.2148,204.2496,92,9,1,LC,LC,LC,LC,LC,,LC,LC,LC,,LC,,,National status,,Likely not endemic,more than 10km from the coast,,PP,LC & PP,989,0.335,0.998,0.116,NOT,-101,-4.5,0%,0%,0%,89%,0%,11%,0%,0%,0%
South Africa,Southern Mistbelt Forest,Zonal & Intrazonal Forests,Forests,FOz3,Forest,20,1061.95,884.39,1062.14,893.42,886.22,885.2,878.74,84,83,83,83,0.2936,2,0,0.03,151878,184,922.167,7.9956,131.7843,88,13,1,LC,LC,LC,LC,LC,LC,LC,LC,LC,,LC,,,Global & National status,,Endemic,more than 10km from the coast,esc,MP,LC & MP,2001,0.086,0.56,0.081,NOT,-37,-4.2,58%,0%,0%,42%,0%,0%,0%,0%,0%
South Africa,Southern Nababiepsberge Mountain Desert,Gariep Desert Bioregion,Desert,Dg8,Mountain Desert,34,343.2,343.13,343.21,343.19,343.19,343.14,343.1,100,100,100,100,0.0019,0,0,0,499,11,343.134,0,0.0684,100,0,0,LC,LC,LC,LC,,,LC,LC,LC,,LC,,,National status,,Likely not endemic,more than 10km from the coast,,NP,LC & NP,2001,0.02,0.51,0,NOT,0,0,0%,0%,0%,0%,0%,0%,0%,100%,0%
South Africa,Southern Namaqualand Quartzite Klipkoppe Shrubland,Namaqualand Hardeveld Bioregion,Succulent Karoo,SKn7,Namaqualand Klipkop,28,996.96,909.58,996.96,919.92,911.84,909.58,901.45,92,91,91,90,0.3695,2,0,0.04,3906,44,884.3823,0.1503,112.8195,89,11,0,LC,LC,LC,LC,LC,LC,LC,LC,LC,,LC,,,Global & National status,,Endemic,more than 10km from the coast,,PP,LC & PP,2001,0.611,0.795,0.044,NOT,25,2.7,0%,0%,0%,0%,0%,0%,0%,0%,100%
South Africa,Southern Richtersveld Inselberg Shrubland,Richtersveld Bioregion,Succulent Karoo,SKr14,Namaqualand Klipkop,28,365.56,365.36,365.56,365.43,365.4,365.36,365.3,100,100,100,100,0.0025,0,0,0,1250,14,365.3784,0,0.2124,100,0,0,LC,LC,LC,LC,,,LC,LC,LC,,LC,,,Global & National status,,Endemic,less than 5% of extent within 10km of coast,,NP,LC & NP,2001,0.022,0.185,0.001,NOT,0,0,0%,0%,0%,0%,0%,0%,0%,100%,0%
South Africa,Southern Richtersveld Scorpionstailveld,Richtersveld Bioregion,Succulent Karoo,SKr13,Lowland Vygieveld,28,722.64,722.31,722.64,722.41,722.4,722.31,722.23,100,100,100,100,0.0035,0,0,0,1628,24,722.3094,0,0.3339,100,0,0,LC,LC,LC,LC,,,LC,LC,LC,,LC,,,Global & National status,,Endemic,more than 10km from the coast,,NP,LC & NP,2001,0.021,0.511,0.001,NOT,0,0,0%,0%,0%,0%,0%,0%,0%,100%,0%
South Africa,Southern Richtersveld Yellow Duneveld,Namaqualand Sandveld Bioregion,Succulent Karoo,SKs3,Strandveld,26,331.37,303.86,331.37,309.13,308.02,303.86,299.71,93,93,92,90,0.1884,3,0.1,0.02,676,12,304.1172,0,27.2808,92,8,0,LC,LC,LC,LC,,,LC,LC,LC,,LC,,,Global & National status,,Endemic,Coastal Types,,MP,LC & MP,1613,0.097,0.984,0.035,NOT,0,0,0%,0%,0%,0%,0%,0%,0%,100%,0%
South Africa,Soutpansberg Mountain Bushveld,Central Bushveld Bioregion,Savanna,SVcb21,Central Bushveld,24,4147.94,3075.71,4148,3262.49,3099.99,3076.34,2930.07,79,75,74,71,6.6483,10,0.2,0.21,8525,79,3075.7095,0,1072.2321,74,26,0,LC,LC,LC,LC,,,LC,LC,LC,,LC,,,Global & National status,,Endemic,more than 10km from the coast,,PP,LC & PP,463,0.31,0.998,0.075,NOT,1,0,0%,0%,0%,0%,100%,0%,0%,0%,0%
South Africa,Soutpansberg Summit Sourveld,Mesic Highveld Grassland Bioregion,Grassland,Gm28,High Altitude Grassland,24,93.88,91.64,93.88,91.98,91.88,91.64,91.37,98,98,98,97,0.0123,1,0,0.01,796,10,91.6803,0,2.2428,98,2,0,LC,LC,LC,LC,,,LC,LC,LC,,LC,,,Global & National status,,Endemic,more than 10km from the coast,,WP,LC & WP,2001,0.002,0.499,0.014,NOT,0,0,0%,0%,0%,0%,100%,0%,0%,0%,0%
South Africa,Soweto Highveld Grassland,Mesic Highveld Grassland Bioregion,Grassland,Gm8,Mesic Highveld Grassland,24,14573.55,5693.59,14573.72,6467.69,5935.01,5693.68,5085.53,44,41,39,35,27.6431,21,0.4,0.34,26782,215,6739.0632,0,7834.4829,46,54,0,LC,VU,VU,LC,VU,,LC,LC,VU,"A3,A3CITY,A3MPL",VU,"A3, B1(i)","Historical decline in extent (national data), Restricted distribution & rate of loss",Global & National status,,Endemic,more than 10km from the coast,,NP,VU & NP,206,0.726,1,0.275,NOT,-1045,-18.4,0%,3%,29%,0%,0%,67%,0%,0%,0%
South Africa,Springbokvlakte Thornveld,Central Bushveld Bioregion,Savanna,SVcb15,Central Bushveld,19,8928.39,3996.29,8928.42,4426.94,4068.86,3996.3,3657.94,50,46,45,41,15.38,17,0.3,0.34,14128,136,4223.3823,0,4705.0047,47,53,0,LC,VU,LC,LC,VU,,LC,LC,VU,"A3,A3CITY,A3MPL",VU,A3,Historical decline in extent (national data),Global & National status,,Endemic,more than 10km from the coast,,PP,VU & PP,260,0.854,1,0.135,NOT,-227,-5.7,0%,0%,3%,0%,70%,9%,18%,0%,0%
South Africa,St Francis Dune Thicket,Albany Thicket,Albany Thicket,AT57,Dune Thicket mosaics,19,264.39,223.28,264.39,235.32,226.67,223.28,213.82,89,86,84,81,0.4299,9,0.2,0.15,3681,20,154.6506,54.1584,55.6191,79,42,26,LC,LC,LC,LC,,LC,LC,LC,LC,,LC,,,Global & National status,,Endemic,Coastal Types,,PP,LC & PP,519,0.142,0.916,0.047,NOT,69,30.9,100%,0%,0%,0%,0%,0%,0%,0%,0%
South Africa,Steenkampsberg Montane Grassland,Mesic Highveld Grassland Bioregion,Grassland,Gm30,High Altitude Grassland,24,3858.59,2645.08,3858.59,2920.89,2753.08,2645.28,2428.73,76,71,69,63,9.8432,17,0.3,0.24,5644,62,3024.7902,0,833.8617,78,22,0,LC,LC,LC,LC,LC,,LC,LC,LC,,LC,,,Global & National status,,Endemic,more than 10km from the coast,,PP,LC & PP,269,0.359,0.999,0.126,NOT,-380,-14.4,0%,0%,0%,0%,0%,100%,0%,0%,0%
South Africa,Stella Bushveld,Eastern Kalahari Bushveld Bioregion,Savanna,SVk2,Western Central Bushveld,16,3221.17,1895.05,3221.17,2022.28,1920.49,1895.12,1795.22,63,60,59,56,4.5412,11,0.2,0.21,4509,51,1895.0454,0,1326.1473,59,41,0,LC,LC,LC,LC,,,LC,LC,LC,,LC,,,Global & National status,,Endemic,more than 10km from the coast,,NP,LC & NP,417,0.495,1,0.104,NOT,0,0,0%,0%,0%,0%,0%,0%,100%,0%,0%
South Africa,Steytlerville Karoo,Rainshadow Valley Karoo Bioregion,Succulent Karoo,SKv14,Little Karoo,16,793.3,772.5,793.3,776.17,773.95,772.52,769.65,98,98,97,97,0.1304,1,0,0.01,3447,39,769.4694,3.0348,20.8449,97,3,0,LC,LC,LC,LC,,LC,LC,LC,LC,,LC,,,Global & National status,,Endemic,more than 10km from the coast,,NP,LC & NP,2001,0.034,0.768,0.024,NOT,3,0.4,100%,0%,0%,0%,0%,0%,0%,0%,0%
South Africa,Stinkfonteinberge Eastern Apron Shrubland,Richtersveld Bioregion,Succulent Karoo,SKr6,Upland Vygieveld,28,65.88,65.87,65.88,65.88,65.88,65.87,65.87,100,100,100,100,0.0002,0,0,0,162,5,65.8764,0,0.0099,100,0,0,LC,LC,LC,LC,,,LC,LC,LC,,LC,,,Global & National status,,Endemic,more than 10km from the coast,,WP,LC & WP,2001,0.022,0.022,0,NOT,0,0,0%,0%,0%,0%,0%,0%,0%,100%,0%
South Africa,Stinkfonteinberge Quartzite Fynbos,Namaqualand Cape Shrublands Bioregion,Fynbos,FFq1,Quartzite Fynbos,28,49,49,49.01,49.01,49.01,49.01,49.01,100,100,100,100,0,0,0,0,251,6,49.0041,0,0,100,0,0,LC,LC,LC,LC,,,LC,LC,LC,,LC,,,Global & National status,,Endemic,more than 10km from the coast,,WP,LC & WP,2001,0.021,0.021,0,NOT,0,0,0%,0%,0%,0%,0%,0%,0%,100%,0%
South Africa,Stormberg Plateau Grassland,Drakensberg Grassland Bioregion,Grassland,Gd3,High Altitude Grassland,27,2966.24,2408.46,2966.32,2472.16,2422.92,2408.59,2358.65,83,82,81,80,2.2701,5,0.1,0.08,5020,54,2408.4603,0,557.7795,81,19,0,LC,LC,LC,LC,,LC,LC,LC,LC,,LC,,,Global & National status,,Endemic,more than 10km from the coast,,NP,LC & NP,1061,0.14,0.997,0.113,NOT,0,0,100%,0%,0%,0%,0%,0%,0%,0%,0%
South Africa,Strydpoort Summit Sourveld,Mesic Highveld Grassland Bioregion,Grassland,Gm27,High Altitude Grassland,24,268.04,261.77,268.04,262.42,262.11,261.77,261.26,98,98,98,97,0.0233,0,0,0.01,1977,20,261.7857,0,6.2685,98,2,0,LC,LC,LC,LC,,,LC,LC,LC,,LC,,,Global & National status,,Endemic,more than 10km from the coast,,WP,LC & WP,2001,0.062,0.681,0.013,NOT,0,0,0%,0%,0%,0%,100%,0%,0%,0%,0%
South Africa,Subtropical Alluvial Vegetation,Alluvial Vegetation,Azonal Vegetation,AZa7,Alluvial Vegetation,31,1259.37,861.07,1259.43,941.38,877.21,861.07,797.97,75,70,68,63,2.8682,15,0.3,0.31,318962,88,888.9534,19.6551,350.7588,72,29,2,LC,LC,LC,LC,LC,,LC,LC,LC,,LC,,,National status,,Likely not endemic,5-20% of extent within 10km of coast,,WP,LC & WP,300,0.022,0.866,0.089,NOT,-28,-3.3,0%,0%,0%,52%,48%,0%,0%,0%,0%
South Africa,Subtropical Dune Thicket,Eastern Strandveld,Azonal Vegetation,AZs3,Eastern Strandveld,20,12.97,11.98,12.98,12.07,12.01,11.98,11.91,93,93,92,92,0.0033,1,0,0.02,18433,4,10.3347,2.3256,0.3069,98,20,18,LC,LC,LC,LC,LC,,LC,LC,LC,,LC,,,Global & National status,,Endemic,Coastal Types,,WP,LC & WP,2001,0.011,0.747,0.038,NOT,2,16.7,3%,0%,0%,97%,0%,0%,0%,0%,0%
South Africa,Subtropical Seashore Vegetation,Seashore Vegetation,Azonal Vegetation,AZd4,Seashore Vegetation,20,27.98,26.17,27.98,26.61,26.49,26.17,25.82,95,95,94,92,0.0159,3,0.1,0.02,35337,5,27.4068,0.5517,0.2565,99,3,2,LC,LC,LC,LC,LC,,LC,LC,LC,,LC,,,National status,,Likely not endemic,Coastal Types,,WP,LC & WP,1645,0.695,0.907,0.077,NOT,-1,-3.8,12%,0%,0%,88%,0%,0%,0%,0%,0%
South Africa,Sundays Arid Thicket,Albany Thicket,Albany Thicket,AT49,Arid Thicket,19,5646.98,5543.38,5647.18,5561.76,5550.73,5544.77,5531.41,98,98,98,98,0.6069,1,0,0.01,17335,142,1557.306,3986.0784,103.5954,98,72,72,LC,LC,LC,LC,,VU,LC,LC,VU,D3STEP,VU,D3,Historical disruption of biotic processes,Global & National status,,Endemic,more than 10km from the coast,,MP,VU & MP,2001,0.019,0.91,0.011,NOT,3987,71.9,100%,0%,0%,0%,0%,0%,0%,0%,0%
South Africa,Sundays Mesic Thicket,Albany Thicket,Albany Thicket,AT50,Mesic Thicket,19,580.2,518.55,580.2,528.55,521.09,518.71,510.97,91,90,89,88,0.3517,3,0.1,0.06,5637,29,487.5849,27.738,64.9431,89,16,5,LC,LC,LC,LC,,LC,LC,LC,LC,,LC,,,Global & National status,,Endemic,5-20% of extent within 10km of coast,,WP,LC & WP,1475,0.058,0.938,0.045,NOT,31,6,100%,0%,0%,0%,0%,0%,0%,0%,0%
South Africa,Sundays Valley Thicket,Albany Thicket,Albany Thicket,AT51,Valley Thicket,19,1963.41,1706.75,1963.48,1790.08,1729.04,1707.25,1642.17,91,88,87,84,2.9582,8,0.2,0.14,7116,62,1266.9669,387.9396,308.5038,84,35,23,LC,LC,LC,LC,,LC,LC,LC,LC,,LC,,,Global & National status,,Endemic,5-20% of extent within 10km of coast,,MP,LC & MP,577,0.112,0.984,0.043,NOT,440,25.8,100%,0%,0%,0%,0%,0%,0%,0%,0%
South Africa,Suurberg Quartzite Fynbos,Eastern Fynbos-Renosterveld Bioregion,Fynbos,FFq6,Quartzite Fynbos,23,683.26,670.11,683.38,673.29,671.87,670.25,667.86,99,98,98,98,0.1087,1,0,0.01,3885,42,667.6623,2.4516,13.1508,98,2,0,LC,LC,LC,LC,,LC,LC,LC,LC,,LC,,,Global & National status,,Endemic,more than 10km from the coast,,MP,LC & MP,2001,0.003,0.476,0.013,NOT,3,0.4,100%,0%,0%,0%,0%,0%,0%,0%,0%
South Africa,Suurberg Shale Fynbos,Eastern Fynbos-Renosterveld Bioregion,Fynbos,FFh10,Shale Fynbos,23,283.25,278.24,283.32,279.05,278.6,278.3,277.71,98,98,98,98,0.0267,0,0,0.01,2906,30,277.7922,0.4491,5.0049,98,2,0,LC,LC,LC,LC,,LC,LC,LC,LC,,LC,,,Global & National status,,Endemic,more than 10km from the coast,,WP,LC & WP,2001,0.002,0.43,0.013,NOT,1,0.4,100%,0%,0%,0%,0%,0%,0%,0%,0%
South Africa,Swamp Forest,Azonal Forests,Forests,FOa2,Coastal Forest,35,100.24,72.97,100.24,77.94,73.64,72.97,69.06,78,73,73,69,0.1776,11,0.2,0.23,18030,23,80.5824,7.3512,12.3768,88,20,8,LC,LC,LC,LC,LC,,LC,LC,LC,,LC,,,National status,,Likely not endemic,Coastal Types,,WP,LC & WP,411,0.411,0.699,0.178,NOT,-8,-11,0%,0%,0%,100%,0%,0%,0%,0%,0%
South Africa,Swartberg Altimontane Sandstone Fynbos,Western Fynbos-Renosterveld Bioregion,Fynbos,FFs31,Sandstone Fynbos,29,50.81,50.76,50.82,50.82,50.82,50.77,50.73,100,100,100,100,0.0017,0,0,0,1098,11,48.4065,2.2527,0.1521,100,5,4,LC,LC,LC,LC,LC,LC,LC,LC,LC,,LC,,,Global & National status,,Endemic,more than 10km from the coast,,WP,LC & WP,2001,0.006,0.105,0,NOT,2,3.9,0%,0%,0%,0%,0%,0%,0%,0%,100%
South Africa,Swartberg Shale Fynbos,Western Fynbos-Renosterveld Bioregion,Fynbos,FFh3,Shale Fynbos,27,75.13,63.9,75.13,65.7,65.13,63.92,62.52,87,87,85,83,0.0637,5,0.1,0.04,924,12,62.1657,0.4581,12.51,83,17,1,LC,LC,LC,LC,LC,LC,LC,LC,LC,,LC,,,Global & National status,,Endemic,more than 10km from the coast,,PP,LC & PP,1004,0.187,0.899,0.092,NOT,2,3.1,0%,0%,0%,0%,0%,0%,0%,0%,100%
South Africa,Swartberg Shale Renosterveld,Western Fynbos-Renosterveld Bioregion,Fynbos,FRs15,Shale Renosterveld,29,276.37,264.87,276.37,266.45,265.59,264.87,263.63,96,96,96,95,0.0564,1,0,0.01,1238,20,261.3033,0.0675,15.012,95,5,0,LC,LC,LC,LC,LC,LC,LC,LC,LC,,LC,,,Global & National status,,Endemic,more than 10km from the coast,,PP,LC & PP,2001,0.056,0.974,0.025,NOT,4,1.5,13%,0%,0%,0%,0%,0%,0%,0%,87%
South Africa,Swartland Alluvium Fynbos,Southwest Fynbos Bioregion,Fynbos,FFa3,Alluvium Renosterveld,30,477.19,143.29,477.26,189.66,164.06,143.29,106.86,40,34,30,22,1.6559,44,0.9,0.56,2303,23,125.8605,7.623,343.7046,28,74,6,VU,EN,EN,VU,EN,VU,EN,VU,EN,"A3WC,B1,B1thrsp_inv,B1thrsp_ovgr",EN,"A3, A3alt, B1(i), B2(i), B1(iii)","Historical decline in extent (national & regional data), Restricted distribution & rate of loss & threatening processes",Global & National status,,Endemic,more than 10km from the coast,,PP,EN & PP,87,0.804,0.999,0.345,FRAG_MHIGH,17,11.9,0%,0%,0%,0%,0%,0%,0%,0%,100%
South Africa,Swartland Alluvium Renosterveld,West Coast Renosterveld Bioregion,Fynbos,FRa2,West Coast Renosterveld,26,63.04,36.78,63.04,40.86,39.28,36.99,33.94,65,62,59,54,0.1385,17,0.3,0.16,719,8,28.1871,0.045,34.8372,45,55,0,LC,LC,LC,LC,VU,LC,LC,LC,VU,A3WC,VU,A3alt,Historical decline in extent (regional data),Global & National status,,Endemic,more than 10km from the coast,,NP,VU & NP,267,0.464,0.994,0.181,NOT,9,24.3,0%,0%,0%,0%,0%,0%,0%,0%,100%
South Africa,Swartland Granite Renosterveld,West Coast Renosterveld Bioregion,Fynbos,FRg2,Granite Renosterveld,26,951.31,160.59,951.31,232.75,194.93,160.61,103.93,24,20,17,11,2.5763,55,1.1,0.68,3524,28,111.5262,4.5999,835.2369,12,88,4,EN,EN,EN,VU,EN,VU,EN,VU,EN,"A3,A3CITY,A3WC,B1,B1thrsp_inv,B1thrsp_ovgr",EN,"A2b, A3, A3alt, B1(i), B1(iii)","Decline in extent 1990-2040, HIstorical decline in extent (national & regional data) , Restricted distribution & rate of loss & threatening processes",Global & National status,,Endemic,5-20% of extent within 10km of coast,,NP,EN & NP,62,0.963,0.998,0.494,FRAG_HIGH,49,30.5,0%,0%,0%,0%,0%,0%,0%,0%,100%
South Africa,Swartland Shale Renosterveld,West Coast Renosterveld Bioregion,Fynbos,FRs9,Shale Renosterveld,26,4963.74,509.29,4963.74,805.91,615.78,509.29,276.23,16,12,10,6,10.5936,66,1.3,0.98,10499,91,332.3457,12.1356,4619.286,7,93,4,EN,CR,EN,LC,CR,EN,EN,LC,CR,A3WC,CR,"A3, A3alt",HIstorical decline in extent (national & regional data),Global & National status,,Endemic,less than 5% of extent within 10km of coast,,NP,CR & NP,48,0.993,0.999,0.574,FRAG_VHIGH,177,34.8,0%,0%,0%,0%,0%,0%,0%,0%,100%
South Africa,Swartland Silcrete Renosterveld,West Coast Renosterveld Bioregion,Fynbos,FRc1,Silcrete Renosterveld,26,101.04,13.28,101.07,20.7,16.08,13.38,7.64,20,16,13,8,0.2612,63,1.3,0.93,6653,2,6.8436,0.3366,93.8637,7,93,5,EN,EN,EN,CR,CR,EN,EN,CR,CR,A3WC,CR,"A3alt, B2(i), B2(iii)","Historical decline in extent (regional data),  Restricted distribution & rate of loss & threatening processes",Global & National status,,Endemic,less than 5% of extent within 10km of coast,,NP,CR & NP,51,0.967,0.966,0.652,FRAG_VHIGH,7,52.3,0%,0%,0%,0%,0%,0%,0%,0%,100%
South Africa,Swartruggens Quartzite Fynbos,Northwest Fynbos Bioregion,Fynbos,FFq2,Quartzite Fynbos,29,1646.14,1618.55,1646.14,1624.1,1621.31,1618.55,1614.19,99,98,98,98,0.1982,1,0,0.01,3406,39,1616.6223,0.1098,29.4948,98,2,0,LC,LC,LC,LC,LC,LC,LC,LC,LC,,LC,,,Global & National status,,Endemic,more than 10km from the coast,,MP,LC & MP,2001,0.019,0.876,0.007,NOT,2,0.1,0%,0%,0%,0%,0%,0%,0%,1%,99%
South Africa,Swartruggens Quartzite Karoo,Rainshadow Valley Karoo Bioregion,Succulent Karoo,SKv2,Quartzite Shrubland,19,559.39,557.23,559.39,558.96,557.4,557.26,555.92,100,100,100,99,0.0609,1,0,0.01,1743,23,556.1091,0.1872,3.0897,99,1,0,LC,LC,LC,LC,LC,LC,LC,LC,LC,,LC,,,Global & National status,,Endemic,more than 10km from the coast,,MP,LC & MP,2001,0.015,0.692,0.002,NOT,1,0.2,0%,0%,0%,0%,0%,0%,0%,49%,51%
South Africa,Swaziland Sour Bushveld,Lowveld Bioregion,Savanna,SVl14,Moist Sour Lowveld,19,1381.19,1039.58,4460.34,3501.94,3440.31,3426.72,3367.61,79,77,77,76,2.6866,4,0.1,0.07,17702,117,3541.6683,20.0196,898.7058,80,21,1,LC,LC,LC,LC,LC,,LC,LC,LC,,LC,,,Global & National status,,"Likely endemic to ZA, Ls, Sz",more than 10km from the coast,,PP,LC & PP,1276,0.613,0.999,0.217,NOT,-115,-3.4,0%,0%,0%,37%,0%,63%,0%,0%,0%
South Africa,Swellendam Silcrete Fynbos,Southern Fynbos Bioregion,Fynbos,FFc1,Silcrete Fynbos,30,868.46,393.4,868.55,472.14,417.6,393.4,331.53,54,48,45,38,2.8122,30,0.6,0.48,3606,34,380.7648,72.5319,415.1628,52,56,16,VU,VU,EN,VU,LC,LC,LC,LC,EN,Restricted distribution & rate of loss,EN,B1(i),Restricted distribution & rate of loss,Global & National status,,Endemic,more than 10km from the coast,,PP,EN & PP,140,0.672,0.991,0.313,NOT,13,3.3,0%,0%,0%,0%,0%,0%,0%,0%,100%
South Africa,Tanqua Escarpment Shrubland,Rainshadow Valley Karoo Bioregion,Succulent Karoo,SKv4,Mountain Shrubland,19,1318.31,1314.51,1318.33,1314.91,1314.81,1314.58,1314.31,100,100,100,100,0.0118,0,0,0,5560,45,1313.9289,0.0027,4.3767,100,0,0,LC,LC,LC,LC,LC,,LC,LC,LC,,LC,,,Global & National status,,Endemic,more than 10km from the coast,,MP,LC & MP,2001,0.012,0.89,0.002,NOT,1,0.1,0%,0%,0%,0%,0%,0%,0%,93%,7%
South Africa,Tanqua Karoo,Rainshadow Valley Karoo Bioregion,Succulent Karoo,SKv5,Shale Shrubland,19,6988.28,6935.52,6988.28,6945.26,6941.75,6935.52,6927.86,99,99,99,99,0.348,0,0,0,13625,125,6876.7938,19.4283,92.1393,99,2,0,LC,LC,LC,LC,LC,LC,LC,LC,LC,,LC,,,Global & National status,,Endemic,more than 10km from the coast,,MP,LC & MP,2001,0.02,0.875,0.005,NOT,59,0.9,0%,0%,0%,0%,0%,0%,0%,52%,48%
South Africa,Tanqua Wash Riviere,Inland Saline Vegetation,Azonal Vegetation,AZi7,Inland Saline Vegetation,19,2130.03,1989.38,2130.07,2001.29,1995.21,1989.47,1980.18,94,94,93,93,0.4222,1,0,0.01,12001,87,1902.7719,83.79,143.469,93,11,4,LC,LC,LC,LC,LC,LC,LC,LC,LC,,LC,,,Global & National status,,Endemic,more than 10km from the coast,,MP,LC & MP,2001,0.567,0.996,0.027,NOT,87,4.4,0%,0%,0%,0%,0%,0%,0%,46%,54%
South Africa,Tarkastad Montane Shrubland,Sub-Escarpment Grassland Bioregion,Grassland,Gs17,Sub-Escarpment Grassland,28,4242.27,4173.87,4242.27,4185.84,4178.63,4174.24,4165.12,99,98,98,98,0.4144,0,0,0.01,27173,200,4173.4458,0.4212,68.4171,98,2,0,LC,LC,LC,LC,,LC,LC,LC,LC,,LC,,,Global & National status,,Endemic,more than 10km from the coast,,PP,LC & PP,2001,0.029,0.659,0.012,NOT,1,0,97%,0%,0%,0%,0%,0%,0%,3%,0%
South Africa,Tatasberg Mountain Succulent Shrubland,Richtersveld Bioregion,Succulent Karoo,SKr9,Namaqualand Klipkop,34,3.27,3.27,3.27,3.27,3.27,3.27,3.27,100,100,100,100,0,0,0,0,4,1,3.2661,0,0,100,0,0,LC,LC,LC,LC,,,LC,LC,LC,,LC,,,National status,,Unsure - needs research,more than 10km from the coast,,WP,LC & WP,2001,0.015,0.015,0,NOT,0,0,0%,0%,0%,0%,0%,0%,0%,100%,0%
South Africa,Tembe Sandy Bushveld,Lowveld Bioregion,Savanna,SVl18,Arid Lowveld,19,1124.23,872.99,1124.37,932.57,885.48,872.99,826.17,83,79,78,73,2.1281,11,0.2,0.21,2673,34,928.6785,83.1879,112.3596,90,17,8,LC,LC,LC,LC,LC,,LC,LC,LC,,LC,,,National status,,Likely not endemic,more than 10km from the coast,,MP,LC & MP,410,0.253,0.997,0.126,NOT,-56,-6.4,0%,0%,0%,100%,0%,0%,0%,0%,0%
South Africa,Thorndale Forest Thicket,Albany Thicket,Albany Thicket,AT52,Thicket Forest Mosaics,19,43.6,30.38,43.61,31.83,30.66,30.38,29.25,73,70,70,67,0.0517,8,0.2,0.15,57,3,30.3768,0,13.2219,70,30,0,LC,LC,LC,LC,,LC,LC,LC,LC,,LC,,,Global & National status,,Endemic,more than 10km from the coast,,PP,LC & PP,588,0.621,0.99,0.188,NOT,0,0,100%,0%,0%,0%,0%,0%,0%,0%,0%
South Africa,Thukela Thornveld,Sub-Escarpment Savanna Bioregion,Savanna,SVs2,Sub-Escarpment Savanna,25,2215.59,1613.97,2215.72,1707.35,1653.96,1614.1,1540.83,77,75,73,70,3.3305,10,0.2,0.13,8183,73,1825.6041,97.5555,292.428,87,18,5,LC,LC,LC,LC,LC,,LC,LC,LC,,LC,,,Global & National status,,Endemic,more than 10km from the coast,,PP,LC & PP,485,0.626,0.997,0.151,NOT,-212,-13.1,0%,0%,0%,100%,0%,0%,0%,0%,0%
South Africa,Thukela Valley Bushveld,Sub-Escarpment Savanna Bioregion,Savanna,SVs1,Arid Lowveld,25,2706.58,1941.5,2706.62,2059.73,1999.97,1941.53,1848.67,76,74,72,68,4.2214,10,0.2,0.12,5104,56,2077.3521,197.0109,432.2205,84,23,9,LC,LC,LC,LC,LC,,LC,LC,LC,,LC,,,Global & National status,,Endemic,more than 10km from the coast,,NP,LC & NP,460,0.286,1,0.149,NOT,-136,-7,0%,0%,0%,100%,0%,0%,0%,0%,0%
South Africa,Transkei Coastal Belt,Indian Ocean Coastal Belt,Indian Ocean Coastal Belt,CB5,Coastal Grassland,25,1652.03,908.12,1652.03,1017.21,929.94,908.12,822.41,62,56,55,50,3.8961,19,0.4,0.36,3832,40,908.5833,0,743.6124,55,45,0,LC,LC,EN,VU,,LC,LC,LC,LC,,EN,B1(i),Restricted distribution & rate of loss,Global & National status,LC - EN (B1) RoL for B1,Endemic,Coastal Types,,PP,EN & PP,233,0.67,0.962,0.265,NOT,0,0,100%,0%,0%,0%,0%,0%,0%,0%,0%
South Africa,Tsakane Clay Grassland,Mesic Highveld Grassland Bioregion,Grassland,Gm9,Mesic Highveld Grassland,24,1313.27,451.76,1313.28,552.23,482.58,451.76,372.82,42,37,34,28,3.5881,32,0.6,0.53,5380,39,474.6357,0,838.6308,36,64,0,VU,VU,EN,VU,VU,,LC,LC,EN,Restricted distribution & rate of loss,EN,B1(i),Restricted distribution & rate of loss,Global & National status,,Endemic,more than 10km from the coast,,PP,EN & PP,126,0.954,1,0.321,FRAG_MHIGH,-23,-5.1,0%,0%,84%,0%,0%,16%,0%,0%,0%
South Africa,Tsende Mopaneveld,Mopane Bioregion,Savanna,SVmp5,Mopane Bushveld,19,5314.84,4729.22,5315.2,4827.59,4739,4729.43,4652.31,91,89,89,88,3.5057,4,0.1,0.08,12536,104,4729.2156,0,585.621,89,11,0,LC,LC,LC,LC,,,LC,LC,LC,,LC,,,National status,,Likely not endemic,more than 10km from the coast,,WP,LC & WP,1349,0.038,0.998,0.038,NOT,0,0,0%,0%,0%,0%,100%,0%,0%,0%,0%
South Africa,Tshokwane-Hlane Basalt Lowveld,Lowveld Bioregion,Savanna,SVl5,Arid Lowveld,19,2853.12,2483.74,3568.71,3097.85,2990.68,2980.65,2888.56,87,84,84,81,4.1858,7,0.1,0.14,7669,70,3013.4799,0,554.8455,84,16,0,LC,LC,LC,LC,LC,,LC,LC,LC,,LC,,,National status,,Likely not endemic,more than 10km from the coast,,WP,LC & WP,712,0.138,0.999,0.05,NOT,-33,-1.1,0%,0%,0%,0%,1%,99%,0%,0%,0%
South Africa,Tsitsikamma Sandstone Fynbos,Eastern Fynbos-Renosterveld Bioregion,Fynbos,FFs20,Sandstone Fynbos,23,2296.52,1577.4,2296.52,1656.43,1597.06,1577.49,1515.46,72,70,69,66,2.8195,9,0.2,0.15,3104,46,1501.0272,74.1132,721.4922,69,35,5,LC,LC,LC,LC,LC,LC,LC,LC,LC,,LC,,,Global & National status,,Endemic,Semi-Coastal Types,,WP,LC & WP,559,0.271,0.973,0.083,NOT,76,4.8,67%,0%,0%,0%,0%,0%,0%,0%,33%
South Africa,Tsomo Grassland,Sub-Escarpment Grassland Bioregion,Grassland,Gs15,Sub-Escarpment Grassland,23,6137.24,3739.96,6137.24,3958.06,3806.24,3739.96,3568.6,64,62,61,58,7.7892,10,0.2,0.16,13539,124,3740.2965,0.1368,2396.8269,61,39,0,LC,LC,LC,LC,,LC,LC,LC,LC,,LC,,,Global & National status,,Endemic,more than 10km from the coast,,NP,LC & NP,480,0.597,0.999,0.162,NOT,0,0,100%,0%,0%,0%,0%,0%,0%,0%,0%
South Africa,Tzaneen Sour Bushveld,Lowveld Bioregion,Savanna,SVl8,Moist Sour Lowveld,19,3399.51,1789.1,3399.51,1995.32,1813.07,1789.85,1628.41,59,53,53,48,7.3382,18,0.4,0.38,9460,69,1789.0956,0,1610.4609,53,47,0,LC,LC,EN,LC,,,LC,LC,LC,,EN,B1(i),Restricted distribution & rate of loss,Global & National status,LC - EN (B1) RoL for B1,Endemic,more than 10km from the coast,,PP,EN & PP,244,0.694,0.997,0.174,NOT,1,0.1,0%,0%,0%,0%,100%,0%,0%,0%,0%
South Africa,uKhahlamba Basalt Grassland,Drakensberg Grassland Bioregion,Grassland,Gd7,High Altitude Grassland,27,1343.62,1342.24,1346.91,1346.04,1345.75,1345.46,1345,100,100,100,100,0.0209,0,0,0,8332,44,1339.0164,6.6852,1.2537,100,1,0,LC,LC,LC,LC,LC,,LC,LC,LC,,LC,,,Global & National status,,"Likely endemic to ZA, Ls, Sz",more than 10km from the coast,,WP,LC & WP,2001,0.001,0.435,0.004,NOT,6,0.4,2%,8%,0%,90%,0%,0%,0%,0%,0%
South Africa,Umdaus Mountains Succulent Shrubland,Richtersveld Bioregion,Succulent Karoo,SKr16,Namaqualand Klipkop,28,432.81,432.51,432.81,432.58,432.58,432.51,432.45,100,100,100,100,0.0025,0,0,0,606,11,432.5409,0,0.3006,100,0,0,LC,LC,LC,LC,,,LC,LC,LC,,LC,,,Global & National status,,Endemic,more than 10km from the coast,,NP,LC & NP,2001,0.02,0.02,0.001,NOT,0,0,0%,0%,0%,0%,0%,0%,0%,100%,0%
South Africa,Umtiza Forest Thicket,Albany Thicket,Albany Thicket,AT53,Thicket Forest Mosaics,19,27.09,16.86,27.09,19.5,17.58,16.87,14.8,72,65,62,55,0.0941,24,0.5,0.41,42,3,16.8588,0,10.2393,62,38,0,LC,LC,CR,EN,,LC,LC,LC,CR,Restricted distribution & rate of loss,CR,B1(i),Restricted distribution & rate of loss,Global & National status,,Endemic,Semi-Coastal Types,,MP,CR & MP,179,0.541,0.925,0.237,NOT,0,0,100%,0%,0%,0%,0%,0%,0%,0%,0%
South Africa,Uniondale Shale Renosterveld,Eastern Fynbos-Renosterveld Bioregion,Fynbos,FRs16,Shale Renosterveld,29,1347.79,1108.49,1347.79,1138.62,1121.72,1108.59,1085,84,83,82,81,1.0726,5,0.1,0.06,5879,47,1055.0097,1.926,290.8755,78,22,0,LC,LC,LC,LC,LC,LC,LC,LC,LC,,LC,,,Global & National status,,Endemic,more than 10km from the coast,,PP,LC & PP,1034,0.027,0.987,0.065,NOT,54,4.9,47%,0%,0%,0%,0%,0%,0%,0%,53%
South Africa,Upper Annisvlakte Succulent Shrubland,Richtersveld Bioregion,Succulent Karoo,SKr2,Lowland Vygieveld,28,192.11,191.49,192.12,191.76,191.72,191.65,191.56,100,100,100,100,0.0039,0,0,0,307,7,191.4921,0,0.6219,100,0,0,LC,LC,LC,LC,,,LC,LC,LC,,LC,,,Global & National status,,Endemic,more than 10km from the coast,,MP,LC & MP,2001,0.026,0.35,0.001,NOT,0,0,0%,0%,0%,0%,0%,0%,0%,100%,0%
South Africa,Upper Gariep Alluvial Vegetation,Alluvial Vegetation,Azonal Vegetation,AZa4,Alluvial Vegetation,31,1787.23,1257.06,1787.23,1359.56,1283.32,1257.51,1177.32,76,72,70,66,3.6449,13,0.3,0.23,43271,113,1257.0624,0,530.2188,70,30,0,LC,LC,LC,LC,,,LC,LC,LC,,LC,,,Global & National status,,Endemic,more than 10km from the coast,,PP,LC & PP,345,0.439,0.996,0.115,NOT,0,0,14%,22%,0%,0%,0%,0%,0%,64%,0%
South Africa,Upper Karoo Hardeveld,Upper Karoo Bioregion,Nama-Karoo,NKu2,Upper Karoo Hardeveld,21,11734.34,11709.77,11734.34,11715.49,11713,11709.85,11705.42,100,100,100,100,0.2013,0,0,0,97569,604,11675.349,2.5002,56.6775,100,1,0,LC,LC,LC,LC,LC,LC,LC,LC,LC,,LC,,,Global & National status,,Endemic,more than 10km from the coast,,PP,LC & PP,2001,0.005,0.212,0.003,NOT,35,0.3,10%,0%,0%,0%,0%,0%,0%,59%,31%
South Africa,Vaal Reefs Dolomite Sinkhole Woodland,Dry Highveld Grassland Bioregion,Grassland,Gh12,Dry Highveld Grassland,24,346.94,245.28,346.94,264.42,252.64,245.28,230.23,76,73,71,66,0.6838,13,0.3,0.19,410,10,245.3382,0,101.6217,71,29,0,LC,LC,LC,LC,,,LC,LC,LC,,LC,,,Global & National status,,Endemic,more than 10km from the coast,,NP,LC & NP,359,0.852,1,0.138,NOT,0,0,0%,14%,0%,0%,0%,0%,86%,0%,0%
South Africa,Vaalbos Rocky Shrubland,Eastern Kalahari Bushveld Bioregion,Savanna,SVk5,Western Central Bushveld,16,1457.81,1419.25,1457.81,1427.74,1422.06,1419.25,1412.58,98,98,97,97,0.3031,1,0,0.02,18726,100,1419.2703,0,38.5821,97,3,0,LC,LC,LC,LC,,,LC,LC,LC,,LC,,,Global & National status,,Endemic,more than 10km from the coast,,PP,LC & PP,2001,0.28,0.999,0.018,NOT,0,0,0%,19%,0%,0%,0%,0%,0%,81%,0%
South Africa,Vaal-Vet Sandy Grassland,Dry Highveld Grassland Bioregion,Grassland,Gh10,Dry Highveld Grassland,24,22843.76,6331.64,22843.82,7470.78,6611.68,6331.64,5436.6,33,29,28,24,40.6835,27,0.5,0.48,51308,364,6332.8599,0,16510.8996,28,72,0,LC,EN,LC,LC,,,LC,LC,EN,A3,EN,A3,Historical decline in extent (national  data),Global & National status,,Endemic,more than 10km from the coast,,NP,EN & NP,156,0.04,0.701,0.279,NOT,-1,0,0%,65%,0%,0%,0%,0%,35%,0%,0%
South Africa,Vanrhynsdorp Gannabosveld,Knersvlakte Bioregion,Succulent Karoo,SKk5,Gannabosveld,28,988.53,834.92,988.53,858.47,841.09,834.92,816.42,87,85,84,83,0.841,5,0.1,0.08,4003,36,815.6313,1.6803,171.3015,83,17,0,LC,LC,LC,LC,LC,LC,LC,LC,LC,,LC,,,Global & National status,,Endemic,more than 10km from the coast,,NP,LC & NP,993,0.1,0.948,0.032,NOT,19,2.3,0%,0%,0%,0%,0%,0%,0%,5%,95%
South Africa,Vanrhynsdorp Shale Renosterveld,Karoo Renosterveld Bioregion,Fynbos,FRs1,Shale Renosterveld,27,207.27,196.34,207.27,200.26,196.92,196.34,193.25,97,95,95,93,0.1402,3,0.1,0.07,2141,20,195.9642,2.6613,8.7165,96,5,1,LC,LC,LC,LC,LC,LC,LC,LC,LC,,LC,,,Global & National status,,Endemic,more than 10km from the coast,,PP,LC & PP,1401,0.075,0.927,0.048,NOT,0,0,0%,0%,0%,0%,0%,0%,0%,21%,79%
South Africa,Vanstadens Forest Thicket,Albany Thicket,Albany Thicket,AT54,Thicket Forest Mosaics,19,187.74,184.98,187.74,185.64,185.11,184.98,184.46,99,99,99,98,0.0236,1,0,0.01,3519,17,184.9914,0.0351,2.8233,98,2,0,LC,LC,LC,LC,,LC,LC,LC,LC,,LC,,,Global & National status,,Endemic,less than 5% of extent within 10km of coast,,WP,LC & WP,2001,0.236,0.342,0.013,NOT,0,0,100%,0%,0%,0%,0%,0%,0%,0%,0%
South Africa,VhaVenda Miombo,Central Bushveld Bioregion,Savanna,SVcb22,Moist Sour Lowveld,36,0.33,0.31,0.34,0.32,0.32,0.32,0.32,94,94,94,94,0,1,0,0.01,0,0,0.3123,0,0.0225,93,7,0,LC,LC,LC,LC,,,LC,LC,LC,,LC,,,Global & National status,,Endemic,more than 10km from the coast,,WP,LC & WP,2001,0.057,0.527,0.073,NOT,0,0,0%,0%,0%,0%,100%,0%,0%,0%,0%
South Africa,Vredefort Dome Granite Grassland,Dry Highveld Grassland Bioregion,Grassland,Gh11,Dry Highveld Grassland,24,921.57,424.76,921.57,477.13,438.35,424.81,383.71,52,48,46,42,1.8683,20,0.4,0.34,1668,20,424.7622,0,496.8117,46,54,0,LC,VU,CR,EN,,,LC,LC,VU,A3,CR,B1(i),Restricted distribution & rate of loss,Global & National status,VU - CR (B1) RoL for B1,Endemic,more than 10km from the coast,,NP,CR & NP,227,0.695,1,0.237,NOT,0,0,0%,94%,0%,0%,0%,0%,6%,0%,0%
South Africa,Vyftienmyl se Berge Succulent Shrubland,Richtersveld Bioregion,Succulent Karoo,SKr5,Namaqualand Klipkop,28,18.37,18.37,18.37,18.37,18.37,18.37,18.37,100,100,100,100,0,0,0,0,19,2,18.3825,0,0,100,0,0,LC,LC,LC,LC,,,LC,LC,LC,,LC,,,Global & National status,,Endemic,more than 10km from the coast,,WP,LC & WP,2001,0.023,0.023,0,NOT,0,0,0%,0%,0%,0%,0%,0%,0%,100%,0%
South Africa,Wakkerstroom Montane Grassland,Mesic Highveld Grassland Bioregion,Grassland,Gm14,High Altitude Grassland,27,3750.37,2989.76,3750.4,3144.4,3053.3,2989.78,2868.29,84,81,80,76,5.5221,9,0.2,0.12,7426,67,3228.102,12.3147,509.9553,86,14,0,LC,LC,LC,LC,LC,,LC,LC,LC,,LC,,,Global & National status,,Endemic,more than 10km from the coast,,PP,LC & PP,541,0.225,0.996,0.093,NOT,-238,-8,0%,0%,0%,37%,0%,63%,0%,0%,0%
South Africa,Waterberg Mountain Bushveld,Central Bushveld Bioregion,Savanna,SVcb17,Central Bushveld,24,8823.54,8187.27,8823.54,8267.38,8204.37,8187.27,8124.32,94,93,93,92,2.8612,2,0,0.03,20242,181,8187.3414,0,636.3819,93,7,0,LC,LC,LC,LC,,,LC,LC,LC,,LC,,,Global & National status,,Endemic,more than 10km from the coast,,MP,LC & MP,2001,0.09,0.579,0.03,NOT,0,0,0%,0%,0%,0%,100%,0%,0%,0%,0%
South Africa,Waterberg-Magaliesberg Summit Sourveld,Mesic Highveld Grassland Bioregion,Grassland,Gm29,High Altitude Grassland,24,525.82,507.43,525.9,509.34,508.2,507.5,506.05,97,97,97,96,0.0659,1,0,0.01,14873,38,507.4272,0,18.3933,97,3,0,LC,LC,LC,LC,,,LC,LC,LC,,LC,,,Global & National status,,Endemic,more than 10km from the coast,,WP,LC & WP,2001,0.072,0.989,0.015,NOT,0,0,0%,0%,1%,0%,95%,0%,4%,0%,0%
South Africa,Western Altimontane Sandstone Fynbos,Northwest Fynbos Bioregion,Fynbos,FFs30,Sandstone Fynbos,29,37.52,37.49,37.52,37.52,37.52,37.49,37.45,100,100,100,100,0.0014,0,0,0,4692,10,37.1133,0.3186,0.0936,100,1,1,LC,LC,LC,LC,LC,LC,LC,LC,LC,,LC,,,Global & National status,,Endemic,more than 10km from the coast,,WP,LC & WP,2001,0.01,0.188,0,NOT,0,0,0%,0%,0%,0%,0%,0%,0%,0%,100%
South Africa,Western Bushmanland Klipveld,Trans-Escarpment Succulent Karoo Bioregion,Succulent Karoo,SKt1,Upland Vygieveld,18,101.76,101.67,101.79,101.78,101.78,101.71,101.65,100,100,100,100,0.0026,0,0,0,867,7,101.6703,0,0.0873,100,0,0,LC,LC,LC,LC,,,LC,LC,LC,,LC,,,Global & National status,,Endemic,more than 10km from the coast,,NP,LC & NP,2001,0.013,0.013,0,NOT,0,0,0%,0%,0%,0%,0%,0%,0%,100%,0%
South Africa,Western Coastal Shale Band Vegetation,Southwest Fynbos Bioregion,Fynbos,FFb2,Shale Fynbos,30,134.43,128.33,134.43,129.23,128.76,128.36,127.68,96,96,95,95,0.031,1,0,0.02,13019,47,125.2449,2.5569,6.6429,95,7,2,LC,LC,LC,LC,LC,LC,EN,VU,LC,,EN,B1(iii),Restricted distribution & threatening processes,Global & National status,LC - EN (B1s) species data,Endemic,5-20% of extent within 10km of coast,,WP,EN & WP,2001,0.011,0.596,0.016,NOT,3,2.3,0%,0%,0%,0%,0%,0%,0%,0%,100%
South Africa,Western Free State Clay Grassland,Dry Highveld Grassland Bioregion,Grassland,Gh9,Dry Highveld Grassland,24,7074.38,5354.35,7074.41,5532.15,5408.98,5354.99,5215.8,78,76,76,74,6.327,6,0.1,0.09,15394,121,5354.3493,0,1720.0314,76,24,0,LC,LC,LC,LC,,,LC,LC,LC,,LC,,,Global & National status,,Endemic,more than 10km from the coast,,PP,LC & PP,846,0.281,0.999,0.081,NOT,1,0,0%,100%,0%,0%,0%,0%,0%,0%,0%
South Africa,Western Gariep Hills Desert,Southern Namib Desert Bioregion,Desert,Dn5,Coastal Desert,28,418.27,385.8,418.27,392.31,389.84,385.88,380.82,94,93,92,91,0.2296,3,0.1,0.03,835,12,385.8003,0,32.4657,92,8,0,LC,LC,LC,LC,,,LC,LC,LC,,LC,,,National status,,Likely not endemic,more than 10km from the coast,,PP,LC & PP,1680,0.091,0.989,0.016,NOT,0,0,0%,0%,0%,0%,0%,0%,0%,100%,0%
South Africa,Western Gariep Lowland Desert,Southern Namib Desert Bioregion,Desert,Dn4,Lowland Desert,28,217.01,196.33,217.01,201.06,200.72,196.56,193.03,93,92,91,89,0.1605,4,0.1,0.01,379,8,196.326,0,20.7027,90,10,0,LC,LC,LC,LC,,,LC,LC,LC,,LC,,,National status,,Likely not endemic,more than 10km from the coast,,NP,LC & NP,1225,0.375,0.965,0.016,NOT,0,0,0%,0%,0%,0%,0%,0%,0%,100%,0%
South Africa,Western Gariep Plains Desert,Southern Namib Desert Bioregion,Desert,Dn3,Plains Desert,28,139.93,123.99,139.93,127.49,126.92,123.99,121.24,91,91,89,87,0.1248,5,0.1,0.02,263,5,124.0578,0,15.8769,89,11,0,LC,LC,LC,LC,,,LC,LC,LC,,LC,,,National status,,Likely not endemic,Coastal Types,,NP,LC & NP,993,0.117,0.965,0.038,NOT,0,0,0%,0%,0%,0%,0%,0%,0%,100%,0%
South Africa,Western Gwarrieveld,Albany Thicket,Albany Thicket,AT55,Thicket Nama and Succulent Karoo Mosaics,19,760.35,743.77,760.35,749.43,746.62,743.78,739.34,99,98,98,97,0.2019,1,0,0.02,1681,20,702.3294,1.6272,56.3958,93,8,0,LC,LC,LC,LC,LC,LC,LC,LC,LC,,LC,,,Global & National status,,Endemic,more than 10km from the coast,,PP,LC & PP,2001,0.133,0.957,0.017,NOT,41,5.5,0%,0%,0%,0%,0%,0%,0%,0%,100%
South Africa,Western Highveld Sandy Grassland,Dry Highveld Grassland Bioregion,Grassland,Gh14,Dry Highveld Grassland,24,8592.24,1522.67,8592.24,1860.73,1607.35,1522.67,1257.05,22,19,18,15,12.0736,32,0.6,0.57,14385,132,1523.2005,0,7069.1436,18,82,0,VU,EN,EN,LC,,,LC,LC,EN,"A3,B1",EN,"A3, B1(i)","Historical decline in extent (national data), Restricted distribution & rate of loss",Global & National status,,Endemic,more than 10km from the coast,,NP,EN & NP,126,0.975,1,0.361,FRAG_MHIGH,-1,-0.1,0%,0%,0%,0%,0%,0%,100%,0%,0%
South Africa,Western Little Karoo,Rainshadow Valley Karoo Bioregion,Succulent Karoo,SKv8,Little Karoo,16,4108.95,3943.82,4109.03,3974.32,3959.04,3943.96,3920.11,97,96,96,95,1.0842,1,0,0.02,10251,93,3776.913,15.3639,316.6704,92,8,0,LC,LC,LC,LC,LC,LC,LC,LC,LC,,LC,,,Global & National status,,Endemic,more than 10km from the coast,,MP,LC & MP,2001,0.035,0.991,0.024,NOT,167,4.2,0%,0%,0%,0%,0%,0%,0%,0%,100%
South Africa,Western Maputaland Clay Bushveld,Lowveld Bioregion,Savanna,SVl20,Arid Lowveld,19,1644.87,662.94,1644.97,877.1,695.16,663.18,495.1,53,42,40,30,7.6401,44,0.9,0.87,5135,49,874.7316,165.5208,604.6974,63,47,16,VU,VU,EN,VU,LC,,LC,LC,EN,Restricted distribution & rate of loss,EN,B1(i),Restricted distribution & rate of loss,National status,,Likely not endemic,more than 10km from the coast,,MP,EN & MP,87,0.875,0.998,0.298,NOT,-212,-32,0%,0%,0%,100%,0%,0%,0%,0%,0%
South Africa,Western Maputaland Sandy Bushveld,Lowveld Bioregion,Savanna,SVl19,Arid Lowveld,19,152.95,83.75,152.95,97.45,88.15,83.75,72.99,64,58,55,48,0.4892,25,0.5,0.4,765,8,117.6138,5.8635,29.4786,81,23,5,LC,LC,CR,EN,LC,,LC,LC,LC,"B1,B2",CR,B1(i),Restricted distribution & rate of loss,National status,LC - CR (B1) RoL for B1,Unsure - needs research,more than 10km from the coast,,WP,CR & WP,171,0.796,0.991,0.222,NOT,-34,-40.6,0%,0%,0%,100%,0%,0%,0%,0%,0%
South Africa,Western Ruens Shale Renosterveld,East Coast Renosterveld Bioregion,Fynbos,FRs11,Shale Renosterveld,27,1193.65,159.17,1193.65,233.94,184.93,159.23,100.52,20,15,13,8,2.6685,57,1.1,0.87,1841,25,81.4743,72.1458,1040.0643,13,93,47,EN,EN,CR,VU,EN,EN,CR,VU,CR,"B1B1thrsp_inv,B1thrsp_ovgr",CR,"B1(i), B1(iii)",Restricted distribution & rate of loss & threatening processes,Global & National status,,Endemic,more than 10km from the coast,,NP,CR & NP,60,0.98,1,0.598,FRAG_VHIGH,78,49,0%,0%,0%,0%,0%,0%,0%,0%,100%
South Africa,Western Sandy Bushveld,Central Bushveld Bioregion,Savanna,SVcb16,Central Bushveld,19,6494.11,6010.17,6494.14,6089.92,6026.36,6010.17,5947.51,94,93,93,92,2.8483,2,0,0.04,15561,131,6010.3143,0,483.795,93,7,0,LC,LC,LC,LC,,,LC,LC,LC,,LC,,,National status,,Unsure - needs research,more than 10km from the coast,,WP,LC & WP,2001,0.069,0.997,0.031,NOT,0,0,0%,0%,0%,0%,84%,0%,16%,0%,0%
South Africa,Western Upper Karoo,Upper Karoo Bioregion,Nama-Karoo,NKu1,Arid Western Upper Karoo,21,17149.4,17006.32,17149.4,17025.92,17017.89,17006.87,16991.89,99,99,99,99,0.6806,0,0,0,27559,249,16987.968,13.284,148.3452,99,1,0,LC,LC,LC,LC,,,LC,LC,LC,,LC,,,Global & National status,,Endemic,more than 10km from the coast,,NP,LC & NP,2001,0.013,0.967,0.006,NOT,19,0.1,0%,0%,0%,0%,0%,0%,0%,97%,3%
South Africa,Willowmore Gwarrieveld,Albany Thicket,Albany Thicket,AT58,Thicket Nama and Succulent Karoo Mosaics,19,2252.31,2225.99,2252.31,2231.49,2228.14,2226.12,2221.91,99,99,99,99,0.1917,0,0,0.01,7208,69,2211.2289,2.5641,38.5353,98,2,0,LC,LC,LC,LC,LC,LC,LC,LC,LC,,LC,,,Global & National status,,Endemic,more than 10km from the coast,,NP,LC & NP,2001,0.033,0.86,0.013,NOT,15,0.7,82%,0%,0%,0%,0%,0%,0%,0%,18%
South Africa,Winburg Grassy Shrubland,Dry Highveld Grassland Bioregion,Grassland,Gh7,Dry Highveld Grassland,28,1571.96,1295.9,1571.96,1335.97,1312.65,1295.9,1264.43,85,84,82,80,1.4308,5,0.1,0.07,22896,110,1296.2574,0,275.8167,82,18,0,LC,LC,LC,LC,,,LC,LC,LC,,LC,,,Global & National status,,Endemic,more than 10km from the coast,,PP,LC & PP,906,0.181,0.95,0.074,NOT,0,0,0%,100%,0%,0%,0%,0%,0%,0%,0%
South Africa,Winterhoek Sandstone Fynbos,Northwest Fynbos Bioregion,Fynbos,FFs5,Sandstone Fynbos,29,1135.96,1052.25,1135.96,1065.99,1059.38,1052.74,1042.33,94,93,93,92,0.4733,2,0,0.03,2223,30,1062.1188,3.4416,70.4079,94,7,0,LC,LC,LC,LC,LC,LC,LC,LC,LC,,LC,,,Global & National status,,Endemic,more than 10km from the coast,,WP,LC & WP,2001,0.071,0.992,0.03,NOT,-9,-0.9,0%,0%,0%,0%,0%,0%,0%,0%,100%
South Africa,Wolkberg Dolomite Grassland,Mesic Highveld Grassland Bioregion,Grassland,Gm26,High Altitude Grassland,27,260.59,242.8,260.59,245.32,244.35,242.8,240.81,94,94,93,92,0.0903,2,0,0.02,1108,13,242.8119,0,17.829,93,7,0,LC,LC,LC,LC,,,LC,LC,LC,,LC,,,Global & National status,,Endemic,more than 10km from the coast,,WP,LC & WP,2001,0.098,0.886,0.017,NOT,0,0,0%,0%,0%,0%,100%,0%,0%,0%,0%
South Africa,Woodbush Granite Grassland,Mesic Highveld Grassland Bioregion,Grassland,Gm25,High Altitude Grassland,27,430.59,107.4,430.59,130.27,117.55,107.56,89.71,30,27,25,21,0.8112,31,0.6,0.41,876,12,107.4024,0,323.2332,25,75,0,VU,EN,CR,EN,,,LC,LC,CR,Restricted distribution & rate of loss,CR,B1(i),Restricted distribution & rate of loss,Global & National status,,Endemic,more than 10km from the coast,,PP,CR & PP,133,0.951,0.998,0.287,NOT,0,0,0%,0%,0%,0%,100%,0%,0%,0%,0%
South Africa,Xhariep Karroid Grassland,Dry Highveld Grassland Bioregion,Grassland,Gh3,Dry Highveld Grassland,24,13392.35,12392.38,13392.49,12562.28,12452.58,12392.94,12259.88,94,93,93,92,6.0479,2,0,0.04,22548,204,12392.3844,0,999.9639,93,7,0,LC,LC,LC,LC,,,LC,LC,LC,,LC,,,Global & National status,,Endemic,more than 10km from the coast,,PP,LC & PP,2001,0.07,0.993,0.04,NOT,1,0,0%,100%,0%,0%,0%,0%,0%,0%,0%
South Africa,Zastron Moist Grassland,Mesic Highveld Grassland Bioregion,Grassland,Gm1,Mesic Highveld Grassland,24,3571.14,2451.22,4268.06,2882.41,2761.65,2730.91,2611.88,68,65,64,61,5.4107,9,0.2,0.17,11899,94,2730.7899,0,1537.3269,64,36,0,LC,LC,LC,LC,,LC,LC,LC,LC,,LC,,,Global & National status,,"Likely endemic to ZA, Ls, Sz",more than 10km from the coast,,NP,LC & NP,505,0.432,0.999,0.246,NOT,0,0,42%,58%,0%,0%,0%,0%,0%,0%,0%
South Africa,Zeerust Thornveld,Central Bushveld Bioregion,Savanna,SVcb3,Central Bushveld,19,4128.03,2852.04,4128.1,2999.34,2885.15,2852.04,2736.31,73,70,69,66,5.2605,9,0.2,0.16,9342,84,2852.1702,0,1275.8589,69,31,0,LC,LC,LC,LC,,,LC,LC,LC,,LC,,,National status,,Likely not endemic,more than 10km from the coast,,PP,LC & PP,542,0.387,1,0.144,NOT,0,0,0%,0%,0%,0%,0%,0%,100%,0%,0%
South Africa,Zululand Coastal Thornveld,Lowveld Bioregion,Savanna,SVl24,Arid Lowveld,19,694.62,185.28,694.62,234.58,196.78,185.46,146.87,34,28,27,21,1.754,37,0.7,0.67,910,16,336.4398,131.5998,226.611,67,52,28,VU,EN,CR,EN,LC,,LC,LC,CR,Restricted distribution & rate of loss,CR,B1(i),Restricted distribution & rate of loss,Global & National status,,Endemic,more than 10km from the coast,,NP,CR & NP,106,0.97,1,0.476,FRAG_HIGH,-151,-81.4,0%,0%,0%,100%,0%,0%,0%,0%,0%
South Africa,Zululand Lowveld,Lowveld Bioregion,Savanna,SVl23,Arid Lowveld,19,7094.52,4537.45,8564.75,6106.88,5825.29,5744.11,5459.08,71,68,67,64,12.9559,11,0.2,0.19,26998,153,6228.0585,712.836,1623.6774,81,27,10,LC,LC,LC,LC,LC,,LC,LC,LC,,LC,,,National status,,Unsure - needs research,more than 10km from the coast,,MP,LC & MP,443,0.678,0.998,0.144,NOT,-484,-8.4,0%,0%,0%,95%,0%,5%,0%,0%,0%
,,,,, ,,,,,,,,,,,,,,,,,,,,,,,,,,,,,,,,,,,,,,,,,,,,,,,,,,,,,,,,,,,,
